<?xml version="1.0" encoding="utf-8" ?>
<kml xmlns="http://www.opengis.net/kml/2.2">
<Document id="root_doc">
<Schema name="Route" id="Route">
	<SimpleField name="fid" type="float"></SimpleField>
	<SimpleField name="duracion" type="float"></SimpleField>
	<SimpleField name="inicio_local" type="string"></SimpleField>
	<SimpleField name="fin_local" type="string"></SimpleField>
	<SimpleField name="nombre" type="string"></SimpleField>
	<SimpleField name="descrip" type="string"></SimpleField>
</Schema>
<Folder><name>Route</name>
  <Placemark id="Route.1">
	<name>14 julio (est)</name>
	<description>&lt;b&gt;Descripción:&lt;/b&gt; Ida&lt;br&gt;&lt;b&gt;Inicio:&lt;/b&gt; 2007-07-14 13:00:00&lt;br&gt;&lt;b&gt;Fin:&lt;/b&gt; 2007-07-14 16:00:00&lt;br&gt;&lt;b&gt;Duración:&lt;/b&gt; 3 horas&lt;br&gt;</description>
	<Style><LineStyle><color>FF2ca033</color><width>4.25196</width></LineStyle><PolyStyle><fill>0</fill></PolyStyle></Style>
	<ExtendedData><SchemaData schemaUrl="#Route">
		<SimpleData name="fid">10</SimpleData>
		<SimpleData name="duracion">3</SimpleData>
		<SimpleData name="inicio_local">2007-07-14 13:00:00</SimpleData>
		<SimpleData name="fin_local">2007-07-14 16:00:00</SimpleData>
		<SimpleData name="nombre">14 julio (est)</SimpleData>
		<SimpleData name="descrip">Ida</SimpleData>
	</SchemaData></ExtendedData>
      <MultiGeometry><LineString><coordinates>-72.9362026984176,-15.2184625624587 -72.9362592628846,-15.2183796012403 -72.9363177128339,-15.2183777157581 -72.9364440401437,-15.2184644479409 -72.9365251158798,-15.2184644479409 -72.9365665964889,-15.2184286237784 -72.9366363593316,-15.218449364083 -72.9367702285703,-15.2184323947429 -72.9367909688749,-15.2184851882455 -72.9369229526314,-15.2186982477381 -72.9370473944589,-15.2188396589057 -72.9371888056266,-15.2188867959616 -72.9373566135455,-15.2188886814438 -72.9374980247131,-15.2188377734235 -72.9376450923275,-15.218801949261 -72.9376828019722,-15.2187472702762 -72.9378751211601,-15.2187661250985 -72.9380938370994,-15.2187566976873 -72.9382371337493,-15.2189131927129 -72.9383370643078,-15.2189772991089 -72.9387273591304,-15.2190866570785 -72.9388216332422,-15.2190715732206 -72.938883854156,-15.2190791151496 -72.9389064799428,-15.219058374845 -72.9389988685723,-15.2190678022561 -72.9390196088769,-15.2190376345404 -72.9390516620749,-15.2190489474338 -72.9392364393339,-15.2193166859112 -72.939260950603,-15.2193336552513 -72.9393401408569,-15.2193185713934 -72.939349568268,-15.219211098906 -72.9392703780142,-15.2190715732206 -72.9393457973036,-15.2189980394134 -72.9394589262377,-15.2189791845911 -72.9395645132429,-15.2190150087536 -72.9395871390297,-15.2191319086521 -72.9395136052225,-15.219346853627 -72.939517376187,-15.2194166164697 -72.9395795971007,-15.2194448987032 -72.9396173067454,-15.2193694794138 -72.939677642177,-15.2191658473324 -72.9398096259334,-15.2189320475352 -72.9398435646137,-15.2187321864183 -72.9398397936492,-15.2185662639816 -72.9397606033953,-15.2185285543369 -72.939670100248,-15.2185474091592 -72.9395645132428,-15.2186115155552 -72.9395305745626,-15.2185662639816 -72.9399416096899,-15.2181326030675 -72.9401075321266,-15.2179252000216 -72.9402357449186,-15.217631064793 -72.9404110947665,-15.2171464958585 -72.9404544608579,-15.2170446798178 -72.9404431479645,-15.2169749169751 -72.9404181653248,-15.2169405069243 -72.9398374367964,-15.2163824041827 -72.9398600625832,-15.2162315656039 -72.940395539538,-15.2157564240806 -72.9406142554773,-15.2154698307809 -72.9413835322293,-15.2148287668209 -72.9415249433969,-15.2146496460086 -72.9416324158843,-15.2146383331152 -72.9416720110112,-15.2146006234705 -72.941702178727,-15.214500692912 -72.9417738270519,-15.214436586516 -72.9419359785241,-15.2143781365667 -72.9421358396411,-15.2143291140286 -72.9422791362909,-15.2142555802215 -72.9425129360881,-15.2141217109828 -72.9425958973065,-15.2140519481401 -72.9427241100985,-15.2139237353481 -72.9428480805554,-15.2138530297643 -72.9429555530428,-15.2136894641804 -72.9429579098956,-15.2136574109824 -72.9429282135504,-15.2136211154493 -72.942912658322,-15.2135711501701 -72.9429117155808,-15.2135277840787 -72.9433887425863,-15.2128301556517 -72.9439176203533,-15.2121683513871 -72.9442372095922,-15.2117384614375 -72.9442947168003,-15.2116837824527 -72.9444408416736,-15.211597993011 -72.944620905227,-15.2114716657013 -72.9447953123338,-15.2113274263103 -72.9449668912172,-15.2112152401173 -72.9452827094916,-15.2109927532135 -72.9456522640097,-15.2107042744315 -72.9457823622839,-15.2105543785938 -72.9462056530457,-15.2100999773752 -72.9464290826905,-15.2098350671211 -72.9468844266503,-15.2092392547348 -72.9471097417774,-15.2090309089478 -72.9474133044173,-15.2088282196076 -72.9476970694937,-15.208567080318 -72.9479534950777,-15.208463378795 -72.9480864215753,-15.2084011578813 -72.9482155771084,-15.2083823030589 -72.9483496798227,-15.2083831782304</coordinates></LineString></MultiGeometry>
  </Placemark>
  <Placemark id="Route.2">
	<name>15 julio</name>
	<description>&lt;b&gt;Descripción:&lt;/b&gt; Ida&lt;br&gt;&lt;b&gt;Inicio:&lt;/b&gt; 2007-07-15 06:04:55&lt;br&gt;&lt;b&gt;Fin:&lt;/b&gt; 2007-07-15 09:16:19&lt;br&gt;&lt;b&gt;Duración:&lt;/b&gt; 3.2 horas&lt;br&gt;</description>
	<Style><LineStyle><color>FF2ca033</color><width>4.25196</width></LineStyle><PolyStyle><fill>0</fill></PolyStyle></Style>
	<ExtendedData><SchemaData schemaUrl="#Route">
		<SimpleData name="fid">8</SimpleData>
		<SimpleData name="duracion">3.19</SimpleData>
		<SimpleData name="inicio_local">2007-07-15 06:04:55</SimpleData>
		<SimpleData name="fin_local">2007-07-15 09:16:19</SimpleData>
		<SimpleData name="nombre">15 julio</SimpleData>
		<SimpleData name="descrip">Ida</SimpleData>
	</SchemaData></ExtendedData>
      <MultiGeometry><LineString><coordinates>-72.9483496798227,-15.2083831782304 -72.948452,-15.208352 -72.94846,-15.208337 -72.948487,-15.208325 -72.948491,-15.208308 -72.948511,-15.208294 -72.948528,-15.208292 -72.948566,-15.208238 -72.948603,-15.208216 -72.948638,-15.208164 -72.948677,-15.208135 -72.948723,-15.208089 -72.948765,-15.208033 -72.948785,-15.208022 -72.94879,-15.207989 -72.948818,-15.207972 -72.94884,-15.207938 -72.948863,-15.207916 -72.948956,-15.207866 -72.949024,-15.207815 -72.949029,-15.207799 -72.949045,-15.207791 -72.949139,-15.207777 -72.949165,-15.207748 -72.949195,-15.207728 -72.949228,-15.207719 -72.949279,-15.207678 -72.949348,-15.207642 -72.949359,-15.207628 -72.949445,-15.207597 -72.949557,-15.207539 -72.949626,-15.207486 -72.949629,-15.207466 -72.94964,-15.207452 -72.94969,-15.207413 -72.949699,-15.207388 -72.94972,-15.207372 -72.949757,-15.207309 -72.949757,-15.207291 -72.949768,-15.207271 -72.949809,-15.207233 -72.949823,-15.207199 -72.949841,-15.207181 -72.949847,-15.207133 -72.949866,-15.207104 -72.949898,-15.207018 -72.949952,-15.206957 -72.949975,-15.206917 -72.950015,-15.206883 -72.95005,-15.206833 -72.95006,-15.206803 -72.950154,-15.20672 -72.950168,-15.206666 -72.950187,-15.206638 -72.950222,-15.206609 -72.950238,-15.206578 -72.950302,-15.206535 -72.950315,-15.206513 -72.950324,-15.206507 -72.950336,-15.206498 -72.950314,-15.206504 -72.95033,-15.206477 -72.95034,-15.206375 -72.950336,-15.206313 -72.950375,-15.2063 -72.950393,-15.206301 -72.950405,-15.206291 -72.950432,-15.20624 -72.950449,-15.206233 -72.950465,-15.206214 -72.95047,-15.206196 -72.950512,-15.206193 -72.950518,-15.206151 -72.950598,-15.206109 -72.950608,-15.206084 -72.950647,-15.206075 -72.950678,-15.206044 -72.950719,-15.205957 -72.950727,-15.205952 -72.950738,-15.205907 -72.950769,-15.205889 -72.950775,-15.205866 -72.950827,-15.2058 -72.950831,-15.205765 -72.95099,-15.20566 -72.951038,-15.2056 -72.951043,-15.205535 -72.951031,-15.205494 -72.950977,-15.205452 -72.95092,-15.205438 -72.950927,-15.205426 -72.950862,-15.205427 -72.950841,-15.205431 -72.950785,-15.205461 -72.950729,-15.205464 -72.950672,-15.205506 -72.950598,-15.205515 -72.950562,-15.205512 -72.950541,-15.205499 -72.950519,-15.205498 -72.95048,-15.205501 -72.950446,-15.20553 -72.950387,-15.205541 -72.950338,-15.205524 -72.950328,-15.205532 -72.950292,-15.205533 -72.950265,-15.20557 -72.950235,-15.205562 -72.950202,-15.205578 -72.950194,-15.205589 -72.950137,-15.205601 -72.950115,-15.205618 -72.950081,-15.205629 -72.95005,-15.205663 -72.950012,-15.205664 -72.949901,-15.205713 -72.949846,-15.205728 -72.949806,-15.205732 -72.94972,-15.205726 -72.949645,-15.205701 -72.949579,-15.205692 -72.949542,-15.205714 -72.949464,-15.205677 -72.949409,-15.205666 -72.949404,-15.205646 -72.949432,-15.205601 -72.949421,-15.205575 -72.949439,-15.205554 -72.949505,-15.205562 -72.949531,-15.205549 -72.949605,-15.205566 -72.949628,-15.205554 -72.949652,-15.205518 -72.949681,-15.205494 -72.949722,-15.205468 -72.949746,-15.205466 -72.94979,-15.205421 -72.949831,-15.205435 -72.94986,-15.20542 -72.949876,-15.205406 -72.949887,-15.205361 -72.94992,-15.205315 -72.949951,-15.205294 -72.949972,-15.205247 -72.949976,-15.205212 -72.94999,-15.205195 -72.95005,-15.205156 -72.950091,-15.20514 -72.950119,-15.205115 -72.950142,-15.205079 -72.950191,-15.205051 -72.95023,-15.205069 -72.95029,-15.205013 -72.950324,-15.205 -72.95038,-15.204948 -72.950476,-15.204886 -72.950513,-15.204849 -72.95052,-15.204813 -72.950503,-15.204793 -72.950511,-15.204805 -72.950471,-15.204811 -72.950437,-15.204829 -72.950421,-15.204825 -72.950402,-15.20484 -72.95036,-15.204844 -72.950272,-15.204887 -72.950247,-15.204908 -72.950194,-15.204911 -72.950106,-15.204935 -72.950086,-15.204999 -72.95005,-15.205011 -72.950013,-15.205011 -72.949934,-15.205027 -72.949835,-15.20503 -72.949807,-15.205038 -72.949782,-15.205065 -72.949764,-15.205111 -72.949711,-15.205128 -72.94969,-15.20512 -72.949662,-15.205132 -72.949571,-15.205242 -72.949528,-15.205255 -72.949478,-15.205236 -72.94947,-15.205215 -72.949435,-15.205191 -72.949433,-15.205173 -72.949445,-15.205133 -72.949467,-15.205111 -72.949551,-15.205111 -72.949594,-15.205062 -72.949616,-15.205064 -72.949631,-15.205039 -72.949678,-15.204998 -72.949717,-15.20498 -72.949743,-15.204916 -72.949796,-15.204868 -72.949845,-15.204845 -72.949885,-15.204838 -72.949918,-15.204816 -72.949974,-15.204807 -72.950007,-15.204771 -72.950046,-15.204745 -72.950057,-15.204745 -72.950096,-15.204712 -72.950141,-15.204638 -72.950205,-15.204635 -72.950231,-15.204627 -72.950233,-15.204612 -72.950258,-15.204601 -72.950296,-15.204599 -72.950371,-15.204557 -72.950442,-15.204551 -72.950547,-15.20447 -72.950563,-15.204435 -72.950578,-15.20443 -72.950573,-15.204421 -72.950536,-15.204416 -72.950427,-15.204433 -72.950394,-15.204482 -72.95032,-15.20448 -72.950268,-15.204528 -72.950185,-15.20454 -72.950084,-15.204539 -72.95006,-15.204569 -72.950039,-15.204579 -72.94997,-15.204589 -72.949942,-15.204584 -72.949911,-15.204611 -72.949873,-15.204625 -72.949812,-15.204632 -72.949784,-15.204647 -72.949737,-15.204639 -72.949702,-15.204647 -72.949702,-15.20464 -72.949674,-15.204659 -72.949682,-15.204652 -72.94955,-15.20468 -72.94952,-15.204705 -72.949469,-15.204731 -72.949438,-15.204742 -72.949399,-15.204745 -72.949329,-15.204776 -72.949279,-15.204849 -72.949221,-15.20485 -72.949209,-15.204881 -72.949177,-15.204898 -72.949084,-15.204861 -72.94905,-15.204865 -72.948971,-15.204849 -72.94889,-15.204872 -72.948807,-15.204863 -72.94874,-15.204871 -72.948694,-15.204851 -72.948673,-15.204883 -72.948643,-15.204887 -72.948582,-15.204876 -72.948492,-15.204882 -72.948461,-15.204894 -72.948425,-15.204877 -72.948407,-15.204853 -72.948398,-15.204851 -72.948314,-15.20488 -72.948288,-15.204911 -72.948253,-15.204915 -72.948226,-15.204927 -72.948188,-15.204971 -72.948154,-15.204983 -72.948117,-15.204985 -72.947986,-15.204952 -72.94795,-15.204949 -72.94793,-15.204962 -72.947906,-15.20495 -72.947873,-15.204911 -72.947817,-15.204863 -72.94785,-15.204859 -72.947882,-15.204833 -72.947915,-15.204841 -72.947946,-15.204825 -72.948005,-15.204813 -72.948079,-15.204768 -72.948136,-15.204768 -72.948263,-15.204749 -72.948297,-15.204737 -72.948317,-15.204717 -72.948385,-15.204713 -72.948417,-15.204703 -72.948464,-15.20471 -72.948496,-15.20468 -72.948549,-15.204679 -72.948649,-15.20464 -72.948698,-15.204599 -72.94876,-15.204566 -72.948785,-15.20454 -72.948811,-15.204526 -72.948841,-15.204523 -72.948867,-15.204501 -72.948923,-15.204493 -72.94902,-15.204466 -72.949123,-15.204411 -72.949194,-15.204334 -72.949221,-15.204261 -72.949199,-15.204256 -72.949217,-15.204198 -72.949276,-15.204157 -72.949312,-15.204121 -72.949391,-15.204078 -72.94944,-15.204078 -72.949466,-15.204053 -72.949499,-15.204048 -72.949536,-15.204005 -72.949576,-15.203978 -72.949609,-15.203978 -72.949612,-15.203983 -72.949701,-15.203916 -72.949742,-15.203881 -72.949749,-15.203866 -72.949779,-15.203845 -72.949844,-15.203823 -72.94987,-15.203801 -72.949905,-15.203791 -72.949926,-15.203769 -72.949963,-15.203765 -72.949975,-15.203755 -72.949985,-15.20372 -72.950018,-15.203709 -72.950036,-15.203682 -72.95005,-15.203675 -72.950089,-15.203684 -72.950126,-15.203647 -72.95013,-15.203622 -72.9501,-15.20356 -72.950093,-15.203565 -72.950065,-15.203558 -72.950012,-15.203601 -72.949996,-15.203626 -72.949978,-15.203623 -72.949932,-15.203641 -72.949841,-15.203713 -72.949799,-15.203707 -72.949782,-15.203723 -72.949761,-15.203722 -72.949738,-15.203736 -72.9497,-15.203739 -72.949636,-15.203763 -72.949594,-15.203754 -72.949587,-15.203802 -72.949562,-15.203818 -72.949479,-15.203831 -72.949387,-15.203859 -72.949365,-15.203891 -72.949282,-15.203918 -72.949195,-15.203931 -72.949142,-15.203928 -72.94912,-15.20394 -72.949066,-15.204001 -72.949049,-15.20404 -72.949023,-15.20404 -72.949002,-15.204052 -72.948984,-15.204091 -72.948949,-15.204117 -72.948877,-15.204119 -72.94886,-15.20413 -72.948798,-15.204075 -72.9488,-15.204056 -72.94879,-15.204038 -72.948819,-15.203967 -72.948858,-15.203923 -72.948875,-15.203929 -72.948965,-15.203834 -72.948963,-15.203791 -72.948981,-15.203763 -72.949062,-15.203679 -72.949106,-15.203666 -72.949141,-15.203646 -72.949177,-15.203638 -72.949226,-15.203606 -72.949271,-15.203565 -72.949326,-15.203545 -72.949403,-15.203447 -72.949496,-15.203375 -72.949516,-15.203344 -72.949536,-15.203346 -72.949557,-15.20333 -72.949584,-15.203325 -72.949607,-15.203282 -72.949636,-15.203253 -72.949749,-15.20321 -72.94977,-15.203183 -72.949798,-15.203176 -72.949861,-15.203095 -72.949896,-15.203073 -72.94991,-15.203056 -72.949959,-15.203046 -72.949993,-15.203051 -72.95006,-15.203006 -72.950119,-15.203027 -72.950146,-15.203013 -72.950228,-15.203014 -72.950315,-15.202993 -72.950336,-15.203007 -72.950384,-15.203003 -72.950453,-15.203015 -72.9505,-15.203032 -72.950535,-15.203029 -72.950591,-15.203036 -72.950649,-15.203024 -72.950725,-15.203058 -72.950751,-15.203058 -72.950757,-15.203072 -72.950837,-15.203076 -72.950977,-15.203096 -72.951033,-15.203116 -72.951075,-15.203156 -72.951249,-15.20319 -72.951283,-15.203221 -72.951347,-15.203242 -72.951397,-15.203242 -72.95142,-15.203254 -72.951439,-15.203277 -72.951443,-15.203301 -72.951469,-15.203333 -72.951536,-15.203364 -72.951649,-15.203375 -72.951697,-15.203399 -72.951761,-15.20341 -72.951787,-15.203428 -72.95176,-15.203449 -72.951872,-15.203496 -72.951886,-15.203542 -72.951918,-15.203548 -72.951965,-15.203594 -72.952018,-15.203596 -72.952044,-15.203589 -72.952174,-15.203652 -72.952248,-15.203676 -72.952319,-15.203687 -72.952371,-15.20368 -72.95237,-15.203705 -72.952355,-15.203727 -72.952371,-15.203735 -72.952482,-15.203703 -72.952506,-15.203657 -72.952503,-15.203632 -72.952514,-15.203582 -72.952532,-15.20355 -72.952566,-15.203445 -72.952553,-15.203408 -72.952556,-15.203395 -72.952579,-15.203381 -72.952606,-15.203346 -72.952648,-15.203311 -72.952694,-15.203278 -72.952723,-15.203267 -72.952806,-15.203189 -72.952815,-15.203162 -72.952841,-15.203149 -72.952842,-15.203108 -72.952877,-15.203076 -72.95287,-15.20308 -72.952922,-15.203015 -72.952925,-15.202953 -72.952934,-15.202928 -72.952967,-15.202885 -72.953007,-15.202769 -72.953054,-15.202734 -72.95311,-15.202729 -72.953122,-15.202703 -72.95318,-15.202671 -72.953196,-15.202646 -72.953224,-15.202624 -72.953266,-15.202625 -72.953299,-15.202558 -72.953322,-15.202498 -72.953324,-15.202475 -72.953384,-15.202437 -72.953411,-15.202391 -72.953453,-15.202344 -72.953497,-15.202349 -72.953581,-15.202328 -72.95363,-15.202306 -72.95373,-15.202287 -72.953754,-15.202255 -72.953739,-15.202228 -72.953737,-15.202209 -72.953718,-15.202195 -72.95371,-15.202175 -72.953715,-15.202149 -72.953651,-15.202153 -72.953557,-15.202119 -72.953551,-15.20209 -72.953553,-15.202063 -72.95354,-15.201994 -72.953598,-15.201873 -72.953594,-15.201787 -72.953599,-15.201762 -72.953586,-15.201668 -72.953612,-15.201555 -72.953611,-15.201518 -72.9536,-15.201482 -72.953607,-15.201355 -72.953625,-15.201289 -72.953608,-15.201205 -72.953606,-15.201141 -72.953614,-15.201115 -72.953595,-15.201033 -72.953588,-15.200907 -72.953558,-15.200887 -72.953553,-15.200861 -72.953509,-15.200834 -72.953499,-15.200814 -72.953451,-15.200803 -72.953447,-15.200736 -72.953407,-15.200714 -72.95338,-15.200631 -72.95337,-15.200545 -72.953387,-15.200509 -72.953366,-15.200344 -72.953379,-15.20031 -72.953368,-15.200269 -72.953373,-15.200227 -72.953351,-15.200195 -72.953328,-15.200139 -72.953328,-15.200104 -72.953314,-15.200071 -72.953337,-15.200006 -72.953366,-15.19997 -72.953395,-15.199903 -72.953431,-15.19985 -72.953466,-15.199826 -72.953486,-15.199797 -72.953505,-15.199783 -72.953527,-15.199744 -72.953544,-15.199735 -72.953549,-15.199741 -72.95358,-15.199702 -72.953586,-15.199673 -72.953614,-15.199667 -72.953621,-15.199655 -72.953631,-15.199562 -72.953626,-15.199505 -72.953632,-15.199464 -72.953629,-15.199414 -72.953629,-15.199399 -72.953631,-15.199388 -72.953635,-15.199385 -72.953634,-15.199386 -72.953632,-15.199394 -72.953629,-15.19941 -72.953626,-15.19942 -72.953619,-15.199432 -72.953611,-15.199437 -72.953614,-15.199431 -72.953615,-15.19943 -72.953616,-15.199428 -72.953619,-15.199424 -72.95362,-15.199422 -72.953619,-15.199424 -72.953619,-15.199423 -72.953607,-15.199425 -72.953608,-15.199423 -72.953609,-15.199424 -72.953609,-15.199425 -72.953611,-15.199431 -72.953612,-15.19943 -72.953611,-15.199431 -72.953612,-15.19943 -72.953612,-15.19943 -72.953607,-15.199428 -72.953604,-15.199435 -72.953609,-15.199412 -72.953624,-15.199401 -72.953629,-15.199361 -72.953692,-15.199152 -72.953796,-15.199011 -72.953865,-15.198975 -72.953905,-15.198936 -72.95394,-15.19894 -72.953978,-15.19893 -72.954021,-15.198881 -72.954056,-15.198869 -72.95408,-15.198815 -72.954153,-15.198699 -72.954163,-15.198646 -72.954232,-15.198551 -72.954311,-15.198481 -72.954321,-15.198455 -72.954355,-15.198423 -72.954369,-15.198398 -72.954415,-15.198361 -72.954473,-15.198291 -72.954522,-15.198228 -72.954562,-15.198157 -72.954673,-15.19804 -72.954685,-15.198008 -72.95474,-15.197918 -72.954802,-15.197865 -72.954806,-15.197842 -72.954904,-15.1978 -72.954933,-15.197774 -72.955025,-15.197728 -72.955054,-15.197708 -72.955086,-15.197672 -72.955124,-15.197667 -72.955142,-15.197652 -72.955228,-15.197623 -72.955295,-15.197585 -72.955365,-15.197566 -72.95539,-15.197545 -72.955435,-15.197537 -72.955497,-15.197468 -72.955531,-15.197445 -72.955564,-15.197395 -72.955643,-15.197233 -72.955805,-15.197128 -72.95582,-15.197066 -72.955845,-15.197036 -72.955856,-15.196978 -72.955858,-15.196957 -72.955846,-15.196912 -72.955852,-15.19684 -72.955959,-15.196719 -72.955992,-15.196635 -72.956012,-15.19661 -72.956016,-15.196569 -72.956039,-15.196493 -72.956037,-15.19644 -72.956075,-15.196368 -72.956099,-15.19635 -72.956119,-15.196317 -72.956159,-15.196274 -72.956163,-15.196243 -72.956177,-15.196228 -72.956191,-15.196192 -72.956199,-15.196093 -72.956244,-15.196027 -72.956255,-15.195979 -72.956292,-15.195965 -72.956295,-15.195943 -72.95628,-15.195939 -72.956277,-15.19593 -72.956306,-15.195887 -72.956384,-15.195844 -72.956384,-15.195864 -72.956377,-15.195861 -72.956365,-15.195896 -72.956371,-15.19586 -72.956394,-15.195852 -72.956402,-15.195861 -72.956404,-15.195895 -72.956387,-15.195961 -72.956403,-15.196044 -72.956389,-15.196091 -72.956393,-15.196111 -72.956425,-15.196122 -72.956429,-15.19614 -72.956407,-15.196222 -72.956416,-15.19622 -72.956461,-15.196241 -72.956506,-15.196243 -72.95651,-15.196228 -72.956539,-15.196202 -72.956576,-15.196176 -72.956611,-15.196164 -72.956704,-15.196185 -72.95672,-15.196177 -72.956777,-15.196194 -72.956794,-15.196208 -72.95682,-15.196313 -72.956842,-15.196335 -72.956856,-15.196387 -72.956845,-15.196422 -72.956859,-15.196462 -72.956912,-15.196407 -72.956941,-15.196455 -72.956977,-15.196483 -72.957072,-15.196524 -72.957093,-15.196499 -72.957102,-15.19646 -72.957098,-15.196408 -72.957085,-15.196374 -72.957105,-15.196328 -72.957139,-15.196278 -72.957159,-15.1962 -72.957163,-15.196146 -72.957196,-15.196094 -72.957191,-15.196045 -72.957216,-15.195995 -72.957218,-15.196003 -72.957222,-15.195993 -72.95724,-15.195993 -72.957259,-15.196008 -72.957278,-15.196001 -72.95732,-15.196051 -72.957324,-15.196047 -72.957329,-15.196053 -72.957325,-15.196071 -72.957343,-15.19605 -72.957396,-15.196023 -72.957419,-15.196003 -72.957456,-15.195952 -72.957564,-15.195976 -72.957593,-15.195956 -72.957667,-15.195976 -72.957676,-15.195969 -72.957675,-15.195974 -72.957715,-15.195997 -72.957813,-15.196027 -72.957854,-15.196034 -72.957861,-15.196025 -72.957864,-15.196032 -72.957874,-15.196026 -72.957952,-15.196071 -72.958003,-15.196116 -72.958014,-15.196129 -72.958013,-15.196151 -72.958059,-15.196198 -72.95806,-15.196221 -72.95807,-15.196237 -72.958083,-15.196225 -72.958106,-15.19623 -72.958152,-15.196208 -72.958161,-15.196229 -72.95824,-15.196267 -72.958291,-15.196283 -72.95834,-15.196271 -72.958361,-15.196244 -72.958378,-15.196238 -72.958378,-15.196281 -72.958395,-15.196295 -72.958398,-15.19631 -72.958419,-15.196311 -72.958429,-15.196319 -72.958459,-15.196309 -72.958466,-15.196293 -72.958458,-15.196248 -72.958486,-15.196184 -72.958487,-15.196165 -72.958465,-15.196101 -72.9585,-15.19604 -72.958504,-15.196017 -72.958531,-15.195964 -72.958532,-15.195917 -72.958569,-15.195822 -72.958565,-15.195779 -72.958575,-15.195744 -72.95854,-15.195701 -72.958523,-15.195697 -72.958518,-15.195662 -72.958532,-15.195646 -72.958566,-15.19565 -72.958592,-15.195662 -72.95859,-15.195669 -72.958683,-15.195757 -72.958751,-15.195794 -72.958774,-15.195812 -72.958773,-15.195819 -72.958778,-15.195813 -72.958827,-15.195846 -72.958838,-15.195861 -72.958831,-15.195894 -72.958839,-15.195908 -72.958837,-15.195938 -72.958863,-15.195946 -72.958903,-15.19594 -72.959046,-15.196042 -72.9591,-15.196102 -72.959149,-15.196142 -72.959172,-15.196159 -72.959207,-15.196169 -72.959225,-15.196216 -72.959256,-15.196267 -72.959285,-15.196299 -72.959283,-15.196319 -72.959308,-15.196344 -72.959363,-15.196449 -72.959473,-15.196551 -72.959465,-15.196585 -72.959491,-15.196623 -72.959493,-15.196676 -72.959513,-15.196705 -72.959618,-15.196801 -72.959672,-15.196835 -72.959719,-15.196851 -72.95975,-15.196816 -72.959782,-15.196749 -72.959827,-15.196675 -72.959839,-15.196654 -72.959843,-15.196645 -72.959845,-15.196641 -72.959835,-15.196654 -72.959836,-15.196655 -72.959839,-15.196653 -72.95984,-15.196652 -72.959841,-15.196651 -72.959844,-15.196649 -72.959847,-15.196646 -72.959866,-15.196598 -72.95986,-15.196616 -72.959875,-15.196632 -72.959969,-15.196702 -72.959982,-15.19669 -72.96004,-15.196689 -72.960095,-15.196675 -72.960153,-15.19664 -72.9602,-15.196638 -72.960254,-15.19662 -72.960297,-15.196617 -72.960319,-15.196636 -72.960415,-15.196678 -72.960446,-15.196717 -72.960468,-15.196727 -72.960485,-15.196732 -72.960512,-15.196728 -72.960537,-15.196707 -72.960597,-15.196703 -72.960633,-15.19674 -72.960708,-15.196783 -72.960724,-15.196787 -72.960742,-15.196774 -72.960791,-15.196808 -72.960816,-15.196802 -72.960838,-15.196806 -72.960909,-15.196835 -72.960917,-15.196859 -72.960942,-15.196885 -72.960986,-15.19696 -72.961018,-15.196979 -72.961056,-15.197018 -72.961071,-15.197002 -72.96107,-15.197009 -72.961074,-15.197006 -72.96115,-15.196883 -72.961199,-15.196885 -72.961287,-15.196961 -72.961288,-15.196977 -72.961298,-15.196959 -72.961328,-15.196938 -72.96148,-15.196985 -72.961501,-15.196962 -72.961504,-15.196969 -72.961516,-15.19696 -72.961548,-15.196977 -72.961568,-15.196974 -72.961579,-15.196987 -72.96159,-15.196979 -72.961593,-15.196987 -72.961644,-15.197005 -72.961754,-15.197069 -72.961809,-15.197124 -72.961834,-15.197124 -72.961865,-15.197081 -72.961891,-15.197125 -72.961907,-15.197137 -72.96192,-15.197199 -72.961896,-15.197254 -72.961916,-15.197266 -72.961919,-15.197277 -72.961941,-15.197285 -72.961939,-15.19726 -72.961919,-15.197225 -72.961922,-15.19721 -72.961956,-15.197193 -72.96199,-15.197155 -72.961986,-15.197145 -72.961995,-15.197117 -72.961985,-15.197092 -72.962041,-15.196995 -72.962058,-15.19693 -72.962031,-15.196897 -72.96203,-15.196863 -72.962025,-15.196856 -72.961992,-15.196852 -72.96178,-15.196937 -72.961768,-15.196882 -72.961706,-15.196789 -72.961683,-15.19671 -72.961669,-15.196703 -72.961635,-15.196639 -72.961598,-15.196563 -72.961602,-15.196549 -72.961849,-15.196213 -72.961802,-15.196318 -72.961801,-15.196375 -72.961779,-15.196424 -72.961717,-15.196501 -72.961654,-15.196661 -72.961728,-15.196569 -72.961786,-15.196475 -72.961823,-15.196428 -72.961836,-15.196424 -72.961895,-15.196328 -72.961924,-15.19633 -72.961938,-15.196321 -72.961956,-15.196285 -72.961992,-15.19625 -72.962136,-15.196056 -72.962204,-15.195933 -72.962235,-15.195893 -72.962285,-15.19585 -72.96236,-15.19575 -72.96238,-15.195744 -72.962383,-15.195768 -72.962413,-15.195793 -72.962416,-15.195813 -72.962444,-15.195788 -72.962473,-15.195745 -72.96246,-15.195703 -72.962462,-15.195663 -72.962474,-15.195635 -72.96247,-15.195606 -72.962476,-15.195571 -72.962497,-15.195544 -72.962531,-15.19552 -72.96254,-15.195484 -72.96253,-15.195493 -72.962523,-15.195477 -72.962538,-15.195468 -72.962541,-15.195474 -72.962554,-15.19547 -72.962545,-15.195478 -72.962544,-15.195472 -72.962539,-15.195456 -72.962544,-15.195461 -72.96255,-15.195453 -72.962559,-15.195455 -72.962559,-15.195446 -72.962562,-15.195445 -72.96256,-15.195448 -72.962558,-15.195452 -72.962554,-15.19546 -72.962553,-15.195463 -72.962554,-15.195462 -72.962554,-15.195461 -72.962556,-15.195457 -72.962557,-15.195454 -72.962558,-15.195453 -72.962559,-15.19545 -72.962561,-15.195445 -72.962572,-15.195425 -72.962564,-15.195442 -72.962561,-15.195447 -72.96256,-15.195447 -72.962563,-15.195439 -72.962563,-15.19544 -72.96256,-15.195446 -72.962556,-15.195454 -72.962555,-15.195462 -72.962585,-15.195495 -72.962637,-15.195531 -72.962732,-15.195496 -72.962788,-15.195509 -72.962813,-15.195535 -72.96283,-15.195539 -72.962834,-15.195533 -72.962834,-15.195547 -72.962847,-15.19557 -72.962856,-15.195566 -72.96291,-15.195591 -72.962998,-15.195695 -72.963045,-15.195708 -72.963113,-15.195795 -72.963257,-15.195818 -72.963273,-15.195819 -72.963279,-15.195812 -72.963291,-15.195823 -72.963309,-15.195808 -72.963358,-15.195704 -72.963396,-15.195643 -72.96339,-15.195617 -72.963416,-15.195558 -72.963409,-15.195516 -72.963431,-15.195485 -72.963437,-15.195484 -72.963443,-15.195526 -72.963462,-15.195542 -72.963478,-15.195536 -72.963531,-15.195543 -72.963548,-15.195585 -72.96356,-15.195574 -72.963559,-15.195582 -72.963585,-15.195598 -72.963637,-15.19562 -72.96365,-15.195604 -72.963654,-15.195576 -72.963675,-15.19554 -72.963711,-15.19554 -72.963724,-15.195531 -72.963741,-15.195539 -72.963772,-15.195527 -72.963793,-15.195508 -72.963796,-15.195493 -72.963789,-15.195479 -72.963797,-15.195457 -72.96378,-15.195435 -72.963778,-15.195415 -72.963749,-15.195376 -72.963798,-15.195265 -72.963788,-15.195252 -72.963757,-15.195243 -72.963731,-15.195205 -72.963706,-15.195183 -72.9637,-15.195149 -72.963694,-15.195162 -72.963707,-15.19513 -72.963677,-15.19519 -72.963641,-15.195156 -72.963639,-15.195142 -72.96366,-15.195123 -72.963696,-15.19511 -72.963748,-15.195111 -72.963751,-15.195119 -72.963779,-15.195122 -72.963795,-15.195138 -72.963809,-15.19512 -72.963838,-15.195113 -72.963846,-15.19509 -72.96385,-15.195084 -72.963816,-15.195177 -72.963834,-15.19515 -72.963912,-15.195163 -72.964006,-15.195145 -72.964053,-15.195115 -72.964109,-15.195112 -72.964209,-15.195057 -72.964315,-15.195072 -72.964328,-15.195049 -72.964326,-15.195032 -72.964303,-15.195006 -72.964306,-15.194989 -72.964314,-15.194981 -72.964336,-15.194979 -72.964388,-15.194987 -72.9644,-15.194976 -72.964429,-15.194936 -72.964406,-15.194905 -72.964418,-15.194878 -72.964433,-15.194872 -72.964454,-15.194903 -72.964493,-15.194918 -72.9645,-15.194911 -72.96452,-15.19491 -72.964557,-15.194918 -72.964574,-15.194899 -72.964589,-15.194896 -72.964607,-15.194904 -72.964626,-15.19489 -72.964643,-15.194915 -72.964688,-15.194873 -72.964705,-15.19484 -72.964676,-15.19486 -72.964669,-15.194874 -72.964651,-15.194875 -72.964638,-15.194864 -72.964674,-15.194846 -72.96469,-15.194829 -72.964678,-15.194796 -72.964643,-15.194775 -72.964584,-15.194789 -72.964596,-15.194719 -72.964611,-15.194713 -72.964663,-15.194726 -72.964689,-15.194697 -72.964691,-15.194675 -72.964676,-15.194679 -72.964679,-15.19466 -72.964633,-15.194634 -72.964624,-15.194621 -72.964652,-15.194576 -72.964649,-15.194585 -72.964653,-15.194579 -72.964651,-15.194584 -72.96469,-15.194605 -72.964706,-15.194609 -72.964707,-15.194612 -72.964706,-15.194616 -72.964708,-15.194611 -72.964707,-15.194612 -72.964707,-15.194611 -72.964707,-15.194612 -72.964707,-15.194612 -72.964704,-15.194607 -72.964699,-15.194605 -72.964692,-15.194567 -72.964674,-15.194545 -72.964675,-15.194476 -72.964697,-15.194505 -72.96475,-15.194509 -72.964765,-15.194474 -72.964763,-15.194445 -72.964771,-15.194426 -72.96476,-15.194412 -72.964741,-15.194421 -72.964732,-15.194435 -72.964711,-15.194436 -72.964722,-15.194397 -72.964759,-15.194343 -72.964763,-15.194351 -72.964777,-15.19433 -72.964793,-15.19433 -72.964801,-15.194304 -72.96484,-15.194279 -72.96485,-15.194261 -72.964847,-15.194215 -72.964862,-15.194193 -72.964879,-15.194173 -72.964905,-15.194166 -72.964951,-15.194123 -72.964977,-15.194066 -72.964966,-15.194046 -72.96498,-15.194016 -72.964988,-15.193964 -72.965013,-15.193922 -72.965014,-15.193904 -72.965077,-15.193765 -72.965107,-15.193749 -72.965135,-15.193703 -72.965161,-15.193694 -72.965181,-15.193661 -72.96521,-15.19364 -72.965239,-15.193597 -72.965241,-15.193569 -72.965211,-15.193473 -72.965222,-15.193378 -72.965203,-15.193344 -72.96521,-15.193327 -72.965205,-15.193309 -72.965221,-15.193267 -72.965222,-15.193198 -72.965267,-15.193085 -72.965326,-15.19304 -72.965345,-15.193012 -72.96536,-15.192963 -72.965355,-15.192953 -72.965393,-15.192882 -72.965398,-15.192834 -72.965396,-15.192831 -72.965395,-15.192828 -72.965385,-15.192837 -72.965368,-15.19284 -72.965372,-15.192834 -72.965394,-15.192832 -72.965417,-15.192829 -72.965435,-15.192822 -72.965476,-15.19277 -72.965486,-15.192768 -72.965515,-15.192789 -72.965523,-15.192781 -72.965518,-15.19273 -72.96546,-15.192592 -72.965454,-15.192519 -72.965414,-15.192452 -72.965424,-15.192402 -72.965401,-15.192368 -72.965417,-15.192316 -72.965414,-15.192301 -72.96544,-15.192134 -72.965428,-15.192096 -72.965429,-15.192062 -72.965463,-15.191977 -72.965472,-15.191889 -72.965486,-15.191871 -72.965505,-15.191817 -72.965472,-15.19179 -72.965472,-15.191779 -72.965498,-15.191735 -72.965532,-15.191632 -72.965556,-15.1916 -72.965573,-15.191466 -72.96559,-15.191436 -72.965596,-15.191396 -72.965632,-15.191347 -72.965681,-15.191244 -72.965681,-15.191198 -72.965692,-15.191192 -72.96571,-15.191159 -72.965714,-15.191155 -72.965716,-15.19115 -72.965718,-15.191148 -72.965719,-15.191146 -72.96572,-15.191145 -72.965701,-15.191125 -72.965659,-15.191169 -72.965652,-15.191144 -72.965661,-15.191095 -72.96568,-15.191045 -72.965652,-15.191028 -72.965662,-15.190995 -72.96569,-15.190946 -72.965692,-15.190925 -72.965689,-15.190931 -72.965691,-15.190925 -72.965681,-15.190918 -72.96568,-15.190918 -72.96569,-15.19089 -72.965652,-15.190914 -72.965631,-15.190914 -72.965586,-15.190931 -72.965576,-15.190924 -72.965566,-15.190886 -72.965493,-15.190915 -72.965455,-15.19092 -72.965426,-15.190895 -72.965417,-15.190881 -72.96542,-15.190867 -72.965402,-15.190866 -72.965357,-15.190883 -72.9653,-15.190893 -72.965263,-15.190855 -72.965198,-15.190819 -72.965145,-15.190799 -72.965147,-15.190788 -72.965131,-15.190796 -72.965038,-15.190757 -72.965031,-15.190755 -72.965024,-15.190763 -72.964996,-15.190745 -72.964965,-15.190684 -72.964929,-15.190655 -72.964918,-15.190635 -72.964915,-15.190592 -72.964867,-15.190535 -72.964857,-15.190507 -72.96486,-15.19038 -72.964843,-15.190311 -72.964824,-15.190275 -72.964797,-15.19019 -72.964841,-15.190104 -72.964835,-15.190106 -72.964861,-15.189969 -72.964881,-15.189923 -72.964878,-15.189871 -72.964836,-15.189825 -72.964857,-15.189704 -72.964785,-15.189671 -72.964708,-15.189591 -72.964676,-15.189569 -72.964665,-15.18955 -72.96463,-15.189532 -72.964625,-15.189521 -72.964637,-15.189494 -72.964637,-15.189493 -72.964636,-15.189492 -72.96463,-15.189499 -72.964626,-15.189503 -72.964636,-15.189495 -72.964638,-15.189481 -72.964636,-15.189463 -72.964691,-15.18937 -72.964692,-15.189312 -72.96474,-15.189241 -72.964739,-15.189227 -72.964706,-15.189194 -72.964692,-15.189189 -72.964672,-15.189157 -72.964635,-15.189137 -72.964609,-15.189138 -72.964551,-15.189118 -72.964513,-15.189097 -72.964501,-15.18906 -72.96442,-15.189011 -72.96427,-15.188996 -72.964144,-15.188942 -72.964059,-15.188938 -72.964041,-15.18893 -72.964032,-15.188912 -72.964046,-15.188854 -72.964173,-15.18866 -72.964186,-15.188596 -72.964223,-15.188536 -72.964265,-15.188435 -72.964285,-15.188419 -72.964358,-15.188321 -72.964455,-15.188284 -72.964504,-15.188189 -72.964506,-15.188161 -72.96448,-15.188125 -72.964458,-15.188111 -72.964412,-15.188119 -72.964307,-15.18807 -72.964312,-15.188031 -72.964302,-15.188009 -72.964323,-15.187941 -72.96439,-15.187862 -72.9644,-15.187818 -72.964369,-15.187739 -72.964376,-15.187717 -72.964367,-15.187695 -72.964378,-15.187665 -72.964368,-15.187625 -72.964367,-15.1875693671916</coordinates></LineString></MultiGeometry>
  </Placemark>
  <Placemark id="Route.3">
	<name>16 julio (mina)</name>
	<description>&lt;b&gt;Descripción:&lt;/b&gt; Ida&lt;br&gt;&lt;b&gt;Inicio:&lt;/b&gt; 2007-07-16 11:22:00&lt;br&gt;&lt;b&gt;Fin:&lt;/b&gt; 2007-07-16 13:22:38&lt;br&gt;&lt;b&gt;Duración:&lt;/b&gt; 2 horas&lt;br&gt;</description>
	<Style><LineStyle><color>FF2ca033</color><width>4.25196</width></LineStyle><PolyStyle><fill>0</fill></PolyStyle></Style>
	<ExtendedData><SchemaData schemaUrl="#Route">
		<SimpleData name="fid">9</SimpleData>
		<SimpleData name="duracion">2.01</SimpleData>
		<SimpleData name="inicio_local">2007-07-16 11:22:00</SimpleData>
		<SimpleData name="fin_local">2007-07-16 13:22:38</SimpleData>
		<SimpleData name="nombre">16 julio (mina)</SimpleData>
		<SimpleData name="descrip">Ida</SimpleData>
	</SchemaData></ExtendedData>
      <MultiGeometry><LineString><coordinates>-72.9712729931429,-15.1854768244157 -72.971305,-15.185423 -72.971353,-15.185369 -72.971364,-15.185347 -72.971395,-15.185325 -72.971412,-15.185327 -72.97143,-15.185311 -72.97147,-15.185253 -72.971471,-15.185224 -72.971645,-15.185055 -72.971657,-15.185054 -72.971675,-15.185039 -72.971703,-15.185003 -72.971711,-15.184967 -72.971767,-15.184893 -72.971731,-15.184925 -72.971709,-15.184929 -72.971691,-15.184945 -72.971667,-15.184938 -72.971611,-15.184976 -72.971586,-15.184976 -72.971485,-15.185012 -72.971308,-15.185001 -72.971129,-15.185052 -72.971094,-15.185083 -72.971065,-15.185131 -72.971036,-15.18516 -72.970918,-15.185139 -72.970902,-15.185142 -72.970879,-15.185159 -72.970818,-15.18517 -72.970738,-15.185202 -72.970628,-15.185191 -72.970567,-15.185174 -72.970565,-15.185162 -72.970617,-15.185152 -72.970681,-15.185086 -72.970703,-15.185072 -72.97072,-15.185071 -72.970734,-15.185049 -72.97076,-15.185042 -72.97078,-15.185022 -72.970736,-15.185012 -72.970718,-15.184992 -72.970648,-15.184987 -72.970636,-15.184978 -72.970563,-15.18499 -72.970555,-15.184985 -72.970494,-15.184988 -72.970412,-15.184932 -72.97038,-15.184927 -72.970355,-15.18496 -72.97034,-15.184966 -72.970302,-15.184967 -72.970212,-15.184996 -72.970132,-15.185008 -72.970054,-15.185029 -72.97,-15.185024 -72.96995,-15.185031 -72.969861,-15.185058 -72.969829,-15.185075 -72.969778,-15.185075 -72.969702,-15.185088 -72.969576,-15.185082 -72.969493,-15.185104 -72.969453,-15.185134 -72.969432,-15.185173 -72.969436,-15.185183 -72.969451,-15.185183 -72.969468,-15.185198 -72.969463,-15.185204 -72.969475,-15.185222 -72.969485,-15.185263 -72.969478,-15.185274 -72.969437,-15.18529 -72.969402,-15.185316 -72.969403,-15.185358 -72.969373,-15.185421 -72.969377,-15.185427 -72.969364,-15.185426 -72.9693,-15.185499 -72.969249,-15.185538 -72.969226,-15.18554 -72.969216,-15.18555 -72.969181,-15.185561 -72.96916,-15.185558 -72.969144,-15.185565 -72.96911,-15.185543 -72.969087,-15.185566 -72.968981,-15.185626 -72.968941,-15.185658 -72.968914,-15.18565 -72.968863,-15.185659 -72.968834,-15.185688 -72.968773,-15.185777 -72.968748,-15.185826 -72.968728,-15.185838 -72.968727,-15.185847 -72.968713,-15.185797 -72.968695,-15.185786 -72.96865,-15.185817 -72.968597,-15.185832 -72.968584,-15.185847 -72.968498,-15.185883 -72.968432,-15.185985 -72.968428,-15.18598 -72.968422,-15.18599 -72.968419,-15.185986 -72.968423,-15.185943 -72.968417,-15.185979 -72.968403,-15.186006 -72.968385,-15.186033 -72.968328,-15.186088 -72.968313,-15.186092 -72.968298,-15.186086 -72.968268,-15.186104 -72.968246,-15.186108 -72.968234,-15.186137 -72.968199,-15.186147 -72.968126,-15.186214 -72.968059,-15.186241 -72.968026,-15.186289 -72.968021,-15.186335 -72.968033,-15.186365 -72.968037,-15.186427 -72.968085,-15.186501 -72.968112,-15.186519 -72.968125,-15.186577 -72.968134,-15.186703 -72.968141,-15.186722 -72.968178,-15.186764 -72.968181,-15.186868 -72.968219,-15.186947 -72.968201,-15.186994 -72.9682,-15.187048 -72.96819,-15.187082 -72.968172,-15.1871 -72.968116,-15.18712 -72.968028,-15.187187 -72.967999,-15.187196 -72.967947,-15.187199 -72.967918,-15.187221 -72.967837,-15.187259 -72.967805,-15.187289 -72.967725,-15.187327 -72.967655,-15.18737 -72.967639,-15.18739 -72.967612,-15.187397 -72.967589,-15.187417 -72.96744,-15.187473 -72.967303,-15.187561 -72.967169,-15.1876 -72.967134,-15.187622 -72.967095,-15.187677 -72.967075,-15.187736 -72.96708,-15.187877 -72.96705,-15.187998 -72.967037,-15.188013 -72.96705,-15.188043 -72.967046,-15.188067 -72.966999,-15.188134 -72.966987,-15.18818 -72.966966,-15.188204 -72.966968,-15.188214 -72.966956,-15.188235 -72.966913,-15.188248 -72.966858,-15.188295 -72.966828,-15.188311 -72.966815,-15.18833 -72.966811,-15.188372 -72.966788,-15.188404 -72.966724,-15.188435 -72.966639,-15.188502 -72.966612,-15.188492 -72.966603,-15.188495 -72.966572,-15.188529 -72.966532,-15.188556 -72.966526,-15.188569 -72.966496,-15.188588 -72.966463,-15.188596 -72.966436,-15.188615 -72.966422,-15.188641 -72.966387,-15.188672 -72.966367,-15.188719 -72.96635,-15.188736 -72.966314,-15.188806 -72.966319,-15.188883 -72.966246,-15.188938 -72.966228,-15.188966 -72.966152,-15.189007 -72.966077,-15.189019 -72.965961,-15.189025 -72.9659,-15.189017 -72.965847,-15.189001 -72.965774,-15.189016 -72.965757,-15.189028 -72.965719,-15.189031 -72.965585,-15.189012 -72.965491,-15.189027 -72.96549,-15.189014 -72.965474,-15.188992 -72.965368,-15.188948 -72.965332,-15.188942 -72.96527,-15.188903 -72.965243,-15.188873 -72.965222,-15.188826 -72.965132,-15.188724 -72.965118,-15.188728 -72.96509,-15.188712 -72.965063,-15.188707 -72.965022,-15.188679 -72.965004,-15.188657 -72.964969,-15.188634 -72.964965,-15.188615 -72.964937,-15.188599 -72.964934,-15.188578 -72.964877,-15.188542 -72.964829,-15.188484 -72.964777,-15.188439 -72.964749,-15.188432 -72.964664,-15.18837 -72.96463,-15.188358 -72.964617,-15.188341 -72.964589,-15.188349 -72.964557,-15.188317 -72.964536,-15.188271 -72.964508,-15.188256 -72.964505,-15.188233 -72.964482,-15.188206 -72.964452,-15.188203 -72.964364,-15.188141 -72.964345,-15.188142 -72.964299,-15.188101 -72.964253,-15.188075 -72.964259,-15.188066 -72.96424,-15.188034 -72.964244,-15.18802 -72.964272,-15.187974 -72.964325,-15.18792 -72.964332,-15.18785 -72.964342,-15.187843 -72.964344,-15.18783 -72.964329,-15.187809 -72.964316,-15.187766 -72.964316,-15.187735 -72.96429,-15.187696 -72.964288,-15.187635 -72.964271,-15.187557 -72.96429,-15.187509 -72.9642675157738,-15.1874528683039</coordinates></LineString></MultiGeometry>
  </Placemark>
  <Placemark id="Route.4">
	<name>17 julio</name>
	<description>&lt;b&gt;Descripción:&lt;/b&gt; Ida&lt;br&gt;&lt;b&gt;Inicio:&lt;/b&gt; 2007-07-17 07:54:36&lt;br&gt;&lt;b&gt;Fin:&lt;/b&gt; 2007-07-17 13:39:24&lt;br&gt;&lt;b&gt;Duración:&lt;/b&gt; 5.8 horas&lt;br&gt;</description>
	<Style><LineStyle><color>FF2ca033</color><width>4.25196</width></LineStyle><PolyStyle><fill>0</fill></PolyStyle></Style>
	<ExtendedData><SchemaData schemaUrl="#Route">
		<SimpleData name="fid">6</SimpleData>
		<SimpleData name="duracion">5.75</SimpleData>
		<SimpleData name="inicio_local">2007-07-17 07:54:36</SimpleData>
		<SimpleData name="fin_local">2007-07-17 13:39:24</SimpleData>
		<SimpleData name="nombre">17 julio</SimpleData>
		<SimpleData name="descrip">Ida</SimpleData>
	</SchemaData></ExtendedData>
      <MultiGeometry><LineString><coordinates>-72.964471120674,-15.1874346331148 -72.964497,-15.187462 -72.964503,-15.187479 -72.964519,-15.187483 -72.96462,-15.187413 -72.964655,-15.187412 -72.964642,-15.18739 -72.964659,-15.187384 -72.964701,-15.187344 -72.964714,-15.187313 -72.964707,-15.187295 -72.964724,-15.187286 -72.964731,-15.187254 -72.964746,-15.187244 -72.96473,-15.187248 -72.964712,-15.187229 -72.964765,-15.187143 -72.964748,-15.187132 -72.96475,-15.187121 -72.964766,-15.187076 -72.964762,-15.187068 -72.964796,-15.187033 -72.964806,-15.18701 -72.964811,-15.186985 -72.964814,-15.186949 -72.964807,-15.186932 -72.964797,-15.186959 -72.964803,-15.186945 -72.964803,-15.186938 -72.964802,-15.186941 -72.964817,-15.186951 -72.964886,-15.186987 -72.964903,-15.186946 -72.96489,-15.186847 -72.964904,-15.186811 -72.964894,-15.186843 -72.964932,-15.186814 -72.964971,-15.186811 -72.964984,-15.186828 -72.964994,-15.18683 -72.965005,-15.18682 -72.965015,-15.186784 -72.965009,-15.186743 -72.964989,-15.186711 -72.964985,-15.18669 -72.964982,-15.186672 -72.964964,-15.186648 -72.964939,-15.186673 -72.964925,-15.186671 -72.964903,-15.186679 -72.964913,-15.186666 -72.964908,-15.186701 -72.964926,-15.186686 -72.964895,-15.186755 -72.964923,-15.186717 -72.964949,-15.186701 -72.96497,-15.186698 -72.964975,-15.186693 -72.964984,-15.186686 -72.964994,-15.186679 -72.964999,-15.18667 -72.965017,-15.186669 -72.965025,-15.186663 -72.965019,-15.186655 -72.965031,-15.186647 -72.965043,-15.186648 -72.96505,-15.186662 -72.965061,-15.186659 -72.965061,-15.186645 -72.965049,-15.186639 -72.965066,-15.18662 -72.965088,-15.186611 -72.965157,-15.186607 -72.965173,-15.186593 -72.965235,-15.186608 -72.965287,-15.186637 -72.965322,-15.186636 -72.965353,-15.186623 -72.965392,-15.186628 -72.965456,-15.18662 -72.965638,-15.186654 -72.96567,-15.186681 -72.96568,-15.186699 -72.965675,-15.186735 -72.965701,-15.186776 -72.965718,-15.186819 -72.965714,-15.186842 -72.965722,-15.186851 -72.965813,-15.186863 -72.965833,-15.186891 -72.965851,-15.186898 -72.965869,-15.18694 -72.965886,-15.186947 -72.965897,-15.186961 -72.965905,-15.186977 -72.965899,-15.186993 -72.965908,-15.186999 -72.965965,-15.187002 -72.965976,-15.186994 -72.965953,-15.186977 -72.965931,-15.186888 -72.96591,-15.186872 -72.965898,-15.186871 -72.965902,-15.186847 -72.96596,-15.186815 -72.965995,-15.186875 -72.966004,-15.186922 -72.966044,-15.186969 -72.966054,-15.186963 -72.966059,-15.186929 -72.966029,-15.186873 -72.966025,-15.186809 -72.966039,-15.186792 -72.966075,-15.186786 -72.966116,-15.186798 -72.966134,-15.186811 -72.966182,-15.186784 -72.966214,-15.186786 -72.966247,-15.186778 -72.966282,-15.186787 -72.966333,-15.186787 -72.966376,-15.186768 -72.966392,-15.186774 -72.966411,-15.18677 -72.966467,-15.186742 -72.966542,-15.186748 -72.966585,-15.186739 -72.966698,-15.186647 -72.966719,-15.186616 -72.966703,-15.186587 -72.966667,-15.186583 -72.966657,-15.186566 -72.966655,-15.186538 -72.966663,-15.186515 -72.966682,-15.186515 -72.96673,-15.186533 -72.966802,-15.186512 -72.966803,-15.186496 -72.966775,-15.186475 -72.96677,-15.186451 -72.966738,-15.186432 -72.966736,-15.186415 -72.966744,-15.186398 -72.966728,-15.186367 -72.966699,-15.186365 -72.966654,-15.186341 -72.966652,-15.186325 -72.966664,-15.186294 -72.966715,-15.18629 -72.966776,-15.186274 -72.966805,-15.18623 -72.966781,-15.186193 -72.966777,-15.186174 -72.966738,-15.186143 -72.966645,-15.186035 -72.966624,-15.186031 -72.966615,-15.186009 -72.966619,-15.185945 -72.966641,-15.185886 -72.966673,-15.185839 -72.966648,-15.185823 -72.966652,-15.185818 -72.966651,-15.185813 -72.966645,-15.185811 -72.966608,-15.185804 -72.966599,-15.185806 -72.966593,-15.185818 -72.96664,-15.185824 -72.966652,-15.185818 -72.966655,-15.185805 -72.966583,-15.185653 -72.966483,-15.185511 -72.966465,-15.185495 -72.966449,-15.185464 -72.966447,-15.185438 -72.966459,-15.185392 -72.966497,-15.185337 -72.966595,-15.185306 -72.966615,-15.185294 -72.966609,-15.18529 -72.96664,-15.185295 -72.966682,-15.185312 -72.966698,-15.185315 -72.966713,-15.185319 -72.966727,-15.18533 -72.966734,-15.185344 -72.966739,-15.185353 -72.966714,-15.185325 -72.966706,-15.185325 -72.966704,-15.185314 -72.966699,-15.185295 -72.966688,-15.185265 -72.966698,-15.185207 -72.966722,-15.185148 -72.966709,-15.185109 -72.966756,-15.185057 -72.966805,-15.184862 -72.966808,-15.184743 -72.966839,-15.184699 -72.966858,-15.184686 -72.96688,-15.184685 -72.966929,-15.184708 -72.966939,-15.184705 -72.966966,-15.184618 -72.966972,-15.18461 -72.966991,-15.184606 -72.967015,-15.184582 -72.966978,-15.184573 -72.966966,-15.184566 -72.966958,-15.184549 -72.966964,-15.184532 -72.966982,-15.184515 -72.967004,-15.18451 -72.967018,-15.184497 -72.967022,-15.184477 -72.967011,-15.18444 -72.967014,-15.184415 -72.967006,-15.184375 -72.967016,-15.184362 -72.967013,-15.184344 -72.967032,-15.184314 -72.967045,-15.184273 -72.967073,-15.18424 -72.967113,-15.18422 -72.967132,-15.184194 -72.967179,-15.184178 -72.967211,-15.184175 -72.967227,-15.184153 -72.967249,-15.184152 -72.967267,-15.184122 -72.967288,-15.18412 -72.967296,-15.184128 -72.967308,-15.184127 -72.96731,-15.184127 -72.967311,-15.184126 -72.967306,-15.184131 -72.967307,-15.184129 -72.967306,-15.184126 -72.967323,-15.184075 -72.967356,-15.184017 -72.967384,-15.184 -72.967388,-15.183971 -72.967434,-15.183882 -72.967442,-15.18387 -72.967471,-15.183857 -72.967486,-15.183827 -72.967492,-15.183769 -72.96752,-15.183754 -72.967625,-15.183736 -72.967665,-15.183675 -72.967634,-15.183632 -72.967595,-15.183595 -72.967524,-15.183475 -72.96751,-15.183466 -72.967503,-15.183443 -72.96748,-15.18342 -72.967473,-15.183401 -72.967479,-15.183376 -72.967499,-15.183364 -72.967543,-15.1834 -72.967573,-15.183402 -72.967642,-15.183359 -72.967737,-15.183386 -72.967764,-15.183368 -72.967765,-15.183348 -72.967704,-15.183299 -72.967706,-15.183287 -72.96767,-15.183296 -72.967606,-15.183277 -72.967542,-15.183211 -72.967514,-15.183163 -72.96751,-15.183143 -72.967534,-15.183089 -72.967526,-15.183036 -72.967533,-15.183002 -72.967526,-15.182981 -72.96755,-15.182884 -72.967584,-15.182839 -72.967603,-15.182777 -72.967626,-15.18276 -72.967637,-15.182761 -72.967658,-15.182747 -72.967667,-15.18275 -72.96767,-15.182719 -72.967655,-15.182678 -72.967654,-15.182617 -72.967639,-15.182583 -72.967593,-15.182359 -72.96759,-15.182291 -72.967575,-15.182276 -72.967581,-15.182249 -72.967562,-15.182235 -72.967543,-15.18219 -72.96754,-15.18212 -72.967516,-15.182077 -72.967509,-15.182048 -72.967513,-15.182031 -72.967475,-15.181928 -72.967459,-15.181851 -72.967438,-15.181824 -72.967379,-15.181795 -72.967293,-15.181703 -72.967265,-15.181624 -72.967265,-15.181559 -72.967256,-15.181529 -72.967258,-15.181511 -72.967266,-15.181497 -72.967284,-15.181495 -72.967286,-15.181496 -72.967272,-15.181497 -72.967263,-15.181498 -72.967253,-15.181499 -72.967245,-15.181499 -72.967238,-15.1815 -72.967143,-15.181501 -72.967127,-15.181487 -72.9671,-15.181422 -72.967096,-15.18139 -72.967044,-15.181273 -72.967056,-15.181208 -72.967113,-15.181085 -72.967128,-15.180948 -72.967093,-15.180883 -72.967082,-15.18083 -72.967087,-15.180783 -72.967105,-15.180749 -72.967109,-15.180708 -72.967037,-15.180595 -72.967046,-15.18055 -72.967035,-15.180506 -72.967038,-15.180464 -72.967043,-15.180442 -72.967049,-15.180442 -72.967045,-15.180445 -72.967035,-15.180451 -72.967026,-15.180456 -72.967004,-15.180472 -72.966998,-15.18042 -72.967005,-15.180353 -72.966987,-15.180245 -72.967007,-15.180202 -72.967004,-15.180146 -72.967019,-15.180088 -72.966971,-15.180056 -72.966939,-15.180061 -72.96689,-15.180048 -72.966838,-15.179989 -72.966829,-15.17995 -72.966835,-15.179921 -72.966795,-15.17983 -72.966795,-15.179814 -72.966791,-15.179819 -72.966768,-15.179812 -72.966729,-15.179826 -72.96671,-15.179803 -72.966705,-15.179775 -72.966693,-15.179759 -72.966691,-15.17969 -72.966647,-15.179646 -72.966645,-15.179586 -72.96658,-15.179506 -72.96653,-15.179509 -72.966513,-15.179496 -72.966464,-15.179494 -72.966433,-15.179482 -72.966415,-15.179464 -72.96634,-15.179452 -72.966305,-15.179465 -72.966254,-15.179444 -72.966225,-15.179424 -72.966181,-15.179444 -72.966183,-15.179465 -72.96617,-15.179481 -72.966161,-15.179461 -72.966084,-15.179457 -72.966075,-15.179437 -72.966061,-15.179427 -72.966042,-15.179419 -72.966015,-15.179427 -72.965972,-15.179421 -72.965895,-15.179377 -72.965776,-15.179401 -72.965761,-15.17938 -72.965659,-15.179369 -72.965632,-15.179386 -72.965575,-15.179404 -72.965469,-15.179425 -72.965447,-15.179436 -72.96543,-15.17945 -72.965427,-15.17945 -72.965433,-15.179486 -72.96542,-15.179555 -72.965384,-15.1796 -72.965376,-15.179652 -72.965342,-15.17974 -72.965321,-15.179767 -72.96525,-15.179806 -72.965231,-15.179833 -72.965195,-15.179824 -72.965137,-15.179831 -72.965058,-15.179848 -72.965029,-15.179847 -72.964971,-15.17987 -72.964963,-15.179844 -72.964946,-15.179824 -72.964919,-15.179766 -72.964915,-15.17976 -72.964907,-15.179751 -72.964901,-15.179745 -72.964888,-15.179718 -72.964911,-15.179726 -72.964921,-15.17972 -72.964927,-15.179718 -72.964929,-15.179703 -72.96492,-15.179702 -72.964913,-15.179716 -72.96491,-15.179731 -72.964904,-15.179746 -72.964889,-15.179764 -72.964861,-15.179819 -72.964766,-15.17991 -72.964752,-15.179885 -72.964725,-15.179895 -72.964726,-15.179907 -72.964686,-15.179914 -72.964651,-15.17991 -72.964628,-15.179918 -72.964627,-15.179936 -72.964605,-15.179944 -72.964549,-15.179838 -72.964523,-15.179839 -72.96452,-15.179855 -72.964486,-15.179883 -72.964453,-15.179925 -72.964453,-15.179988 -72.964456,-15.179988 -72.964456,-15.179988 -72.964458,-15.179987 -72.964456,-15.179988 -72.964453,-15.179984 -72.964449,-15.179979 -72.964446,-15.179973 -72.96444,-15.17997 -72.964431,-15.179955 -72.964427,-15.179952 -72.964432,-15.179962 -72.964405,-15.179977 -72.964454,-15.180092 -72.964454,-15.180113 -72.964428,-15.180147 -72.96451,-15.180329 -72.964492,-15.180364 -72.964494,-15.180369 -72.96449,-15.180369 -72.964487,-15.180366 -72.964487,-15.180365 -72.964485,-15.180365 -72.964484,-15.180362 -72.964487,-15.180358 -72.964491,-15.180359 -72.964496,-15.180357 -72.9645,-15.180357 -72.9645,-15.180359 -72.964503,-15.180357 -72.964505,-15.180359 -72.964503,-15.180364 -72.964503,-15.180366 -72.964503,-15.180366 -72.964502,-15.180366 -72.964503,-15.180365 -72.964504,-15.180362 -72.964503,-15.18036 -72.964504,-15.180361 -72.964505,-15.180359 -72.964506,-15.180358 -72.964504,-15.180365 -72.964499,-15.180368 -72.964498,-15.18037 -72.964497,-15.180371 -72.964496,-15.18036 -72.964489,-15.180366 -72.964488,-15.180368 -72.964489,-15.18037 -72.964488,-15.180373 -72.964486,-15.180375 -72.964485,-15.180372 -72.964488,-15.180369 -72.964488,-15.180372 -72.964488,-15.180374 -72.964492,-15.18039 -72.96451,-15.180417 -72.964511,-15.180445 -72.964488,-15.180451 -72.96447,-15.180467 -72.964475,-15.180477 -72.964469,-15.180487 -72.964455,-15.180501 -72.964437,-15.180505 -72.964413,-15.180529 -72.96441,-15.180529 -72.964406,-15.180531 -72.964394,-15.180549 -72.964394,-15.18055 -72.964394,-15.180551 -72.964393,-15.180553 -72.96441,-15.180539 -72.96441,-15.180523 -72.96434,-15.180498 -72.964325,-15.18046 -72.964325,-15.180429 -72.964381,-15.180395 -72.964419,-15.180382 -72.964422,-15.180368 -72.964405,-15.180337 -72.964384,-15.180319 -72.964392,-15.180309 -72.964385,-15.180293 -72.964352,-15.180284 -72.964347,-15.180289 -72.964203,-15.180159 -72.964208,-15.180071 -72.964217,-15.180055 -72.964236,-15.180052 -72.96425,-15.180037 -72.964245,-15.180021 -72.964181,-15.179987 -72.96414,-15.179983 -72.964111,-15.17995 -72.964081,-15.179944 -72.964076,-15.179926 -72.9641,-15.179911 -72.964141,-15.179903 -72.964169,-15.179882 -72.964217,-15.179867 -72.964261,-15.179873 -72.964327,-15.179858 -72.964419,-15.179901 -72.964437,-15.179838 -72.96447,-15.179763 -72.964468,-15.179715 -72.964483,-15.179665 -72.964461,-15.179626 -72.964412,-15.179587 -72.964403,-15.179537 -72.964407,-15.179507 -72.964342,-15.179462 -72.96432,-15.179426 -72.964287,-15.179356 -72.964287,-15.179339 -72.964305,-15.179313 -72.964297,-15.179301 -72.964265,-15.179284 -72.964226,-15.179232 -72.964196,-15.179222 -72.964155,-15.179239 -72.964148,-15.179235 -72.964145,-15.179214 -72.964147,-15.179189 -72.964168,-15.179165 -72.964194,-15.179151 -72.96419,-15.179126 -72.964196,-15.179115 -72.964187,-15.179113 -72.964191,-15.17909 -72.964225,-15.179073 -72.964269,-15.179032 -72.964256,-15.179024 -72.964218,-15.179019 -72.964203,-15.178998 -72.964203,-15.178962 -72.964217,-15.178936 -72.964216,-15.17891 -72.964251,-15.178866 -72.964266,-15.178835 -72.964283,-15.178822 -72.964335,-15.178824 -72.964345,-15.17882 -72.964343,-15.17881 -72.964325,-15.178808 -72.964244,-15.178771 -72.964192,-15.178768 -72.964207,-15.17874 -72.964216,-15.178686 -72.964184,-15.178666 -72.964167,-15.178666 -72.964153,-15.17868 -72.964096,-15.178706 -72.964044,-15.178709 -72.964031,-15.178723 -72.964008,-15.178722 -72.963971,-15.178703 -72.963961,-15.178645 -72.963994,-15.178578 -72.96398,-15.178569 -72.963978,-15.17854 -72.963987,-15.178535 -72.963998,-15.17849 -72.964023,-15.178457 -72.96403,-15.178424 -72.964018,-15.178419 -72.964019,-15.178409 -72.963962,-15.178396 -72.963935,-15.178382 -72.963857,-15.178403 -72.963812,-15.178382 -72.963782,-15.178356 -72.96374,-15.17835 -72.963737,-15.178341 -72.963699,-15.178323 -72.963657,-15.17832 -72.963617,-15.1783 -72.963596,-15.178306 -72.963561,-15.178299 -72.963524,-15.178281 -72.96348,-15.178234 -72.963429,-15.178167 -72.963424,-15.178149 -72.963422,-15.178137 -72.96342,-15.17813 -72.963421,-15.17813 -72.963422,-15.178132 -72.963412,-15.178149 -72.963404,-15.178157 -72.963402,-15.17816 -72.963392,-15.178167 -72.963393,-15.178168 -72.963395,-15.17818 -72.963393,-15.178189 -72.963394,-15.178186 -72.963392,-15.178187 -72.963389,-15.178189 -72.963385,-15.178194 -72.963389,-15.178179 -72.963411,-15.178161 -72.963412,-15.178151 -72.963408,-15.178151 -72.9634,-15.17814 -72.963382,-15.178104 -72.963374,-15.178099 -72.96338,-15.178089 -72.963376,-15.178072 -72.963405,-15.178064 -72.963428,-15.178015 -72.96341,-15.177965 -72.963398,-15.177959 -72.9634,-15.177937 -72.963418,-15.17792 -72.963428,-15.177897 -72.96345,-15.177895 -72.963463,-15.177877 -72.963464,-15.177855 -72.963474,-15.177853 -72.963458,-15.177831 -72.963484,-15.177817 -72.963531,-15.17777 -72.963535,-15.177732 -72.963548,-15.177716 -72.963541,-15.177719 -72.963536,-15.177717 -72.963536,-15.177717 -72.963536,-15.177717 -72.963536,-15.177716 -72.963533,-15.177727 -72.963538,-15.177697 -72.963527,-15.177701 -72.963529,-15.17769 -72.963556,-15.177682 -72.963556,-15.177671 -72.96356,-15.177674 -72.963562,-15.177677 -72.963567,-15.177682 -72.963571,-15.177686 -72.963595,-15.17765 -72.9636,-15.177608 -72.963613,-15.177587 -72.963615,-15.177543 -72.963662,-15.177506 -72.963808,-15.177488 -72.963855,-15.177374 -72.963875,-15.177361 -72.963836,-15.177327 -72.9638,-15.177319 -72.963726,-15.177281 -72.96369,-15.177244 -72.963699,-15.17721 -72.963716,-15.177197 -72.963757,-15.17719 -72.963775,-15.17718 -72.963796,-15.177151 -72.963798,-15.177133 -72.963763,-15.177067 -72.963732,-15.177048 -72.963728,-15.177022 -72.963714,-15.17701 -72.96373,-15.17694 -72.963681,-15.176876 -72.963629,-15.176866 -72.963555,-15.176818 -72.963473,-15.176813 -72.963424,-15.176818 -72.963422,-15.176834 -72.963415,-15.17683 -72.963413,-15.176828 -72.963413,-15.176827 -72.963409,-15.176826 -72.963399,-15.176813 -72.963408,-15.17683 -72.963404,-15.176836 -72.96341,-15.17683 -72.963424,-15.176818 -72.963441,-15.176807 -72.963544,-15.17678 -72.963623,-15.176677 -72.963612,-15.176663 -72.963573,-15.176658 -72.96351,-15.176628 -72.963479,-15.176635 -72.963437,-15.176627 -72.963357,-15.176574 -72.963344,-15.17654 -72.963345,-15.17651 -72.963369,-15.176516 -72.963437,-15.176471 -72.963527,-15.176426 -72.963565,-15.176396 -72.963608,-15.176394 -72.963603,-15.176362 -72.963589,-15.176353 -72.963535,-15.176337 -72.963486,-15.17635 -72.963464,-15.176337 -72.963463,-15.176327 -72.963499,-15.176305 -72.963502,-15.176294 -72.963559,-15.17626 -72.963575,-15.17622 -72.963596,-15.176202 -72.963624,-15.176134 -72.96367,-15.176116 -72.963686,-15.176102 -72.963736,-15.176104 -72.963746,-15.176094 -72.963734,-15.176071 -72.963707,-15.176058 -72.963689,-15.176038 -72.963681,-15.175985 -72.963645,-15.175943 -72.963618,-15.175929 -72.9635,-15.175911 -72.963461,-15.175916 -72.963419,-15.175945 -72.963387,-15.175959 -72.963363,-15.175959 -72.963333,-15.175951 -72.963318,-15.175925 -72.963302,-15.175916 -72.96328,-15.175862 -72.963257,-15.175862 -72.963169,-15.175831 -72.963172,-15.175799 -72.963138,-15.175739 -72.963141,-15.175689 -72.963134,-15.175654 -72.963144,-15.175642 -72.963131,-15.175605 -72.963128,-15.175569 -72.963159,-15.175541 -72.963157,-15.1755 -72.963143,-15.175477 -72.963156,-15.175417 -72.963173,-15.175405 -72.963178,-15.175389 -72.963163,-15.175302 -72.9632,-15.175167 -72.963193,-15.175153 -72.963205,-15.175143 -72.963225,-15.175093 -72.963238,-15.175093 -72.963249,-15.175072 -72.963258,-15.175019 -72.96322,-15.174899 -72.963241,-15.174831 -72.963217,-15.174801 -72.963184,-15.174799 -72.963143,-15.174807 -72.963124,-15.1748 -72.963109,-15.174768 -72.962952,-15.174674 -72.962827,-15.174589 -72.962752,-15.174568 -72.96274,-15.174581 -72.962709,-15.174584 -72.962705,-15.174575 -72.962656,-15.174556 -72.962571,-15.174545 -72.96252,-15.174518 -72.962474,-15.174452 -72.962448,-15.174363 -72.96244,-15.174308 -72.962418,-15.17427 -72.96238,-15.174257 -72.962409,-15.174306 -72.962411,-15.174346 -72.962398,-15.174366 -72.962372,-15.174385 -72.962348,-15.174384 -72.96234,-15.174374 -72.962344,-15.174359 -72.962315,-15.174237 -72.962242,-15.174173 -72.962205,-15.174102 -72.962138,-15.17406 -72.962069,-15.174028 -72.962044,-15.174006 -72.961896,-15.173914 -72.961869,-15.173883 -72.961847,-15.17387 -72.961829,-15.173876 -72.961809,-15.173831 -72.961758,-15.17377 -72.961709,-15.173746 -72.961683,-15.173709 -72.961642,-15.173681 -72.961576,-15.17365 -72.961558,-15.173598 -72.961526,-15.173579 -72.961502,-15.173544 -72.961472,-15.173522 -72.961464,-15.173438 -72.961473,-15.173399 -72.961447,-15.173347 -72.961445,-15.173325 -72.961442,-15.173321 -72.961407,-15.173298 -72.961308,-15.173273 -72.96126,-15.173269 -72.961264,-15.173275 -72.961199,-15.173241 -72.961179,-15.173218 -72.961185,-15.173233 -72.961146,-15.173213 -72.961122,-15.17319 -72.961058,-15.173176 -72.961001,-15.173143 -72.960979,-15.173142 -72.96087,-15.173088 -72.960805,-15.173067 -72.960754,-15.173032 -72.960686,-15.172962 -72.960665,-15.172956 -72.960536,-15.172965 -72.960473,-15.172994 -72.960398,-15.172994 -72.960289,-15.173018 -72.960228,-15.173017 -72.96017,-15.173009 -72.960113,-15.172985 -72.960025,-15.17299 -72.959873,-15.17297 -72.959806,-15.172978 -72.959754,-15.172967 -72.959724,-15.172971 -72.959661,-15.172956 -72.959504,-15.172935 -72.959471,-15.172944 -72.959426,-15.172922 -72.959329,-15.172903 -72.959296,-15.172917 -72.959271,-15.172919 -72.959224,-15.172922 -72.959176,-15.172915 -72.959138,-15.172923 -72.959063,-15.17292 -72.959038,-15.172933 -72.958979,-15.172929 -72.958869,-15.172973 -72.958797,-15.172993 -72.958724,-15.172997 -72.958612,-15.173018 -72.958564,-15.173034 -72.958551,-15.17305 -72.958521,-15.173062 -72.958401,-15.173036 -72.958335,-15.173061 -72.958287,-15.173069 -72.958293,-15.173075 -72.958258,-15.17308 -72.958151,-15.173071 -72.958098,-15.173057 -72.95809,-15.17305 -72.958091,-15.173033 -72.958139,-15.173022 -72.958146,-15.172995 -72.958122,-15.172988 -72.95811,-15.172971 -72.958091,-15.172967 -72.958078,-15.172967 -72.958066,-15.172965 -72.958055,-15.172964 -72.95805,-15.172964 -72.958031,-15.172976 -72.957981,-15.172986 -72.957939,-15.173029 -72.957907,-15.173038 -72.957882,-15.173036 -72.957821,-15.173068 -72.95783,-15.173079 -72.957819,-15.173082 -72.957823,-15.173094 -72.957813,-15.173097 -72.957859,-15.173113 -72.957835,-15.173124 -72.957861,-15.173142 -72.957861,-15.173164 -72.957878,-15.173203 -72.957909,-15.173232 -72.957884,-15.173251 -72.957893,-15.173261 -72.957877,-15.173267 -72.957885,-15.173275 -72.957874,-15.173298 -72.957847,-15.173295 -72.957834,-15.173266 -72.95784,-15.173257 -72.957787,-15.173188 -72.957786,-15.173171 -72.957804,-15.173118 -72.957814,-15.172918 -72.95784,-15.172799 -72.957839,-15.172726 -72.957823,-15.172705 -72.957827,-15.172657 -72.957789,-15.172666 -72.95769,-15.172707 -72.957631,-15.172696 -72.957618,-15.172715 -72.95746,-15.172709 -72.957317,-15.172663 -72.957289,-15.172645 -72.957255,-15.172636 -72.957229,-15.172638 -72.957131,-15.1726 -72.956992,-15.172528 -72.956975,-15.172528 -72.956917,-15.172502 -72.956873,-15.17246 -72.95678,-15.172416 -72.956768,-15.172396 -72.956723,-15.172374 -72.95671,-15.172356 -72.95672,-15.172349 -72.956704,-15.172333 -72.956678,-15.172322 -72.956548,-15.172205 -72.956492,-15.172127 -72.956231,-15.171982 -72.956072,-15.171839 -72.956035,-15.171826 -72.955984,-15.171785 -72.955918,-15.171749 -72.955902,-15.171755 -72.955888,-15.171734 -72.955867,-15.171726 -72.95576,-15.171702 -72.95565,-15.17164 -72.955591,-15.171625 -72.955513,-15.171589 -72.955488,-15.171563 -72.955421,-15.171544 -72.955411,-15.171553 -72.955358,-15.171536 -72.955335,-15.171519 -72.955312,-15.171521 -72.955251,-15.1715 -72.955159,-15.171448 -72.955149,-15.171431 -72.955128,-15.171442 -72.95513,-15.171447 -72.955112,-15.171437 -72.955068,-15.171435 -72.954999,-15.171419 -72.954912,-15.17139 -72.954876,-15.171372 -72.954869,-15.171361 -72.954805,-15.171353 -72.954707,-15.171313 -72.954643,-15.171267 -72.954592,-15.171249 -72.95458,-15.171226 -72.954542,-15.171213 -72.954518,-15.171177 -72.95451,-15.171136 -72.954366,-15.171002 -72.954264,-15.170931 -72.954202,-15.170868 -72.95419,-15.17083 -72.954173,-15.17081 -72.954106,-15.17077 -72.95393,-15.170633 -72.953928,-15.170614 -72.95391,-15.170583 -72.953868,-15.170555 -72.953844,-15.170528 -72.953805,-15.170515 -72.953787,-15.170478 -72.953752,-15.170467 -72.953701,-15.170419 -72.953648,-15.170397 -72.953582,-15.170272 -72.953551,-15.170234 -72.953555,-15.170216 -72.953542,-15.170185 -72.953521,-15.170185 -72.953497,-15.170116 -72.953443,-15.17003 -72.953378,-15.169884 -72.953354,-15.169865 -72.95333,-15.169799 -72.953298,-15.169766 -72.953263,-15.169658 -72.95324,-15.169615 -72.953225,-15.169527 -72.953276,-15.169489 -72.953232,-15.16941 -72.953179,-15.169352 -72.953149,-15.169236 -72.953113,-15.169178 -72.953105,-15.169144 -72.95312,-15.169072 -72.953107,-15.169032 -72.953075,-15.168974 -72.953075,-15.168913 -72.953085,-15.168893 -72.953071,-15.168837 -72.953065,-15.168756 -72.953039,-15.168682 -72.953024,-15.168606 -72.953043,-15.168586 -72.953032,-15.168489 -72.953018,-15.168442 -72.953019,-15.168383 -72.953012,-15.168342 -72.952975,-15.168278 -72.952961,-15.168201 -72.952959,-15.16814 -72.952983,-15.168062 -72.952995,-15.167886 -72.952966,-15.167795 -72.952956,-15.167699 -72.952919,-15.167632 -72.95289,-15.167607 -72.952885,-15.167567 -72.952903,-15.167487 -72.952902,-15.167421 -72.952879,-15.167361 -72.952833,-15.167305 -72.952826,-15.167258 -72.952843,-15.167222 -72.952818,-15.16713 -72.952822,-15.167048 -72.952806,-15.167022 -72.952801,-15.166997 -72.952764,-15.166948 -72.952757,-15.166913 -72.952749,-15.166909 -72.952746,-15.166873 -72.952754,-15.166836 -72.952741,-15.166788 -72.952722,-15.16676 -72.952727,-15.166726 -72.952748,-15.166696 -72.952758,-15.16666 -72.952752,-15.166626 -72.952753,-15.166525 -72.952765,-15.166494 -72.952767,-15.166442 -72.952744,-15.16639 -72.952712,-15.166271 -72.952681,-15.166235 -72.952644,-15.166208 -72.952601,-15.166144 -72.952585,-15.166068 -72.952571,-15.16606 -72.95253,-15.165995 -72.952531,-15.165952 -72.952511,-15.165882 -72.95249,-15.165838 -72.952516,-15.165791 -72.952513,-15.165764 -72.95252,-15.165749 -72.952518,-15.165722 -72.952477,-15.165658 -72.952473,-15.165627 -72.952495,-15.165571 -72.95248,-15.165453 -72.952491,-15.165382 -72.952439,-15.165202 -72.952448,-15.165175 -72.952437,-15.165122 -72.952441,-15.165089 -72.952429,-15.165056 -72.952438,-15.164996 -72.952436,-15.16489 -72.952413,-15.164804 -72.952409,-15.164659 -72.952386,-15.164526 -72.952374,-15.16452 -72.952377,-15.164359 -72.952386,-15.164338 -72.952393,-15.164259 -72.952404,-15.16423 -72.952425,-15.164215 -72.952434,-15.164194 -72.952429,-15.164115 -72.95244,-15.163986 -72.952406,-15.16381 -72.952439,-15.163726 -72.95246,-15.163692 -72.952461,-15.163623 -72.952472,-15.163596 -72.952467,-15.163514 -72.952487,-15.16346 -72.952472,-15.163413 -72.95247,-15.16332 -72.952465,-15.163322 -72.952479,-15.163298 -72.952486,-15.16323 -72.952501,-15.163186 -72.952499,-15.163159 -72.952515,-15.163061 -72.952526,-15.163033 -72.952561,-15.163011 -72.95257,-15.162929 -72.952564,-15.162923 -72.952573,-15.162904 -72.952579,-15.162851 -72.952592,-15.162812 -72.952631,-15.162747 -72.952647,-15.162622 -72.952677,-15.162564 -72.95269,-15.162552 -72.952698,-15.162511 -72.952743,-15.162406 -72.952746,-15.162363 -72.952759,-15.162336 -72.95276,-15.162258 -72.952783,-15.162176 -72.952796,-15.162092 -72.952809,-15.162079 -72.952796,-15.162013 -72.952797,-15.161977 -72.952819,-15.161952 -72.952814,-15.161957 -72.952913,-15.1617 -72.952913,-15.161609 -72.952892,-15.16141 -72.952904,-15.161361 -72.952885,-15.161257 -72.952892,-15.161226 -72.952879,-15.16118 -72.952885,-15.161131 -72.952846,-15.161008 -72.952841,-15.160967 -72.952863,-15.160838 -72.952865,-15.160767 -72.952881,-15.160721 -72.95288,-15.160679 -72.952905,-15.160621 -72.952903,-15.160597 -72.952919,-15.16051 -72.952919,-15.160438 -72.952938,-15.160403 -72.952939,-15.160216 -72.952948,-15.160176 -72.952962,-15.160169 -72.952971,-15.1601 -72.952951,-15.160067 -72.952938,-15.160023 -72.952922,-15.16001 -72.952909,-15.159912 -72.952921,-15.159889 -72.952868,-15.15977 -72.952855,-15.159698 -72.952841,-15.159662 -72.952841,-15.159549 -72.952866,-15.159483 -72.952868,-15.159383 -72.952878,-15.15932 -72.952857,-15.159298 -72.952849,-15.159247 -72.952859,-15.159194 -72.952831,-15.159165 -72.952829,-15.159101 -72.952836,-15.159074 -72.952829,-15.159043 -72.952813,-15.159009 -72.95277,-15.158961 -72.952793,-15.158834 -72.952798,-15.158761 -72.952794,-15.158737 -72.952768,-15.158684 -72.952757,-15.158615 -72.952768,-15.15855 -72.952784,-15.158523 -72.95279,-15.158476 -72.952726,-15.158389 -72.952727,-15.158307 -72.952742,-15.158195 -72.952733,-15.158107 -72.952819,-15.158031 -72.952848,-15.158019 -72.952851,-15.158023 -72.952851,-15.158016 -72.952863,-15.15803 -72.952859,-15.158056 -72.952862,-15.15806 -72.952864,-15.158055 -72.952854,-15.158063 -72.952836,-15.158076 -72.952844,-15.158087 -72.952863,-15.158079 -72.952956,-15.157782 -72.952968,-15.157685 -72.952963,-15.157616 -72.952944,-15.157607 -72.952942,-15.157584 -72.952895,-15.157556 -72.952885,-15.157541 -72.95291,-15.157453 -72.952893,-15.157432 -72.952881,-15.157387 -72.952887,-15.157308 -72.952883,-15.157222 -72.952815,-15.157137 -72.952797,-15.157087 -72.952756,-15.157065 -72.952739,-15.157021 -72.952741,-15.156996 -72.952724,-15.156957 -72.952719,-15.156917 -72.952728,-15.156882 -72.952722,-15.156817 -72.952692,-15.15676 -72.952694,-15.156735 -72.952713,-15.156703 -72.95272,-15.156649 -72.95273,-15.156631 -72.952795,-15.156582 -72.952834,-15.156517 -72.952844,-15.156487 -72.95283,-15.156466 -72.952842,-15.156424 -72.952819,-15.156346 -72.952827,-15.156309 -72.952811,-15.156293 -72.952804,-15.156261 -72.952811,-15.15622 -72.9528,-15.156183 -72.95281,-15.156142 -72.952808,-15.15609 -72.952751,-15.156019 -72.952766,-15.156006 -72.952768,-15.155985 -72.952716,-15.155913 -72.952699,-15.155863 -72.952667,-15.155835 -72.952659,-15.1558 -72.952635,-15.155748 -72.952625,-15.15574 -72.952587,-15.15565 -72.952572,-15.155632 -72.952458,-15.155546 -72.952445,-15.155504 -72.952409,-15.155476 -72.952399,-15.155459 -72.952391,-15.155409 -72.952367,-15.155363 -72.952366,-15.155285 -72.952318,-15.155244 -72.952303,-15.155214 -72.952254,-15.155166 -72.952185,-15.155077 -72.952111,-15.155036 -72.952084,-15.154999 -72.952075,-15.154964 -72.952062,-15.154944 -72.951991,-15.154898 -72.951953,-15.154863 -72.951942,-15.154839 -72.95191,-15.154807 -72.951861,-15.154771 -72.951839,-15.154722 -72.951815,-15.154698 -72.951755,-15.154678 -72.951734,-15.154657 -72.951678,-15.154633 -72.95167,-15.154613 -72.951652,-15.1546 -72.951584,-15.154593 -72.951551,-15.154609 -72.951413,-15.154597 -72.951387,-15.154588 -72.951366,-15.154563 -72.951364,-15.154528 -72.951352,-15.154509 -72.951361,-15.154375 -72.951324,-15.154248 -72.951289,-15.154157 -72.951283,-15.154119 -72.951292,-15.154102 -72.951294,-15.154051 -72.951291,-15.154058 -72.951278,-15.154059 -72.951288,-15.154053 -72.951288,-15.15404 -72.951261,-15.15407 -72.951237,-15.154078 -72.951242,-15.154038 -72.951263,-15.154004 -72.951242,-15.153947 -72.951235,-15.153841 -72.951254,-15.153804 -72.951248,-15.153788 -72.95125,-15.153749 -72.951296,-15.153665 -72.951285,-15.153636 -72.951291,-15.153628 -72.951271,-15.153616 -72.951263,-15.153624 -72.951266,-15.153605 -72.95126,-15.153592 -72.951278,-15.15349 -72.951281,-15.153424 -72.951277,-15.153361 -72.951256,-15.153296 -72.951271,-15.153166 -72.951261,-15.152978 -72.951275,-15.152894 -72.951294,-15.15286 -72.951362,-15.152657 -72.951385,-15.152532 -72.951405,-15.152472 -72.951411,-15.152424 -72.951405,-15.152381 -72.951418,-15.152333 -72.951422,-15.152262 -72.95141,-15.152231 -72.951418,-15.152185 -72.951411,-15.152166 -72.951412,-15.152095 -72.951398,-15.152046 -72.951389,-15.151861 -72.951417,-15.151791 -72.95142,-15.151706 -72.95145,-15.151629 -72.951455,-15.151565 -72.95147,-15.151532 -72.951469,-15.151436 -72.951503,-15.15139 -72.951492,-15.151372 -72.951478,-15.151377 -72.951483,-15.151373 -72.951486,-15.151369 -72.951481,-15.151375 -72.951474,-15.151374 -72.951464,-15.151382 -72.951464,-15.151387 -72.951463,-15.151388 -72.951463,-15.151386 -72.951463,-15.151386 -72.951464,-15.151386 -72.951465,-15.151386 -72.951468,-15.151383 -72.951471,-15.151377 -72.95147,-15.151377 -72.951471,-15.151372 -72.951474,-15.151363 -72.951487,-15.151344 -72.951489,-15.151325 -72.951549,-15.151249 -72.951554,-15.151227 -72.951583,-15.151179 -72.951611,-15.151158 -72.951654,-15.151094 -72.951711,-15.151058 -72.951738,-15.150996 -72.951766,-15.150958 -72.951759,-15.150957 -72.951824,-15.150904 -72.951862,-15.15088 -72.951885,-15.150874 -72.95188,-15.150874 -72.95193,-15.15079 -72.951955,-15.150697 -72.951997,-15.1506 -72.952043,-15.150463 -72.952079,-15.150394 -72.952111,-15.150368 -72.952123,-15.150337 -72.952162,-15.150278 -72.952198,-15.15014 -72.952216,-15.150101 -72.952239,-15.150076 -72.952251,-15.150049 -72.952343,-15.149984 -72.952351,-15.149949 -72.952382,-15.149903 -72.952389,-15.149868 -72.952432,-15.149818 -72.952449,-15.149768 -72.952527,-15.149691 -72.952569,-15.149663 -72.95258,-15.149632 -72.952601,-15.149606 -72.952607,-15.149582 -72.952641,-15.149543 -72.952663,-15.149498 -72.95272,-15.149447 -72.952724,-15.149431 -72.952792,-15.149338 -72.952864,-15.149217 -72.952877,-15.14912 -72.95289,-15.149085 -72.952925,-15.149032 -72.952917,-15.149039 -72.95292,-15.149018 -72.952955,-15.14897 -72.952955,-15.148937 -72.952992,-15.148849 -72.953032,-15.148794 -72.953038,-15.148771 -72.953027,-15.148702 -72.953054,-15.148611 -72.953093,-15.148532 -72.953114,-15.148452 -72.953113,-15.148426 -72.953132,-15.14838 -72.95317,-15.148327 -72.953179,-15.14828 -72.953191,-15.148252 -72.953201,-15.148246 -72.953205,-15.148224 -72.953246,-15.148168 -72.953262,-15.148134 -72.953274,-15.148065 -72.953309,-15.14795 -72.95332,-15.147878 -72.953317,-15.14785 -72.953312,-15.147822 -72.953284,-15.147794 -72.953287,-15.147724 -72.9533,-15.147712 -72.953298,-15.147656 -72.953324,-15.147492 -72.95335,-15.147423 -72.953329,-15.147289 -72.953336,-15.147251 -72.953333,-15.147226 -72.953318,-15.147203 -72.953319,-15.147148 -72.953293,-15.147038 -72.953296,-15.147004 -72.95329,-15.146987 -72.953298,-15.146902 -72.953272,-15.146853 -72.95328,-15.146824 -72.953272,-15.146792 -72.95328,-15.146779 -72.953251,-15.146746 -72.953243,-15.146748 -72.953217,-15.146728 -72.953192,-15.146724 -72.953187,-15.146663 -72.953171,-15.146617 -72.953176,-15.146571 -72.953167,-15.146552 -72.953176,-15.146476 -72.953196,-15.146417 -72.953209,-15.1464 -72.953224,-15.146321 -72.953224,-15.146287 -72.953215,-15.146262 -72.953213,-15.146151 -72.953228,-15.146097 -72.953228,-15.146061 -72.953264,-15.145994 -72.953275,-15.145955 -72.953263,-15.145935 -72.953275,-15.145895 -72.953273,-15.145863 -72.953266,-15.145833 -72.95324,-15.145835 -72.953246,-15.1458 -72.953227,-15.145746 -72.953237,-15.145688 -72.95321,-15.145589 -72.953244,-15.14547 -72.953284,-15.145379 -72.953308,-15.145354 -72.953324,-15.1453 -72.953325,-15.145229 -72.953371,-15.145106 -72.953431,-15.145016 -72.953479,-15.144816 -72.953505,-15.144749 -72.953509,-15.144698 -72.953532,-15.14465 -72.953517,-15.14462 -72.953532,-15.144604 -72.953537,-15.144576 -72.953521,-15.144506 -72.953554,-15.144465 -72.953586,-15.144383 -72.953562,-15.144362 -72.953556,-15.144343 -72.953532,-15.144314 -72.953516,-15.144272 -72.953517,-15.144248 -72.953535,-15.144198 -72.953521,-15.144168 -72.953506,-15.144076 -72.953527,-15.14396 -72.953506,-15.14392 -72.953563,-15.143795 -72.953562,-15.143757 -72.953578,-15.143722 -72.953543,-15.143625 -72.953556,-15.14359 -72.953545,-15.143572 -72.953533,-15.143568 -72.953523,-15.143511 -72.953529,-15.143444 -72.953509,-15.143409 -72.953512,-15.143366 -72.953493,-15.143309 -72.9535,-15.143284 -72.95349,-15.143246 -72.95347,-15.143215 -72.953474,-15.143176 -72.95343,-15.143099 -72.953406,-15.143038 -72.953386,-15.142849 -72.953398,-15.142823 -72.953392,-15.14279 -72.953426,-15.142719 -72.953419,-15.142693 -72.953425,-15.142535 -72.953436,-15.14248 -72.953454,-15.142437 -72.953431,-15.142383 -72.953411,-15.142356 -72.953419,-15.14235 -72.95342,-15.142323 -72.953411,-15.142276 -72.953389,-15.142239 -72.953383,-15.142194 -72.953396,-15.142172 -72.953394,-15.142143 -72.953402,-15.142142 -72.9534,-15.142146 -72.9534,-15.142147 -72.953401,-15.142145 -72.9534,-15.142142 -72.953389,-15.142047 -72.953382,-15.141907 -72.953414,-15.141811 -72.953444,-15.141753 -72.953432,-15.141722 -72.953442,-15.141616 -72.953478,-15.141542 -72.953505,-15.141522 -72.953524,-15.141497 -72.953558,-15.141379 -72.95364,-15.141256 -72.95365,-15.141232 -72.953648,-15.141217 -72.953641,-15.14122 -72.953645,-15.141212 -72.953702,-15.14114 -72.953792,-15.140967 -72.953851,-15.140899 -72.953897,-15.140818 -72.953934,-15.140728 -72.95399,-15.140658 -72.954005,-15.140582 -72.953989,-15.140485 -72.95401,-15.140413 -72.954043,-15.140349 -72.954068,-15.140333 -72.954059,-15.140321 -72.954077,-15.140285 -72.954095,-15.140167 -72.954124,-15.140109 -72.954142,-15.139994 -72.954186,-15.139916 -72.954233,-15.139778 -72.954235,-15.139776 -72.954236,-15.139774 -72.954239,-15.139771 -72.954251,-15.139768 -72.954266,-15.139772 -72.954237,-15.139824 -72.954235,-15.139777 -72.954241,-15.139744 -72.954298,-15.139703 -72.954372,-15.139605 -72.954514,-15.13949 -72.954524,-15.139465 -72.95458,-15.139419 -72.954591,-15.139374 -72.954628,-15.139332 -72.954645,-15.139287 -72.954647,-15.139236 -72.954659,-15.139199 -72.95466,-15.139168 -72.954674,-15.139133 -72.95471,-15.13909 -72.954716,-15.139091 -72.954747,-15.139045 -72.954769,-15.138975 -72.95479,-15.138842 -72.954781,-15.138812 -72.954776,-15.138705 -72.954783,-15.138653 -72.954748,-15.138556 -72.954714,-15.13841 -72.954723,-15.1384 -72.95473,-15.138263 -72.954773,-15.138186 -72.954854,-15.13811 -72.954966,-15.137945 -72.955061,-15.137867 -72.955063,-15.137855 -72.95508,-15.137839 -72.955115,-15.137765 -72.955116,-15.137738 -72.955216,-15.137621 -72.955231,-15.137587 -72.955217,-15.137577 -72.955245,-15.137549 -72.955339,-15.137386 -72.955376,-15.137351 -72.9554,-15.13727 -72.955413,-15.137257 -72.955415,-15.137221 -72.955458,-15.13719 -72.955467,-15.137172 -72.955452,-15.137152 -72.955446,-15.137125 -72.955478,-15.137049 -72.955476,-15.136998 -72.955462,-15.136966 -72.955461,-15.136936 -72.955465,-15.136903 -72.955489,-15.136843 -72.95547,-15.13682 -72.955456,-15.136775 -72.955466,-15.136696 -72.955454,-15.136664 -72.955451,-15.136592 -72.955436,-15.136563 -72.955448,-15.136489 -72.955442,-15.136391 -72.955449,-15.136289 -72.955474,-15.136213 -72.955468,-15.136206 -72.955477,-15.13619 -72.955486,-15.136105 -72.955502,-15.136064 -72.955488,-15.13604 -72.955513,-15.136 -72.955493,-15.13601 -72.955485,-15.135991 -72.955515,-15.135936 -72.95551,-15.135881 -72.95553,-15.135749 -72.955528,-15.135719 -72.955519,-15.135706 -72.955531,-15.135667 -72.955525,-15.135639 -72.955536,-15.135559 -72.95553,-15.135559 -72.955558,-15.1355 -72.955559,-15.135463 -72.955553,-15.13545 -72.955564,-15.135408 -72.955561,-15.135202 -72.955592,-15.135125 -72.955608,-15.135057 -72.955626,-15.135047 -72.955631,-15.135033 -72.955643,-15.134848 -72.955641,-15.134731 -72.955669,-15.134666 -72.955674,-15.134623 -72.955703,-15.134561 -72.955693,-15.134539 -72.955701,-15.134496 -72.955693,-15.134459 -72.955702,-15.134419 -72.955697,-15.134385 -72.955707,-15.13434 -72.95573,-15.134302 -72.955742,-15.134216 -72.955756,-15.134176 -72.955755,-15.134139 -72.955736,-15.134124 -72.955744,-15.134105 -72.955733,-15.134096 -72.955723,-15.134022 -72.955699,-15.133998 -72.9557,-15.133977 -72.955689,-15.133954 -72.95572,-15.133899 -72.955721,-15.133828 -72.955742,-15.133735 -72.955785,-15.133707 -72.95578,-15.13371 -72.95577,-15.133632 -72.955745,-15.133593 -72.955751,-15.133532 -72.955746,-15.133491 -72.95573,-15.133466 -72.955731,-15.133435 -72.955711,-15.133419 -72.955719,-15.133363 -72.955749,-15.13329 -72.955757,-15.133241 -72.955795,-15.133185 -72.955777,-15.133158 -72.955761,-15.133042 -72.955748,-15.133023 -72.955748,-15.13298 -72.955769,-15.132945 -72.955788,-15.132873 -72.955728,-15.132813 -72.955745,-15.132731 -72.955762,-15.132699 -72.955772,-15.132658 -72.955744,-15.132611 -72.955754,-15.132538 -72.955692,-15.132441 -72.955709,-15.13236 -72.95568,-15.132252 -72.955688,-15.132171 -72.955712,-15.132134 -72.955705,-15.132101 -72.955712,-15.132007 -72.955694,-15.131966 -72.95571,-15.131903 -72.955711,-15.131848 -72.955696,-15.131819 -72.955706,-15.131784 -72.955724,-15.131783 -72.955727,-15.131718 -72.955708,-15.131669 -72.955708,-15.131627 -72.955722,-15.131601 -72.955718,-15.131579 -72.955699,-15.131561 -72.955689,-15.131519 -72.955689,-15.131482 -72.955705,-15.131436 -72.955704,-15.131362 -72.955692,-15.131339 -72.955666,-15.131314 -72.955666,-15.131252 -72.955633,-15.131236 -72.955628,-15.131218 -72.955642,-15.131118 -72.955626,-15.131017 -72.955643,-15.130943 -72.955625,-15.13085 -72.955588,-15.130736 -72.955564,-15.130709 -72.955531,-15.130646 -72.955518,-15.130601 -72.955494,-15.130566 -72.955499,-15.130537 -72.955475,-15.130392 -72.95549,-15.130349 -72.955494,-15.130276 -72.955487,-15.130213 -72.955495,-15.130067 -72.955454,-15.13001 -72.955421,-15.129903 -72.955409,-15.129816 -72.955358,-15.129675 -72.955341,-15.129643 -72.955307,-15.12961 -72.955245,-15.129513 -72.955215,-15.129439 -72.955181,-15.129401 -72.955169,-15.12931 -72.95513,-15.129237 -72.955106,-15.129219 -72.955119,-15.129194 -72.955108,-15.129161 -72.955086,-15.12915 -72.955051,-15.129072 -72.955049,-15.129053 -72.955016,-15.129021 -72.95501,-15.128993 -72.954982,-15.128979 -72.954949,-15.128909 -72.954927,-15.128835 -72.954912,-15.128821 -72.954904,-15.128796 -72.954927,-15.128767 -72.954926,-15.128737 -72.954887,-15.128669 -72.954879,-15.128637 -72.954884,-15.128618 -72.954879,-15.128588 -72.954868,-15.12856 -72.95482,-15.128526 -72.954804,-15.128492 -72.954842,-15.128464 -72.954798,-15.128439 -72.954772,-15.128404 -72.954764,-15.128375 -72.954727,-15.128339 -72.954709,-15.128267 -72.954721,-15.128239 -72.954714,-15.128221 -72.954686,-15.128187 -72.95467,-15.128124 -72.954645,-15.128094 -72.954616,-15.128077 -72.954601,-15.127997 -72.954571,-15.127962 -72.954576,-15.12794 -72.954548,-15.127917 -72.954546,-15.127885 -72.954568,-15.127859 -72.954541,-15.127787 -72.95454,-15.127748 -72.954504,-15.12769 -72.954513,-15.127657 -72.954465,-15.127606 -72.95445,-15.127543 -72.954461,-15.127459 -72.954442,-15.127429 -72.954449,-15.127372 -72.954494,-15.127267 -72.954499,-15.127232 -72.954478,-15.127201 -72.954485,-15.12711 -72.954479,-15.127075 -72.95449,-15.127032 -72.954488,-15.126996 -72.954478,-15.126982 -72.954474,-15.12687 -72.954533,-15.126656 -72.954519,-15.126588 -72.95455,-15.126543 -72.954544,-15.126529 -72.954561,-15.12651 -72.954593,-15.126438 -72.954575,-15.126415 -72.954587,-15.126384 -72.954602,-15.126295 -72.954622,-15.126257 -72.954669,-15.12622 -72.954652,-15.126148 -72.954666,-15.126096 -72.954733,-15.125982 -72.954728,-15.125958 -72.954763,-15.125864 -72.95478,-15.125836 -72.95478,-15.125814 -72.954791,-15.125787 -72.954866,-15.125674 -72.954887,-15.125622 -72.95495,-15.125552 -72.954957,-15.125523 -72.954982,-15.125494 -72.955009,-15.12544 -72.955006,-15.125413 -72.955026,-15.125379 -72.955038,-15.125336 -72.95513,-15.125204 -72.955153,-15.125135 -72.955197,-15.125084 -72.955315,-15.124987 -72.955331,-15.124951 -72.955358,-15.124925 -72.955379,-15.124918 -72.955461,-15.124801 -72.955509,-15.124712 -72.955523,-15.124663 -72.955533,-15.124661 -72.95554,-15.124641 -72.955565,-15.12461 -72.955571,-15.124582 -72.955612,-15.124533 -72.955671,-15.124487 -72.95568,-15.124465 -72.955725,-15.124438 -72.955781,-15.124377 -72.955833,-15.124334 -72.955846,-15.124334 -72.955883,-15.124293 -72.955939,-15.124272 -72.955976,-15.124226 -72.956024,-15.124209 -72.956045,-15.124209 -72.956082,-15.124159 -72.956105,-15.124143 -72.956224,-15.12407 -72.956314,-15.124026 -72.956328,-15.124009 -72.95648,-15.123908 -72.956494,-15.123885 -72.956523,-15.123881 -72.95656,-15.123843 -72.956594,-15.123821 -72.956653,-15.123759 -72.956801,-15.123717 -72.956844,-15.123684 -72.956957,-15.123652 -72.957071,-15.123593 -72.957094,-15.123573 -72.957176,-15.123552 -72.957219,-15.123526 -72.957308,-15.123512 -72.957495,-15.12346 -72.957577,-15.123461 -72.957735,-15.123479 -72.957807,-15.123469 -72.957827,-15.123453 -72.957856,-15.123406 -72.957855,-15.123388 -72.957873,-15.123372 -72.957903,-15.123384 -72.957982,-15.123396 -72.9580319033592,-15.1233846773723</coordinates></LineString></MultiGeometry>
  </Placemark>
  <Placemark id="Route.5">
	<name>20 julio (est)</name>
	<description>&lt;b&gt;Descripción:&lt;/b&gt; Ida&lt;br&gt;&lt;b&gt;Inicio:&lt;/b&gt; 2007-07-20 07:39:55&lt;br&gt;&lt;b&gt;Fin:&lt;/b&gt; 2007-07-20 16:00:00&lt;br&gt;&lt;b&gt;Duración:&lt;/b&gt; 8.3 horas&lt;br&gt;</description>
	<Style><LineStyle><color>FF2ca033</color><width>4.25196</width></LineStyle><PolyStyle><fill>0</fill></PolyStyle></Style>
	<ExtendedData><SchemaData schemaUrl="#Route">
		<SimpleData name="fid">11</SimpleData>
		<SimpleData name="duracion">8.33</SimpleData>
		<SimpleData name="inicio_local">2007-07-20 07:39:55</SimpleData>
		<SimpleData name="fin_local">2007-07-20 16:00:00</SimpleData>
		<SimpleData name="nombre">20 julio (est)</SimpleData>
		<SimpleData name="descrip">Ida</SimpleData>
	</SchemaData></ExtendedData>
      <MultiGeometry><LineString><coordinates>-72.958055,-15.123223 -72.958097,-15.123199 -72.95815,-15.123156 -72.95819,-15.123111 -72.958205,-15.123077 -72.958243,-15.123041 -72.958384,-15.12298 -72.958411,-15.122948 -72.958468,-15.122903 -72.958486,-15.122877 -72.958508,-15.122867 -72.958528,-15.122845 -72.958715,-15.122738 -72.958906,-15.122684 -72.958918,-15.122669 -72.958928,-15.122633 -72.959021,-15.12254 -72.959044,-15.122488 -72.959062,-15.122467 -72.959071,-15.122416 -72.959108,-15.122347 -72.959122,-15.122278 -72.959183,-15.122169 -72.959195,-15.122122 -72.95921,-15.122105 -72.959236,-15.122015 -72.959241,-15.121952 -72.959249,-15.121938 -72.959246,-15.121917 -72.959267,-15.12181 -72.959277,-15.121799 -72.959299,-15.121717 -72.959336,-15.121633 -72.959348,-15.121545 -72.95944,-15.121369 -72.959472,-15.121268 -72.959517,-15.121186 -72.959535,-15.121093 -72.959531,-15.121026 -72.959548,-15.120969 -72.959581,-15.120917 -72.959599,-15.120903 -72.959644,-15.120783 -72.959659,-15.120762 -72.959685,-15.120678 -72.959694,-15.120604 -72.959709,-15.120568 -72.959713,-15.12053 -72.959738,-15.120487 -72.959768,-15.120456 -72.959798,-15.120388 -72.959807,-15.120363 -72.959807,-15.120333 -72.959843,-15.120234 -72.959875,-15.120199 -72.959917,-15.120131 -72.959943,-15.120105 -72.959997,-15.119987 -72.960035,-15.119928 -72.960054,-15.119869 -72.960139,-15.119694 -72.960183,-15.119637 -72.960202,-15.119589 -72.960246,-15.119543 -72.960278,-15.119478 -72.960325,-15.119416 -72.960343,-15.119404 -72.960413,-15.119322 -72.960476,-15.119267 -72.96052,-15.119183 -72.960567,-15.119126 -72.960583,-15.119081 -72.960635,-15.118995 -72.960685,-15.118958 -72.960751,-15.118889 -72.960779,-15.11887 -72.96081,-15.118817 -72.96084,-15.118783 -72.960855,-15.118752 -72.96085,-15.11874 -72.960875,-15.118664 -72.96088,-15.118643 -72.960875,-15.118622 -72.960895,-15.118576 -72.960903,-15.118524 -72.96093,-15.11847 -72.960953,-15.118369 -72.960993,-15.118288 -72.961005,-15.118191 -72.960978,-15.11801 -72.960978,-15.1179 -72.960984,-15.117883 -72.960975,-15.117846 -72.960998,-15.117728 -72.961029,-15.117677 -72.96103,-15.11765 -72.961049,-15.117608 -72.961046,-15.117532 -72.961082,-15.117431 -72.961075,-15.117374 -72.961079,-15.117296 -72.96113,-15.117219 -72.961138,-15.117181 -72.961154,-15.11716 -72.961157,-15.117119 -72.961189,-15.117066 -72.9612,-15.117002 -72.96125,-15.116906 -72.961263,-15.116826 -72.961317,-15.1167 -72.96131,-15.116647 -72.961317,-15.116624 -72.961336,-15.116578 -72.961387,-15.116492 -72.961398,-15.116485 -72.961402,-15.116441 -72.961419,-15.116387 -72.961413,-15.116353 -72.961427,-15.116272 -72.961446,-15.116248 -72.961465,-15.116187 -72.961468,-15.116142 -72.961495,-15.116062 -72.961484,-15.115986 -72.961541,-15.115864 -72.961542,-15.115827 -72.961546,-15.115815 -72.961554,-15.115814 -72.961581,-15.11573 -72.961578,-15.115708 -72.961594,-15.11567 -72.961598,-15.115637 -72.961616,-15.115612 -72.96162,-15.115497 -72.961647,-15.115428 -72.961637,-15.115389 -72.961669,-15.115271 -72.961666,-15.115236 -72.961681,-15.115198 -72.961689,-15.115066 -72.961679,-15.115028 -72.96169,-15.114986 -72.961744,-15.114849 -72.961783,-15.114796 -72.961815,-15.114727 -72.961839,-15.114646 -72.961886,-15.114601 -72.961931,-15.114526 -72.961989,-15.114453 -72.961987,-15.114435 -72.962024,-15.114395 -72.962046,-15.114351 -72.962049,-15.114319 -72.962064,-15.114283 -72.962086,-15.114252 -72.962095,-15.11421 -72.962111,-15.11419 -72.962119,-15.114145 -72.962142,-15.114096 -72.962173,-15.113976 -72.962166,-15.113925 -72.962186,-15.11384 -72.962208,-15.113807 -72.962206,-15.11378 -72.962221,-15.113756 -72.962244,-15.113617 -72.96227,-15.113549 -72.962278,-15.113507 -72.962288,-15.113391 -72.962281,-15.113342 -72.962295,-15.113312 -72.962308,-15.113189 -72.962325,-15.113153 -72.96232,-15.11314 -72.962329,-15.113101 -72.96232,-15.113063 -72.96233,-15.113033 -72.962332,-15.112982 -72.962324,-15.112961 -72.962332,-15.112906 -72.962358,-15.112849 -72.962352,-15.112824 -72.962372,-15.112792 -72.962369,-15.112773 -72.962386,-15.112757 -72.962404,-15.112717 -72.96244,-15.112563 -72.962457,-15.112532 -72.962471,-15.112455 -72.962505,-15.112397 -72.962514,-15.112354 -72.962556,-15.112291 -72.962567,-15.112251 -72.962586,-15.112217 -72.962625,-15.112182 -72.962666,-15.112114 -72.96267,-15.112076 -72.962664,-15.112037 -72.962686,-15.111948 -72.96268,-15.111929 -72.96269,-15.111891 -72.962715,-15.111849 -72.962717,-15.111822 -72.962708,-15.111781 -72.962668,-15.111696 -72.962685,-15.11168 -72.962695,-15.111627 -72.962696,-15.111558 -72.962684,-15.111513 -72.962696,-15.111405 -72.962691,-15.111332 -72.962669,-15.111264 -72.962665,-15.111226 -72.962658,-15.111224 -72.962654,-15.111204 -72.962637,-15.111194 -72.962613,-15.111161 -72.962586,-15.111101 -72.962597,-15.111042 -72.962543,-15.110917 -72.962545,-15.110868 -72.962537,-15.110861 -72.962539,-15.110822 -72.962531,-15.110787 -72.962536,-15.110684 -72.96252,-15.110635 -72.962531,-15.110602 -72.962523,-15.110571 -72.962536,-15.110534 -72.962524,-15.110497 -72.962524,-15.110472 -72.962544,-15.110391 -72.962538,-15.110266 -72.962531,-15.110211 -72.962508,-15.110167 -72.962501,-15.110069 -72.962493,-15.110046 -72.962481,-15.110042 -72.962473,-15.109998 -72.96249,-15.109928 -72.962537,-15.109896 -72.962582,-15.109792 -72.962584,-15.109758 -72.96262,-15.109678 -72.962629,-15.109641 -72.962652,-15.109605 -72.962666,-15.109595 -72.962685,-15.109547 -72.962701,-15.109454 -72.962762,-15.109336 -72.962781,-15.109262 -72.962782,-15.109216 -72.962832,-15.109108 -72.962828,-15.109003 -72.96283,-15.108981 -72.962844,-15.10896 -72.962841,-15.108918 -72.962822,-15.108894 -72.962822,-15.108859 -72.962852,-15.108738 -72.962858,-15.108526 -72.962876,-15.108462 -72.962868,-15.108389 -72.962886,-15.108285 -72.962882,-15.108267 -72.96289,-15.108253 -72.962894,-15.108142 -72.962914,-15.108073 -72.962909,-15.108015 -72.962897,-15.10799 -72.962903,-15.107976 -72.962892,-15.107959 -72.962911,-15.107888 -72.962903,-15.10785 -72.962913,-15.107784 -72.962906,-15.107754 -72.962921,-15.107675 -72.962913,-15.107627 -72.962927,-15.107559 -72.962925,-15.107517 -72.962946,-15.107461 -72.962938,-15.107435 -72.962943,-15.107407 -72.962933,-15.107294 -72.962956,-15.10721 -72.962967,-15.10712 -72.962996,-15.107048 -72.962998,-15.106992 -72.96302,-15.106953 -72.963017,-15.10684 -72.963047,-15.106755 -72.963056,-15.10675 -72.963064,-15.1067 -72.963094,-15.106623 -72.9631,-15.106546 -72.963139,-15.106464 -72.963145,-15.106406 -72.963135,-15.106351 -72.963163,-15.106225 -72.963151,-15.106085 -72.963167,-15.106026 -72.96317,-15.105983 -72.963165,-15.105974 -72.963186,-15.105913 -72.963175,-15.105867 -72.963199,-15.105796 -72.96319,-15.105674 -72.963211,-15.105641 -72.963221,-15.105554 -72.963199,-15.105503 -72.9631942085906,-15.1052928308377 -72.9632523341339,-15.1048797242974 -72.9636758202355,-15.1030197069101 -72.9640743953899,-15.1018239814468 -72.9654943193776,-15.09890940063 -72.9656769996567,-15.0980043028834 -72.9656769996567,-15.0969746504012 -72.9660755748112,-15.0951976695043 -72.9663163806336,-15.0938026564638 -72.9672380856783,-15.0923329105818 -72.9686912242621,-15.0912949544505 -72.9692963526868,-15.0908984552083 -72.9695205512111,-15.0905912201934 -72.9695952840526,-15.0903338070729 -72.9697032314902,-15.0898854100241 -72.9697364460864,-15.0894619239226 -72.9700768956975,-15.0894619239226 -72.9704671672029,-15.0889221867343 -72.9703093978709,-15.0885402188779 -72.9705169890972,-15.0878759269539 -72.9712643175118,-15.0859743913213 -72.9714968196852,-15.0845876819298 -72.9722192371526,-15.082329089388 -72.9724019174317,-15.080028978601 -72.9729582619181,-15.0782686050022 -72.9732987115292,-15.0777952970063 -72.9744030968529,-15.0770147539956 -72.9747684574112,-15.07627572923 -72.9755157858257,-15.0755117935174 -72.9766616893947,-15.0744074081936 -72.9772761594245,-15.072742526559 -72.9776207608601,-15.0723356477555 -72.9781771053465,-15.0719163134784 -72.978671172465,-15.0715135864995 -72.9791195695137,-15.071272780677 -72.9805810117467,-15.0698653121629 -72.9808135139201,-15.0696577209366 -72.9811207489349,-15.0690681618541 -72.9813075810507,-15.0689574467265 -72.9814155284762,-15.068569942911 -72.981050167918,-15.0679388655832 -72.9807678438503,-15.0675568977268 -72.9805851635712,-15.0674572539382 -72.9801284628734,-15.067590112323 -72.9800454263829,-15.0673991283949 -72.9802364103111,-15.0668427839085 -72.9797464950171,-15.0664525124031 -72.9798627461038,-15.0658380423733 -72.9801948920658,-15.0651073212569 -72.9813906175291,-15.0628985506094 -72.9827358086753,-15.0601583464227 -72.9835256932912,-15.0581519772208 -72.9837083735704,-15.0564580328145 -72.9842231998115,-15.055727311698 -72.9844149989521,-15.0549222198883 -72.9849419715529,-15.0538922279867 -72.9851335979532,-15.0529101426853 -72.9851934812033,-15.052023870584 -72.9854569675037,-15.0516046878334 -72.9859599868044,-15.0511855050828 -72.9863312629549,-15.0505267893318 -72.9867025391055,-15.0493770309301 -72.9876726477569,-15.0473889070272 -72.9882235736577,-15.0468739110764 -72.9884391533581,-15.0460594988752 -72.98978053816,-15.044538464323 -72.9908943666117,-15.0432928927211 -72.9928705138646,-15.0410412825178 -72.9934813230155,-15.0400112906163 -72.9944514316669,-15.0389693220648 -72.9952179372681,-15.0380231667134 -72.9962359525196,-15.0366338753113 -72.9971222246209,-15.0353883037095 -72.9999846439751,-15.0328732072058 -73.0003798734257,-15.0324061178551 -73.0009547526265,-15.0315078691038 -73.0018649780279,-15.030286250802 -73.0025476470789,-15.0292442822504 -73.0025955536789,-15.0283460334991 -73.0031734270423,-15.026908835497 -73.0040806582811,-15.0258968085705 -73.0042812671689,-15.0253488768322 -73.0047992572821,-15.0242919374681 -73.0055058796332,-15.0230643308413 -73.0062125019842,-15.0219385257397 -73.0070029608854,-15.0203576079373 -73.0072784238358,-15.0198905185867 -73.0075898167363,-15.0190761063855 -73.0088713182881,-15.0168364728322 -73.0090150380884,-15.0153154382799 -73.0096018939392,-15.0143453296285 -73.0103564228903,-15.0132674311269 -73.0124044300433,-15.0082252614695 -73.012871519394,-15.005901791366 -73.012188850343,-15.0049436593646 -73.0126679163437,-15.0033866948623 -73.0137577914953,-15.0020093801103 -73.0144165072463,-14.9994224237065 -73.0139284587581,-14.9942425225739 -73.0142278750086,-14.9926256748215 -73.0142697932836,-14.9912842900195 -73.0139404354081,-14.990236333143 -73.0137907272829,-14.9893320960666 -73.0138027039329,-14.9881464077149 -73.0127966653315,-14.98484085231 -73.0122816693807,-14.983487490858 -73.0120062064303,-14.9830084248573 -73.0118744632801,-14.9823257558063 -73.0117666734299,-14.9816311101053 -73.0113714439794,-14.9811280908045 -73.01179062673,-14.9804334451035</coordinates></LineString></MultiGeometry>
  </Placemark>
  <Placemark id="Route.6">
	<name>21 julio (est)</name>
	<description>&lt;b&gt;Descripción:&lt;/b&gt; Ida&lt;br&gt;&lt;b&gt;Inicio:&lt;/b&gt; 2007-07-21 05:50:55&lt;br&gt;&lt;b&gt;Fin:&lt;/b&gt; 2007-07-21 12:00:00&lt;br&gt;&lt;b&gt;Duración:&lt;/b&gt; 6.2 horas&lt;br&gt;</description>
	<Style><LineStyle><color>FF2ca033</color><width>4.25196</width></LineStyle><PolyStyle><fill>0</fill></PolyStyle></Style>
	<ExtendedData><SchemaData schemaUrl="#Route">
		<SimpleData name="fid">15</SimpleData>
		<SimpleData name="duracion">6.15</SimpleData>
		<SimpleData name="inicio_local">2007-07-21 05:50:55</SimpleData>
		<SimpleData name="fin_local">2007-07-21 12:00:00</SimpleData>
		<SimpleData name="nombre">21 julio (est)</SimpleData>
		<SimpleData name="descrip">Ida</SimpleData>
	</SchemaData></ExtendedData>
      <MultiGeometry><LineString><coordinates>-73.0151005122323,-14.9315849106353 -73.015086,-14.931546 -73.015085,-14.931525 -73.015092,-14.931525 -73.015085,-14.931517 -73.015097,-14.931516 -73.015092,-14.931496 -73.015103,-14.931489 -73.015088,-14.931466 -73.015056,-14.931455 -73.015062,-14.931425 -73.01504,-14.931426 -73.015053,-14.931419 -73.015055,-14.931402 -73.015068,-14.931385 -73.015068,-14.931364 -73.015054,-14.931342 -73.015062,-14.931336 -73.015058,-14.931305 -73.015081,-14.931301 -73.015068,-14.931285 -73.015069,-14.931267 -73.015095,-14.931155 -73.015103,-14.93115 -73.015087,-14.931121 -73.015057,-14.931104 -73.015077,-14.931095 -73.015087,-14.931075 -73.0150856585366,-14.9310739268293 -73.015082,-14.931071 -73.015084,-14.931076 -73.0150856585366,-14.9310739268293 -73.015088,-14.931071 -73.015114,-14.931076 -73.015123,-14.931067 -73.015097,-14.931055 -73.015092,-14.931036 -73.0151088888889,-14.9310444444445 -73.015139,-14.930941 -73.015069,-14.930832 -73.015047,-14.930778 -73.015049,-14.930743 -73.015035,-14.930715 -73.015041,-14.930699 -73.015022,-14.930659 -73.015023,-14.930644 -73.015048,-14.930598 -73.015057,-14.930529 -73.015047,-14.930523 -73.015054,-14.930516 -73.015048,-14.930498 -73.015026,-14.93047 -73.015001,-14.930403 -73.015018,-14.930375 -73.015061,-14.930338 -73.015073,-14.93031 -73.015077,-14.930279 -73.015061,-14.930229 -73.015082,-14.930185 -73.015056,-14.930131 -73.015069,-14.930067 -73.015066,-14.93005 -73.015006,-14.929942 -73.015018,-14.929902 -73.015013,-14.929842 -73.014969,-14.92976 -73.014974,-14.929753 -73.01497,-14.929721 -73.014977,-14.929708 -73.014973,-14.929693 -73.014979,-14.929685 -73.01495,-14.929539 -73.014953,-14.929525 -73.014994,-14.929473 -73.014995,-14.929404 -73.014965,-14.929357 -73.01497,-14.929353 -73.01495,-14.929317 -73.014944,-14.929296 -73.01495,-14.929264 -73.014928,-14.929219 -73.014913,-14.929152 -73.014925,-14.929081 -73.014905,-14.929051 -73.014885,-14.928964 -73.014881,-14.928879 -73.014869,-14.928852 -73.01488,-14.928823 -73.014881,-14.928692 -73.014891,-14.928671 -73.014876,-14.928591 -73.014884,-14.928569 -73.014874,-14.9285 -73.014857,-14.928447 -73.014861,-14.928438 -73.014839,-14.928416 -73.014829,-14.928355 -73.014845,-14.928298 -73.014842,-14.928279 -73.014849,-14.928271 -73.014833,-14.928248 -73.014835,-14.928226 -73.014822,-14.928199 -73.014853,-14.928081 -73.014845,-14.92805 -73.014861,-14.928028 -73.014846,-14.927959 -73.01487,-14.927889 -73.014871,-14.927865 -73.01485,-14.92783 -73.014842,-14.927791 -73.014858,-14.92775 -73.01484,-14.927687 -73.014853,-14.927664 -73.014843,-14.927647 -73.014833,-14.927591 -73.014824,-14.927581 -73.014829,-14.927566 -73.014819,-14.9275 -73.014826,-14.927462 -73.014812,-14.92743 -73.014816,-14.927403 -73.01479,-14.927309 -73.014799,-14.92729 -73.014789,-14.927234 -73.014808,-14.927191 -73.014811,-14.927165 -73.014805,-14.927147 -73.014815,-14.927102 -73.014805,-14.927072 -73.014812,-14.927053 -73.014785,-14.926962 -73.014794,-14.926954 -73.014779,-14.926921 -73.014788,-14.926912 -73.014787,-14.926892 -73.014805,-14.926826 -73.014794,-14.926816 -73.014785,-14.926774 -73.0148,-14.926727 -73.014799,-14.926701 -73.014781,-14.926655 -73.014771,-14.926655 -73.014772,-14.926495 -73.014762,-14.926471 -73.014763,-14.926405 -73.014785,-14.926372 -73.014781,-14.926339 -73.014789,-14.926329 -73.014798,-14.926265 -73.014797,-14.926222 -73.014766,-14.926129 -73.014767,-14.926094 -73.014736,-14.926039 -73.014745,-14.926008 -73.014745,-14.925972 -73.014757,-14.925943 -73.014751,-14.925909 -73.014758,-14.925902 -73.014745,-14.925879 -73.014749,-14.925858 -73.014742,-14.925847 -73.014742,-14.925838 -73.014753,-14.92583 -73.014755,-14.925804 -73.014743,-14.925742 -73.014741,-14.925685 -73.014757,-14.925656 -73.014773,-14.925643 -73.014778,-14.925647 -73.014776480273,-14.9255844793621 -73.0147459938712,-14.9255328869898 -73.014459421694,-14.9244410047827 -73.0143993869334,-14.924168972274 -73.0143280956553,-14.9239044441104 -73.0143712456394,-14.9230714618081 -73.0139434979706,-14.9220658795692 -73.0136358198229,-14.9212854276823 -73.0132230808443,-14.9202948541335 -73.0132155764992,-14.9195894456973 -73.0134256981611,-14.9189290633315 -73.0136808458933,-14.9181711244798 -73.0137408806538,-14.9177283681209 -73.0133506547104,-14.9173231334873 -73.0124651419926,-14.9164376207695 -73.0115195945142,-14.9155971341221 -73.0106190731063,-14.9151018473477 -73.0100112211559,-14.9146665953338 -73.0097335603885,-14.9145540301578 -73.0094709083111,-14.9140437346933 -73.0092007518888,-14.9138336130315 -73.009005638917,-14.9137660739259 -73.0085628825581,-14.9132332654262 -73.0084165478294,-14.9131272665521 -73.0080863566464,-14.9128608623023 -73.0079869240743,-14.9127614297301 -73.0079963045056,-14.9126488645541 -73.0081351348893,-14.9124040352964 -73.008266460928,-14.9122689570852 -73.0083340000336,-14.912155453866 -73.0083809021903,-14.9120522691214 -73.0083302478611,-14.9119734734982 -73.00824,-14.911913 -73.008034,-14.91199 -73.008001,-14.911986 -73.007949,-14.912003 -73.007909,-14.912018 -73.007859,-14.912049 -73.007819,-14.912058 -73.007756,-14.912043 -73.007673,-14.912042 -73.007576,-14.912026 -73.007363,-14.912055 -73.007308,-14.91207 -73.007222,-14.912075 -73.007192,-14.91207 -73.007156,-14.912084 -73.007128,-14.912079 -73.00706,-14.912109 -73.007011,-14.912113 -73.007004,-14.912119 -73.006986,-14.912111 -73.006962,-14.912124 -73.006936,-14.912128 -73.006913,-14.912127 -73.006889,-14.912113 -73.006829,-14.912099 -73.00681,-14.912078 -73.006825,-14.912061 -73.006822,-14.912054 -73.006783,-14.912019 -73.006733,-14.911934 -73.006725,-14.911885 -73.006713,-14.911859 -73.006689,-14.911843 -73.006673,-14.911819 -73.00665,-14.911775 -73.006654,-14.911768 -73.006632,-14.91174 -73.006615,-14.911676 -73.006583,-14.911632 -73.006565,-14.911573 -73.006562,-14.911531 -73.006546,-14.911495 -73.006517,-14.911463 -73.006518,-14.911449 -73.00648,-14.911388 -73.006469,-14.911344 -73.006445,-14.911309 -73.006429,-14.911263 -73.006431,-14.911237 -73.006359,-14.911118 -73.006351,-14.911078 -73.006311,-14.911043 -73.00627,-14.910985 -73.006272,-14.910974 -73.006238,-14.91088 -73.006239,-14.910852 -73.006222,-14.910811 -73.006216,-14.910772 -73.006208,-14.910749 -73.00617,-14.910694 -73.006139,-14.910575 -73.006141,-14.910532 -73.00612,-14.910445 -73.006087,-14.910387 -73.006094,-14.910384 -73.006094,-14.910352 -73.006079,-14.910335 -73.006076,-14.910282 -73.006052,-14.910235 -73.006057,-14.910226 -73.006039,-14.910182 -73.006035,-14.910143 -73.006014,-14.91012 -73.006021,-14.910084 -73.006006,-14.910024 -73.005998,-14.909894 -73.005985,-14.909868 -73.005969,-14.909859 -73.005925,-14.909799 -73.005917,-14.909775 -73.00591,-14.90978 -73.005891,-14.909768 -73.005889,-14.909756 -73.005848,-14.909735 -73.005844,-14.909715 -73.005816,-14.909703 -73.00579674769,-14.9096769129385 -73.0056619841685,-14.9096072596945 -73.0055836575668,-14.9095167385321 -73.0055226847632,-14.9094158988953 -73.0055095521593,-14.9088980990857 -73.0043557591054,-14.9068850585217 -73.003515272458,-14.9056543459308 -73.0023145772474,-14.9046037376215 -73.0014140558394,-14.9028627295662 -72.9979020223484,-14.8988103832304 -72.9945400757587,-14.8949081237959 -72.993669571731,-14.8936173764445 -72.9931592762665,-14.8934072547827 -72.9920486331967,-14.8930470462195 -72.9912813139137,-14.8922609660738 -72.9907710184492,-14.8906100101592 -72.9903057490551,-14.8885688283012 -72.990395,-14.88743 -72.990421,-14.887409 -72.990599,-14.887155 -72.990649,-14.887113 -72.990722,-14.886954 -72.990759,-14.886929 -72.990808,-14.886826 -72.990902,-14.886727 -72.990982,-14.886711 -72.990999,-14.886689 -72.991011,-14.886597 -72.991083,-14.886456 -72.991051,-14.886431 -72.991027,-14.886306 -72.990976,-14.886188 -72.99103,-14.886085 -72.991121,-14.886058 -72.991145,-14.886034 -72.99117,-14.885936 -72.991227,-14.885898 -72.99134,-14.885765 -72.991493,-14.885496 -72.99153,-14.88531 -72.991595,-14.885249 -72.991624,-14.885155 -72.991606,-14.885046 -72.991575,-14.884969 -72.991576,-14.884847 -72.991547,-14.884773 -72.991572,-14.884749 -72.991572,-14.884661 -72.991545,-14.884615 -72.991493,-14.884573 -72.991469,-14.884308 -72.991488,-14.884224 -72.991487,-14.884182 -72.991509,-14.884131 -72.991529,-14.884006 -72.991576,-14.883936 -72.991518,-14.883719 -72.991531,-14.883629 -72.991529,-14.883514 -72.991559,-14.883445 -72.991587,-14.883215 -72.991602,-14.883188 -72.991575,-14.88315 -72.991616,-14.883053 -72.991616,-14.882806 -72.991648,-14.882678 -72.99172,-14.882565 -72.991713,-14.882512 -72.991756,-14.882386 -72.99172,-14.882246 -72.991723,-14.882214 -72.991672,-14.882129 -72.991645,-14.881993 -72.991651,-14.881959 -72.991633,-14.88192 -72.991685,-14.881719 -72.991687,-14.881662 -72.99173,-14.881592 -72.991785,-14.881161 -72.991761,-14.881052 -72.991787,-14.881023 -72.991886,-14.880802 -72.991911,-14.880706 -72.991943,-14.880521 -72.991952,-14.880391 -72.991953,-14.880297 -72.991923,-14.880272 -72.991872,-14.880096 -72.991875,-14.880034 -72.991891,-14.880007 -72.99186,-14.879866 -72.99175,-14.879593 -72.991727,-14.879565 -72.991732,-14.879492 -72.991712,-14.879443 -72.991627,-14.878773 -72.991609,-14.878689 -72.991651,-14.878618 -72.991685,-14.878356 -72.991684,-14.878139 -72.991663,-14.877925 -72.991547,-14.877478 -72.991531,-14.877385 -72.99154,-14.877267 -72.991511,-14.877153 -72.991512,-14.877077 -72.991471,-14.876957 -72.991434,-14.876554 -72.991414,-14.875731 -72.99146,-14.875499 -72.991411,-14.875398 -72.991371,-14.875003 -72.991324,-14.874339 -72.991329,-14.873904 -72.991283,-14.873647 -72.99128,-14.873473 -72.991297,-14.873337 -72.991279,-14.872949 -72.991176,-14.872444 -72.991151,-14.87208 -72.991187,-14.871635 -72.99124,-14.871312 -72.991353,-14.871054 -72.991409,-14.870982 -72.991446,-14.870872 -72.991494,-14.870443 -72.99138,-14.869955 -72.991385,-14.869777 -72.991489,-14.869564 -72.991558,-14.86933 -72.991609,-14.869224 -72.99165,-14.869178 -72.991596,-14.869038 -72.991591,-14.868926 -72.991534,-14.868731 -72.991432,-14.868638 -72.991503,-14.86827 -72.991491,-14.867932 -72.991574,-14.867425 -72.991619,-14.867168 -72.991728,-14.866805 -72.991813,-14.866396 -72.991842,-14.866244 -72.991826,-14.866147 -72.991874,-14.865974 -72.99182,-14.865835 -72.991798,-14.865705 -72.991839,-14.865008 -72.991852,-14.864551 -72.991849,-14.864348 -72.991647,-14.863747 -72.991486,-14.863325 -72.991415,-14.862942 -72.991201,-14.861934 -72.991019,-14.861529 -72.990835,-14.860523 -72.990801,-14.860222 -72.990647,-14.859785 -72.990496,-14.859229 -72.990334,-14.858884 -72.990277,-14.858634 -72.989941,-14.857992 -72.989901,-14.85794 -72.989501,-14.857126 -72.989464,-14.856865 -72.989135,-14.856028 -72.989073,-14.855704 -72.988964,-14.855633 -72.988807,-14.855631 -72.988249,-14.855065 -72.986811,-14.853392 -72.984981,-14.850931 -72.984047,-14.849845 -72.983859,-14.849515 -72.983635,-14.849277 -72.983312,-14.84901 -72.982172,-14.847274 -72.981912,-14.846037 -72.981881,-14.845079 -72.982282,-14.843912 -72.983081,-14.842444 -72.983559,-14.841047 -72.984119,-14.839114 -72.984111,-14.838578 -72.984244,-14.837716 -72.985114,-14.835406 -72.985186,-14.835023 -72.985195,-14.833464 -72.985165,-14.831115 -72.985227,-14.829523 -72.985119,-14.828336 -72.985026,-14.828023 -72.984935,-14.827818 -72.9850939808322,-14.8275046014456 -72.9851698721958,-14.8272389816729 -72.9851807138192,-14.8270004659587 -72.985218659501,-14.8268920497249 -72.9852566051828,-14.8267402669977 -72.985108,-14.82667</coordinates></LineString><LineString><coordinates>-73.011706537768,-14.980487 -73.011584,-14.980519 -73.011553,-14.980538 -73.011368,-14.980538 -73.011318,-14.980547 -73.011265,-14.980542 -73.011207,-14.980559 -73.01116,-14.980561 -73.011111,-14.980552 -73.011095,-14.980558 -73.011061,-14.980543 -73.011019,-14.980494 -73.011008,-14.980491 -73.011001,-14.980497 -73.010991,-14.980488 -73.010878,-14.980467 -73.010822,-14.980425 -73.010767,-14.980327 -73.010735,-14.980301 -73.010693,-14.980209 -73.010666,-14.980176 -73.010666,-14.980165 -73.010634,-14.98014 -73.01056,-14.979997 -73.010563,-14.979976 -73.01054,-14.979965 -73.010538,-14.979924 -73.010546,-14.979915 -73.010528,-14.979888 -73.010562,-14.97979 -73.010602,-14.979725 -73.010628,-14.979665 -73.010627,-14.9796 -73.010644,-14.979546 -73.010659,-14.979528 -73.010664,-14.979507 -73.010674,-14.979501 -73.010683,-14.979457 -73.010727,-14.979385 -73.010748,-14.979331 -73.010786,-14.979307 -73.010793,-14.979293 -73.010845,-14.979246 -73.010865,-14.979211 -73.010921,-14.979188 -73.010948,-14.979161 -73.010992,-14.97915 -73.011033,-14.979128 -73.01117,-14.979079 -73.011241,-14.979031 -73.011293,-14.978979 -73.011417,-14.978911 -73.011428,-14.97888 -73.011484,-14.978829 -73.011482,-14.978818 -73.011492,-14.978798 -73.011531,-14.978778 -73.011558,-14.978744 -73.011587,-14.97869 -73.011701,-14.978539 -73.011827,-14.97848 -73.011919,-14.978419 -73.012022,-14.978378 -73.012037,-14.978363 -73.012092,-14.978348 -73.012145,-14.978294 -73.012191,-14.97826 -73.012232,-14.978242 -73.012272,-14.978206 -73.012277,-14.97819 -73.012267,-14.978183 -73.01227,-14.978175 -73.012303,-14.978151 -73.012325,-14.978123 -73.012334,-14.978094 -73.012367,-14.978063 -73.012375,-14.978032 -73.012397,-14.978001 -73.01241,-14.977994 -73.012413,-14.977966 -73.012435,-14.97794 -73.012456,-14.977887 -73.012473,-14.977869 -73.012491,-14.97783 -73.012516,-14.977819 -73.012524,-14.977713 -73.012542,-14.977689 -73.012533,-14.97767 -73.012535,-14.977656 -73.012575,-14.977607 -73.012558,-14.977537 -73.012567,-14.977495 -73.012559,-14.977426 -73.012538,-14.977384 -73.01253,-14.977345 -73.012513,-14.977327 -73.012518,-14.977277 -73.012493,-14.977208 -73.012472,-14.977193 -73.012472,-14.977202 -73.012457,-14.977199 -73.012427,-14.977177 -73.012376,-14.977162 -73.01232,-14.977117 -73.012307,-14.977117 -73.012302,-14.977108 -73.01228,-14.977103 -73.012262,-14.977088 -73.012194,-14.977057 -73.012131,-14.977005 -73.012093,-14.976994 -73.012078,-14.976973 -73.011998,-14.976919 -73.011977,-14.976918 -73.011923,-14.976893 -73.011898,-14.976868 -73.011874,-14.976867 -73.011822,-14.976847 -73.011751,-14.976786 -73.011722,-14.976677 -73.011707,-14.976661 -73.011681,-14.976602 -73.011667,-14.976545 -73.01167,-14.976507 -73.01165,-14.976466 -73.011605,-14.976414 -73.011615,-14.976393 -73.011581,-14.976341 -73.011573,-14.976283 -73.011544,-14.976211 -73.01155,-14.976162 -73.011489,-14.976085 -73.011454,-14.975995 -73.011459,-14.975987 -73.011451,-14.975928 -73.011476,-14.97587 -73.011479,-14.97584 -73.011469,-14.975795 -73.011475,-14.975771 -73.01144,-14.9757 -73.011454,-14.975661 -73.011462,-14.97566 -73.011456,-14.97563 -73.011461,-14.975596 -73.011452,-14.975564 -73.011469,-14.975497 -73.011459,-14.975444 -73.011466,-14.975427 -73.011462,-14.975393 -73.011468,-14.975376 -73.011455,-14.975337 -73.011456,-14.975254 -73.011442,-14.975228 -73.011456,-14.97518 -73.011413,-14.975014 -73.011419,-14.975015 -73.011422,-14.974967 -73.011428,-14.974967 -73.011432,-14.974909 -73.011466,-14.97481 -73.011471,-14.974707 -73.011494,-14.974664 -73.011495,-14.974636 -73.011503,-14.97463 -73.011517,-14.974573 -73.011541,-14.97453 -73.011551,-14.974434 -73.011584,-14.974352 -73.011582,-14.974318 -73.011594,-14.974263 -73.011602,-14.974262 -73.01161,-14.974231 -73.011618,-14.974167 -73.01163,-14.974159 -73.011621,-14.974137 -73.011626,-14.974123 -73.011623,-14.974038 -73.011597,-14.973975 -73.011598,-14.97392 -73.011608,-14.973897 -73.011584,-14.973859 -73.011584,-14.973815 -73.011571,-14.973773 -73.01158,-14.973749 -73.01157,-14.973724 -73.011583,-14.973686 -73.011577,-14.97368 -73.01157,-14.973631 -73.011574,-14.973607 -73.011564,-14.973562 -73.011579,-14.973551 -73.011581,-14.973539 -73.011572,-14.973498 -73.011542,-14.973469 -73.011545,-14.973444 -73.011529,-14.973393 -73.011539,-14.973359 -73.011532,-14.973326 -73.011541,-14.973267 -73.011538,-14.973208 -73.011546,-14.973195 -73.011536,-14.973131 -73.011545,-14.97312 -73.011548,-14.973088 -73.011539,-14.973077 -73.011534,-14.973026 -73.011555,-14.973012 -73.011584,-14.972957 -73.011578,-14.972912 -73.011592,-14.972891 -73.011587,-14.972871 -73.011593,-14.972844 -73.011618,-14.972802 -73.011617,-14.97279 -73.011637,-14.972759 -73.011639,-14.972738 -73.011666,-14.972686 -73.011679,-14.972607 -73.011716,-14.972549 -73.011749,-14.97246 -73.011793,-14.972425 -73.011789,-14.972414 -73.011805,-14.972392 -73.011821,-14.972337 -73.011846,-14.972308 -73.011868,-14.972238 -73.011893,-14.972176 -73.011904,-14.972164 -73.011907,-14.972136 -73.011889,-14.972118 -73.011905,-14.972005 -73.01195,-14.971927 -73.011955,-14.971835 -73.011969,-14.971808 -73.011965,-14.971785 -73.011974,-14.971749 -73.011968,-14.971726 -73.011996,-14.971694 -73.011994,-14.971632 -73.012017,-14.971596 -73.012014,-14.971586 -73.012053,-14.971509 -73.012059,-14.971508 -73.012044,-14.971473 -73.012037,-14.971405 -73.012057,-14.971373 -73.012065,-14.971316 -73.012074,-14.971309 -73.012085,-14.971275 -73.012077,-14.971236 -73.012094,-14.971221 -73.012094,-14.971193 -73.012111,-14.971191 -73.012108,-14.971173 -73.012122,-14.971149 -73.012129,-14.971106 -73.012106,-14.97105 -73.01211,-14.971017 -73.012102,-14.971 -73.012095,-14.971 -73.012087,-14.970964 -73.012091,-14.970927 -73.012071,-14.970781 -73.012081,-14.97077 -73.01208,-14.970743 -73.012069,-14.970714 -73.012078,-14.970667 -73.012057,-14.97056 -73.012063,-14.970459 -73.012052,-14.970448 -73.012056,-14.970416 -73.012037,-14.970364 -73.0120214475905,-14.9702414297868 -73.012130260594,-14.9700238037799 -73.0123300637814,-14.9695097561429 -73.0124951593728,-14.9692883779634 -73.0124463811299,-14.968504173904 -73.012341320299,-14.9676786959467 -73.012116189947,-14.9672059222075 -73.0120111291161,-14.9665980702571 -73.0121086856019,-14.9662753834193 -73.0119961204259,-14.9659301835462 -73.0118010074542,-14.9650221577932 -73.012123694292,-14.9619753936963 -73.012228755123,-14.9603694638521 -73.0128816331437,-14.9587260122826 -73.0134969894392,-14.9579230473605 -73.0138421902009,-14.956587274135 -73.0140870180815,-14.955438170993 -73.0155466136855,-14.9517948115708 -73.0158505396607,-14.9502676773498 -73.0156854440693,-14.9494497037376 -73.0158299027118,-14.9472790719272 -73.0159330874565,-14.9467087417021 -73.0164302503171,-14.9445850120484 -73.0164602676974,-14.9437670384362 -73.0165897176498,-14.9431873277798 -73.0165897176498,-14.9426320062449 -73.0164959133364,-14.9422323998701 -73.0163720916429,-14.9418384217541 -73.0160925547891,-14.9412305698038 -73.0158148940217,-14.9405720635242 -73.0154978354426,-14.9398478942253 -73.0154828267525,-14.9393357226745 -73.0157192136221,-14.9381819296206 -73.0157736201238,-14.937579705929 -73.015880557041,-14.9367767410069 -73.0159162026801,-14.9358874761166 -73.0156591788616,-14.9352421024409 -73.0154959593564,-14.9345929765926 -73.0153402441962,-14.9341202028534 -73.0152727050907,-14.9336586856319 -73.0151657681735,-14.9331540184262 -73.0151,-14.931584</coordinates></LineString><LineString><coordinates>-73.008246,-14.91192 -73.008247,-14.911919</coordinates></LineString></MultiGeometry>
  </Placemark>
  <Placemark id="Route.7">
	<name>22 julio</name>
	<description>&lt;b&gt;Descripción:&lt;/b&gt; Ida&lt;br&gt;&lt;b&gt;Inicio:&lt;/b&gt; 2007-07-22 06:16:27&lt;br&gt;&lt;b&gt;Fin:&lt;/b&gt; 2007-07-22 13:15:00&lt;br&gt;&lt;b&gt;Duración:&lt;/b&gt; 7 horas&lt;br&gt;</description>
	<Style><LineStyle><color>FF2ca033</color><width>4.25196</width></LineStyle><PolyStyle><fill>0</fill></PolyStyle></Style>
	<ExtendedData><SchemaData schemaUrl="#Route">
		<SimpleData name="fid">16</SimpleData>
		<SimpleData name="duracion">6.98</SimpleData>
		<SimpleData name="inicio_local">2007-07-22 06:16:27</SimpleData>
		<SimpleData name="fin_local">2007-07-22 13:15:00</SimpleData>
		<SimpleData name="nombre">22 julio</SimpleData>
		<SimpleData name="descrip">Ida</SimpleData>
	</SchemaData></ExtendedData>
      <MultiGeometry><LineString><coordinates>-72.9881135,-14.760139 -72.988111,-14.760139 -72.988106,-14.760138 -72.988119,-14.760142 -72.988116,-14.760141 -72.9881135,-14.760139</coordinates></LineString><LineString><coordinates>-72.9873493333333,-14.787504 -72.987352,-14.787506 -72.987348,-14.787507 -72.987349,-14.787506 -72.987347,-14.787506 -72.987349,-14.787504 -72.9873493333333,-14.787504</coordinates></LineString><LineString><coordinates>-72.987344,-14.787496 -72.987345,-14.787496 -72.987344,-14.7874965 -72.9873436666667,-14.7874966666667 -72.987343,-14.787496 -72.987344,-14.787496</coordinates></LineString><LineString><coordinates>-72.987325,-14.787534 -72.9873293548387,-14.7875296451614 -72.9873285517241,-14.7875279586208 -72.98732959116,-14.787527127072 -72.9873298,-14.7875269600001 -72.9873292124347,-14.7875264507769 -72.98732959116,-14.787527127072 -72.9873304102562,-14.7875285897438 -72.987334,-14.787535 -72.9873290000001,-14.7875350000001 -72.9873255,-14.787535 -72.987325,-14.787534 -72.987325,-14.787534 -72.987326,-14.78753 -72.9873285517241,-14.7875279586208 -72.9873268648647,-14.7875244162163 -72.98732,-14.78751 -72.9873292124347,-14.7875264507769 -72.9873268648647,-14.7875244162163 -72.987316,-14.787515 -72.987313,-14.787512 -72.987281,-14.787515 -72.987296,-14.787538 -72.987323,-14.78754 -72.9873280000001,-14.78754 -72.987328,-14.78754 -72.9873255,-14.787535 -72.987324,-14.787535 -72.987325,-14.787534</coordinates></LineString><LineString><coordinates>-72.987328,-14.787496 -72.987326,-14.787494 -72.987328,-14.787489 -72.987325,-14.787487 -72.987324,-14.787484 -72.987323,-14.787484 -72.987327,-14.787498 -72.987327,-14.787497 -72.987328,-14.787497 -72.987328,-14.787496</coordinates></LineString><LineString><coordinates>-72.986960909091,-14.7601110454545 -72.986957,-14.760113 -72.986956,-14.760115 -72.98696,-14.760114 -72.986960909091,-14.7601110454545</coordinates></LineString><LineString><coordinates>-72.985085,-14.826698 -72.98512,-14.826649 -72.985137,-14.826638 -72.985139,-14.826626 -72.985159,-14.826618 -72.985165,-14.826608 -72.985155,-14.826593 -72.985163,-14.826579 -72.985148,-14.826539 -72.985153,-14.826513 -72.985139,-14.826411 -72.98515,-14.826298 -72.9851477337904,-14.8262864414578 -72.985144,-14.826285 -72.9851,-14.826218 -72.985069,-14.826141 -72.985042,-14.826043 -72.985011,-14.825973 -72.984992,-14.825883 -72.984912,-14.825766 -72.984906,-14.825734 -72.984882,-14.825699 -72.984849,-14.825591 -72.984823,-14.825542 -72.984821,-14.825492 -72.98483,-14.825464 -72.984879,-14.825414 -72.984896,-14.825373 -72.984908,-14.825319 -72.984907,-14.825282 -72.984898,-14.825256 -72.984874,-14.82525 -72.984857,-14.825228 -72.984857,-14.825209 -72.984838,-14.825171 -72.98484,-14.825153 -72.984828,-14.825108 -72.984811,-14.82507 -72.984811,-14.825036 -72.984788,-14.82498 -72.984794,-14.824927 -72.984764,-14.824865 -72.984754,-14.824807 -72.984742,-14.824789 -72.984744,-14.824747 -72.984725,-14.824677 -72.984726,-14.824638 -72.984702,-14.824604 -72.98469,-14.82451 -72.984678,-14.824484 -72.984672,-14.824442 -72.984662,-14.82443 -72.984659,-14.824406 -72.984675,-14.824337 -72.984654,-14.824297 -72.984657,-14.824247 -72.984643,-14.824207 -72.984649,-14.82419 -72.98464,-14.824153 -72.984651,-14.824075 -72.984636,-14.824058 -72.984627,-14.824026 -72.984609,-14.823999 -72.984589,-14.823931 -72.984557,-14.823879 -72.984551,-14.823845 -72.984561,-14.823761 -72.984549,-14.823727 -72.984549,-14.823686 -72.984571,-14.823619 -72.984563,-14.823582 -72.984578,-14.823518 -72.984587,-14.823509 -72.984581,-14.823481 -72.984592,-14.823418 -72.98458,-14.823389 -72.984585,-14.82336 -72.984567,-14.823341 -72.984551,-14.823285 -72.984521,-14.823241 -72.98452,-14.823186 -72.984529,-14.823163 -72.984521,-14.823116 -72.984529,-14.823051 -72.984519,-14.822985 -72.984505,-14.822938 -72.984492,-14.82292 -72.984495,-14.822875 -72.984476,-14.822816 -72.984472,-14.82275 -72.984459,-14.822709 -72.984467,-14.822649 -72.98443,-14.822541 -72.984437,-14.822463 -72.984427,-14.822446 -72.984426,-14.822394 -72.984435,-14.822341 -72.984408,-14.822261 -72.98442,-14.822224 -72.984427,-14.82212 -72.984393,-14.822026 -72.984377,-14.82194 -72.984376,-14.821862 -72.984363,-14.821831 -72.984383,-14.821748 -72.98437,-14.821666 -72.984379,-14.821616 -72.984374,-14.821557 -72.984352,-14.821526 -72.984342,-14.821486 -72.984323,-14.821457 -72.984303,-14.821382 -72.984286,-14.821358 -72.984269,-14.821275 -72.984273,-14.821239 -72.984226,-14.821145 -72.984223,-14.821118 -72.984201,-14.821076 -72.984197,-14.821051 -72.98416,-14.820998 -72.984159,-14.820954 -72.984127,-14.820923 -72.984106,-14.820885 -72.984039,-14.820808 -72.984031,-14.820774 -72.98401,-14.820737 -72.984013,-14.820708 -72.984,-14.820674 -72.983938,-14.82057 -72.983915,-14.820465 -72.983894,-14.820433 -72.983894,-14.820401 -72.983857,-14.820292 -72.983862,-14.820284 -72.983858,-14.820247 -72.983843,-14.820187 -72.983861,-14.820138 -72.983854,-14.820121 -72.983865,-14.820085 -72.983844,-14.819983 -72.983836,-14.819877 -72.983811,-14.819766 -72.983816,-14.819739 -72.983802,-14.819668 -72.983813,-14.819618 -72.983793,-14.819589 -72.983793,-14.819573 -72.98377,-14.819513 -72.983765,-14.819433 -72.983738,-14.819383 -72.983732,-14.819275 -72.983711,-14.819208 -72.983716,-14.819201 -72.983698,-14.819129 -72.983694,-14.819075 -72.983675,-14.819034 -72.983676,-14.819016 -72.983598,-14.818855 -72.983594,-14.818812 -72.983586,-14.818807 -72.983579,-14.818772 -72.983545,-14.818708 -72.983543,-14.818679 -72.98352,-14.818614 -72.983503,-14.818591 -72.983494,-14.818524 -72.983465,-14.818479 -72.983466,-14.818455 -72.983459,-14.818453 -72.983421,-14.818389 -72.983424,-14.818373 -72.983417,-14.818369 -72.983409,-14.818291 -72.983399,-14.818282 -72.983358,-14.818181 -72.983349,-14.818117 -72.983336,-14.8181 -72.983335,-14.818066 -72.983325,-14.818048 -72.983317,-14.817999 -72.983322,-14.817982 -72.983293,-14.817879 -72.983285,-14.817815 -72.983264,-14.81778 -72.983271,-14.817759 -72.983264,-14.817715 -72.98325,-14.817693 -72.983252,-14.817668 -72.98323,-14.817627 -72.983217,-14.81757 -72.98318,-14.817517 -72.983167,-14.817486 -72.983168,-14.817469 -72.983142,-14.817422 -72.983141,-14.817402 -72.983118,-14.817365 -72.983114,-14.81733 -72.983099,-14.817299 -72.9831,-14.817279 -72.983082,-14.817229 -72.983086,-14.817198 -72.983074,-14.817129 -72.983074,-14.81701 -72.983066,-14.816968 -72.983071,-14.816932 -72.983063,-14.816886 -72.983071,-14.816869 -72.983082,-14.816735 -72.983074,-14.816682 -72.983062,-14.816653 -72.983063,-14.816616 -72.983052,-14.816593 -72.983049,-14.816474 -72.983037,-14.816453 -72.983021,-14.816385 -72.983024,-14.81637 -72.983016,-14.816348 -72.983024,-14.816328 -72.983001,-14.816292 -72.983,-14.816253 -72.982991,-14.816224 -72.982964,-14.816176 -72.982967,-14.816168 -72.982956,-14.816145 -72.982897,-14.816098 -72.982887,-14.81608 -72.982888,-14.816055 -72.982869,-14.81604 -72.982859,-14.816006 -72.982816,-14.81596 -72.982761,-14.815867 -72.982748,-14.815838 -72.982754,-14.815796 -72.982746,-14.815772 -72.982684,-14.815703 -72.982679,-14.815666 -72.98262,-14.815608 -72.982589,-14.815601 -72.982581,-14.815603 -72.9825682413793,-14.8156093793106 -72.982569,-14.815598 -72.982567,-14.815586 -72.982573,-14.81556 -72.982563,-14.81553 -72.982547,-14.815518 -72.982509,-14.815445 -72.982524,-14.815401 -72.982521,-14.815373 -72.982532,-14.815348 -72.982485,-14.815216 -72.982425,-14.815145 -72.982333,-14.815008 -72.982267,-14.81495 -72.982255,-14.814892 -72.982208,-14.814835 -72.982206,-14.814821 -72.982147,-14.814737 -72.982143,-14.814706 -72.982034,-14.814564 -72.981909,-14.814464 -72.981867,-14.814398 -72.981835,-14.814376 -72.981796,-14.814322 -72.981785,-14.814318 -72.981781,-14.814305 -72.981741,-14.814279 -72.981716,-14.814241 -72.981666,-14.814193 -72.981649,-14.814181 -72.981623,-14.814177 -72.981597,-14.814127 -72.981505,-14.814035 -72.981484,-14.814021 -72.981433,-14.814004 -72.981413,-14.813976 -72.981349,-14.813937 -72.981325,-14.813879 -72.98129,-14.813847 -72.981286,-14.813826 -72.981273,-14.813809 -72.981253,-14.813799 -72.981241,-14.813779 -72.981181,-14.813743 -72.981132,-14.813731 -72.981089,-14.813738 -72.981073,-14.813719 -72.981039,-14.813707 -72.980996,-14.813664 -72.980985,-14.813661 -72.980961,-14.813629 -72.980931,-14.813616 -72.980884,-14.813575 -72.980824,-14.813554 -72.980813,-14.813535 -72.980795,-14.813523 -72.98079,-14.813502 -72.980747,-14.813445 -72.980736,-14.813419 -72.980663,-14.813386 -72.980649,-14.813335 -72.980492,-14.813263 -72.980458,-14.813235 -72.98039,-14.813198 -72.980343,-14.813186 -72.980323,-14.813173 -72.980316,-14.813156 -72.980272,-14.813114 -72.980262,-14.81309 -72.980183,-14.813024 -72.98015,-14.812977 -72.980084,-14.812912 -72.980023,-14.812821 -72.979959,-14.812765 -72.97992,-14.812699 -72.979899,-14.812682 -72.979853,-14.812616 -72.979786,-14.812566 -72.979752,-14.812531 -72.979645,-14.812473 -72.979603,-14.812416 -72.979517,-14.812342 -72.979393,-14.812286 -72.979374,-14.812284 -72.979348,-14.812245 -72.979271,-14.812183 -72.979256,-14.812149 -72.979225,-14.812118 -72.979208,-14.812084 -72.979169,-14.812066 -72.979126,-14.812008 -72.979112,-14.812 -72.97906,-14.811939 -72.979036,-14.811889 -72.979021,-14.811792 -72.978979,-14.811637 -72.978963,-14.811621 -72.978946,-14.811574 -72.978919,-14.811536 -72.978921,-14.811516 -72.978911,-14.811495 -72.978867,-14.811435 -72.978818,-14.811344 -72.978727,-14.811245 -72.978661,-14.811076 -72.978639,-14.811044 -72.978625,-14.810981 -72.978582,-14.810888 -72.978578,-14.81084 -72.97854,-14.810716 -72.978362,-14.810413 -72.978362,-14.810393 -72.978323,-14.810306 -72.978321,-14.81028 -72.978312,-14.810267 -72.978297,-14.810264 -72.978276,-14.810228 -72.978266,-14.810228 -72.97824,-14.810199 -72.978235,-14.810162 -72.978203,-14.810118 -72.978176,-14.810006 -72.978182,-14.809983 -72.978151,-14.8099 -72.978132,-14.809887 -72.978121,-14.809857 -72.978129,-14.809814 -72.978116,-14.809787 -72.978108,-14.809679 -72.978097,-14.809658 -72.978096,-14.809579 -72.977996,-14.809399 -72.97799,-14.809383 -72.977998,-14.809353 -72.97797,-14.80931 -72.97795,-14.809225 -72.977916,-14.809173 -72.977911,-14.809127 -72.977864,-14.809047 -72.977864,-14.809034 -72.977842,-14.809019 -72.977802,-14.808962 -72.977797,-14.808923 -72.977813,-14.808871 -72.977785,-14.808823 -72.977785,-14.8088 -72.977765,-14.808753 -72.977723,-14.808685 -72.977712,-14.808642 -72.977686,-14.808595 -72.977679,-14.808544 -72.97764,-14.808445 -72.97763,-14.808436 -72.97762,-14.80837 -72.977612,-14.808362 -72.977593,-14.808184 -72.977584,-14.808155 -72.97759,-14.808089 -72.977553,-14.807988 -72.977554,-14.807949 -72.977519,-14.807915 -72.97748,-14.807821 -72.977475,-14.807777 -72.977446,-14.807693 -72.977434,-14.807626 -72.977421,-14.807613 -72.977415,-14.807569 -72.977395,-14.80753 -72.977396,-14.807503 -72.977383,-14.807468 -72.977384,-14.807422 -72.977371,-14.807391 -72.977362,-14.80732 -72.977334,-14.807282 -72.97732,-14.807238 -72.977323,-14.807212 -72.977309,-14.807197 -72.9773,-14.807148 -72.977251,-14.807098 -72.97719,-14.806979 -72.977196,-14.806968 -72.977193,-14.80692 -72.977166,-14.806856 -72.977167,-14.806829 -72.977178,-14.806809 -72.97715,-14.806684 -72.977123,-14.806632 -72.977124,-14.806595 -72.977106,-14.806542 -72.977101,-14.806432 -72.977094,-14.806419 -72.977105,-14.806387 -72.977113,-14.806334 -72.977109,-14.806316 -72.977119,-14.806288 -72.977118,-14.806234 -72.977112,-14.806231 -72.977105,-14.806163 -72.977129,-14.806121 -72.977129,-14.806109 -72.977119,-14.806101 -72.977141,-14.806052 -72.977142,-14.805991 -72.977179,-14.805873 -72.977175,-14.805868 -72.977189,-14.805855 -72.977191,-14.80578 -72.977205,-14.805732 -72.97724,-14.805702 -72.977248,-14.80567 -72.977241,-14.805661 -72.977253,-14.805643 -72.977259,-14.805597 -72.977272,-14.805577 -72.977284,-14.805498 -72.977382,-14.805292 -72.977414,-14.805251 -72.977413,-14.805223 -72.977425,-14.805205 -72.977423,-14.805185 -72.977467,-14.805104 -72.977477,-14.805099 -72.977535,-14.804998 -72.977563,-14.804971 -72.977564,-14.804961 -72.97768,-14.80487 -72.977748,-14.804833 -72.97775,-14.804822 -72.977792,-14.804776 -72.97781,-14.804724 -72.977837,-14.8047 -72.977848,-14.804661 -72.977874,-14.804634 -72.977875,-14.804624 -72.977923,-14.804583 -72.977941,-14.804539 -72.977938,-14.80452 -72.977947,-14.804497 -72.977942,-14.804499 -72.977942,-14.804492 -72.977964,-14.804456 -72.977977,-14.80446 -72.978033,-14.804452 -72.978054,-14.804464 -72.978044,-14.804449 -72.977994,-14.804421 -72.977997,-14.804411 -72.978061,-14.804366 -72.978078,-14.804336 -72.978113,-14.804308 -72.978124,-14.804288 -72.97818,-14.804265 -72.978255,-14.804254 -72.978292,-14.804227 -72.978321,-14.804232 -72.978359,-14.804207 -72.978488,-14.804169 -72.978513,-14.804148 -72.978527,-14.804115 -72.978529,-14.804086 -72.978543,-14.804067 -72.978573,-14.80398 -72.978586,-14.803963 -72.978637,-14.803942 -72.978667,-14.803943 -72.978714,-14.803928 -72.978757,-14.803906 -72.978771,-14.803886 -72.978819,-14.803858 -72.978842,-14.803834 -72.978854,-14.803806 -72.978878,-14.803793 -72.978892,-14.803768 -72.978925,-14.803746 -72.978978,-14.803681 -72.978994,-14.803651 -72.979096,-14.803603 -72.979105,-14.803591 -72.979361,-14.803419 -72.979496,-14.80334 -72.979507,-14.803324 -72.97955,-14.803299 -72.979621,-14.80327 -72.979638,-14.803256 -72.979654,-14.803256 -72.979719,-14.803231 -72.979741,-14.803203 -72.979811,-14.803173 -72.979895,-14.803124 -72.979963,-14.803105 -72.980015,-14.803064 -72.980056,-14.803057 -72.980094,-14.803034 -72.980105,-14.803018 -72.980198,-14.80298 -72.980214,-14.802955 -72.980222,-14.802925 -72.980242,-14.802903 -72.9803,-14.802858 -72.980354,-14.802793 -72.980438,-14.802743 -72.98045,-14.802717 -72.980521,-14.802652 -72.980682,-14.802457 -72.98077,-14.802386 -72.980793,-14.802353 -72.980847,-14.802314 -72.980865,-14.802292 -72.980887,-14.802235 -72.98092,-14.802189 -72.981029,-14.801966 -72.981049,-14.801913 -72.981052,-14.801876 -72.981089,-14.801849 -72.981135,-14.801845 -72.981152,-14.801804 -72.981175,-14.801772 -72.981261,-14.801737 -72.9813,-14.801731 -72.981325,-14.801689 -72.981445,-14.801577 -72.98146,-14.801572 -72.981515,-14.801517 -72.981589,-14.801478 -72.981632,-14.801444 -72.981635,-14.801424 -72.981681,-14.801372 -72.981719,-14.801294 -72.981783,-14.801231 -72.981828,-14.80116 -72.981902,-14.801099 -72.981931,-14.801052 -72.981962,-14.801033 -72.982034,-14.801009 -72.982066,-14.800964 -72.982107,-14.800947 -72.982171,-14.800882 -72.982244,-14.800834 -72.982297,-14.800772 -72.982351,-14.80075 -72.982415,-14.800737 -72.982442,-14.800719 -72.98246,-14.800717 -72.98249,-14.800683 -72.982521,-14.800668 -72.982556,-14.800622 -72.982611,-14.800596 -72.982629,-14.800554 -72.98266,-14.800553 -72.982642,-14.800529 -72.982629,-14.800473 -72.98263,-14.800447 -72.982697,-14.800362 -72.982724,-14.800309 -72.982803,-14.800231 -72.982807,-14.800216 -72.982888,-14.80011 -72.982915,-14.800015 -72.982935,-14.799972 -72.982946,-14.799873 -72.982973,-14.79984 -72.982989,-14.799773 -72.983016,-14.799729 -72.983042,-14.799655 -72.983067,-14.799629 -72.983097,-14.799575 -72.983111,-14.799509 -72.98313,-14.79949 -72.983135,-14.799468 -72.983152,-14.799453 -72.983156,-14.799421 -72.983172,-14.799402 -72.983189,-14.799361 -72.983193,-14.799334 -72.983188,-14.799323 -72.983211,-14.799276 -72.983207,-14.799265 -72.983214,-14.799229 -72.983259,-14.799189 -72.983277,-14.799143 -72.983279,-14.799082 -72.983292,-14.79906 -72.983294,-14.799029 -72.983316,-14.798979 -72.983327,-14.798916 -72.983302,-14.798814 -72.98329,-14.798795 -72.983293,-14.798799 -72.983285,-14.798755 -72.983301,-14.798694 -72.983286,-14.798638 -72.983288,-14.798409 -72.983243,-14.798361 -72.983233,-14.798364 -72.983236,-14.798366 -72.983231,-14.798367 -72.983232,-14.798368 -72.98323,-14.798368 -72.983229,-14.79837 -72.983229,-14.798358 -72.983289,-14.798214 -72.983324,-14.798162 -72.983362,-14.798125 -72.983396,-14.798108 -72.983401,-14.798093 -72.983447,-14.798051 -72.983493,-14.797992 -72.98355,-14.797949 -72.983586,-14.797898 -72.9836,-14.797864 -72.983656,-14.797803 -72.983675,-14.797794 -72.983704,-14.79775 -72.983731,-14.797734 -72.983759,-14.797688 -72.983768,-14.79765 -72.983791,-14.797629 -72.983796,-14.797606 -72.983821,-14.797571 -72.983838,-14.797523 -72.983846,-14.797517 -72.983842,-14.797504 -72.98389,-14.79745 -72.983899,-14.797412 -72.983942,-14.797368 -72.983969,-14.797283 -72.98398,-14.797269 -72.983991,-14.797269 -72.984007,-14.797219 -72.984045,-14.79715 -72.984059,-14.797143 -72.984082,-14.79711 -72.984108,-14.797049 -72.984161,-14.797002 -72.984165,-14.796988 -72.98418,-14.796978 -72.98419,-14.796955 -72.984218,-14.796926 -72.984228,-14.796901 -72.984241,-14.796892 -72.984263,-14.796855 -72.984265,-14.79682 -72.984322,-14.796749 -72.984338,-14.796698 -72.984363,-14.796655 -72.984391,-14.796622 -72.984424,-14.796602 -72.984442,-14.796581 -72.984454,-14.796539 -72.984463,-14.796535 -72.984474,-14.796511 -72.984517,-14.796505 -72.984539,-14.796474 -72.984595,-14.796442 -72.984604,-14.79643 -72.984655,-14.796417 -72.984698,-14.796397 -72.984731,-14.796415 -72.984758,-14.796398 -72.984781,-14.796397 -72.984796,-14.796376 -72.984835,-14.796346 -72.984925,-14.796325 -72.984971,-14.796302 -72.984987,-14.79628 -72.985021,-14.796268 -72.985051,-14.796282 -72.985099,-14.796263 -72.985131,-14.796259 -72.985192,-14.796205 -72.985241,-14.796142 -72.985247,-14.796074 -72.985231,-14.796046 -72.985236,-14.79602 -72.985253,-14.795978 -72.985283,-14.795941 -72.9853,-14.795853 -72.985319,-14.795817 -72.985341,-14.795793 -72.985345,-14.795766 -72.985334,-14.795769 -72.985352,-14.79572 -72.985357,-14.79566 -72.985372,-14.795645 -72.985379,-14.795647 -72.985377,-14.795636 -72.985393,-14.795606 -72.985388,-14.795556 -72.985403,-14.795514 -72.9854,-14.795476 -72.985423,-14.795442 -72.985447,-14.795385 -72.985448,-14.795367 -72.98546,-14.795356 -72.985477,-14.795306 -72.985483,-14.795244 -72.985503,-14.795196 -72.98549,-14.795148 -72.985469,-14.795139 -72.985473,-14.795094 -72.985458,-14.795075 -72.985457,-14.795054 -72.985449,-14.795047 -72.985448,-14.794976 -72.985476,-14.794946 -72.98551,-14.794891 -72.985554,-14.794868 -72.985565,-14.794855 -72.985573,-14.794816 -72.985566,-14.794776 -72.985571,-14.794762 -72.985576,-14.79476 -72.985581,-14.794758 -72.985574,-14.794746 -72.98559,-14.794716 -72.98558,-14.794683 -72.985584,-14.794613 -72.985575,-14.794582 -72.985566,-14.794575 -72.98557,-14.794564 -72.985527,-14.794506 -72.985533,-14.794474 -72.985506,-14.794409 -72.985492,-14.79439 -72.985471,-14.794381 -72.985459,-14.794362 -72.985445,-14.794311 -72.985422,-14.794283 -72.985396,-14.794158 -72.985358,-14.794088 -72.985368,-14.794057 -72.985368,-14.794018 -72.985357,-14.793973 -72.985381,-14.793901 -72.98536,-14.793886 -72.98536,-14.793863 -72.985367,-14.793865 -72.98537,-14.79385 -72.985368,-14.793786 -72.985371,-14.793774 -72.985377,-14.793776 -72.985371,-14.793726 -72.985378,-14.793719 -72.985361,-14.793678 -72.985361,-14.793654 -72.985395,-14.793593 -72.985397,-14.793582 -72.985386,-14.793568 -72.985389,-14.793538 -72.985407,-14.793474 -72.9854,-14.793452 -72.985403,-14.793435 -72.985375,-14.793381 -72.985367,-14.793325 -72.985352,-14.793281 -72.985362,-14.793264 -72.985362,-14.793225 -72.985354,-14.79321 -72.985372,-14.793142 -72.985386,-14.793136 -72.985392,-14.793116 -72.98538,-14.793087 -72.985386,-14.79307 -72.985377,-14.793042 -72.98538,-14.793028 -72.9854,-14.793009 -72.985386,-14.792966 -72.985389,-14.792905 -72.985397,-14.792897 -72.985399,-14.79287 -72.985425,-14.792827 -72.985423,-14.792807 -72.985437,-14.792784 -72.985436,-14.792762 -72.985448,-14.792732 -72.985476,-14.792692 -72.985483,-14.792669 -72.985499,-14.79266 -72.985499,-14.79262 -72.985514,-14.792558 -72.985544,-14.792499 -72.985556,-14.792458 -72.98557,-14.792455 -72.98558,-14.792417 -72.9856,-14.792391 -72.985624,-14.792279 -72.985639,-14.79225 -72.985682,-14.792206 -72.9857,-14.792169 -72.985713,-14.792135 -72.985712,-14.792109 -72.985722,-14.792074 -72.985741,-14.79206 -72.985754,-14.792059 -72.985758,-14.792051 -72.985757,-14.79201 -72.985769,-14.791998 -72.985768,-14.791989 -72.985782,-14.791983 -72.985799,-14.791942 -72.985814,-14.791868 -72.98584,-14.791852 -72.985852,-14.791835 -72.985849,-14.79181 -72.985871,-14.791767 -72.985877,-14.791706 -72.985902,-14.791681 -72.985902,-14.791665 -72.985924,-14.791652 -72.985932,-14.791627 -72.985922,-14.791621 -72.985954,-14.79159 -72.985962,-14.791547 -72.985978,-14.791513 -72.985977,-14.791491 -72.985995,-14.791461 -72.98602,-14.791391 -72.986045,-14.79128 -72.986079,-14.791244 -72.986072,-14.791167 -72.986094,-14.791107 -72.986091,-14.791065 -72.986139,-14.790952 -72.98615,-14.790898 -72.986138,-14.790849 -72.986158,-14.790839 -72.986163,-14.79079 -72.986186,-14.790762 -72.98619,-14.790727 -72.986229,-14.790671 -72.98625,-14.790665 -72.986272,-14.790643 -72.986293,-14.79064 -72.986337,-14.790586 -72.986345,-14.790549 -72.986367,-14.790533 -72.986399,-14.790483 -72.986414,-14.790444 -72.986434,-14.790425 -72.986433,-14.790392 -72.986437,-14.790377 -72.986445,-14.790373 -72.986457,-14.790293 -72.986533,-14.790212 -72.986561,-14.790162 -72.986588,-14.790071 -72.986626,-14.790038 -72.986635,-14.790011 -72.98665,-14.790002 -72.986668,-14.789941 -72.986686,-14.789932 -72.986704,-14.789888 -72.986731,-14.789872 -72.986779,-14.789827 -72.986784,-14.789819 -72.986779,-14.789788 -72.98682,-14.789741 -72.986826,-14.789725 -72.986848,-14.789709 -72.986861,-14.789663 -72.986884,-14.789621 -72.986889,-14.789553 -72.986924,-14.789473 -72.986939,-14.789457 -72.986941,-14.789405 -72.986957,-14.789359 -72.987011,-14.789261 -72.987021,-14.789203 -72.987045,-14.789155 -72.987066,-14.789141 -72.987078,-14.789121 -72.987103,-14.789108 -72.98711,-14.789091 -72.987124,-14.789044 -72.987121,-14.789009 -72.987157,-14.788952 -72.987162,-14.788882 -72.987153,-14.788833 -72.98715,-14.788734 -72.987163,-14.78868 -72.987163,-14.788644 -72.987181,-14.788595 -72.987177,-14.788535 -72.987185,-14.788494 -72.987201,-14.788466 -72.987197,-14.788454 -72.987207,-14.788419 -72.987211,-14.788348 -72.987264,-14.788217 -72.987261,-14.788184 -72.987277,-14.788112 -72.987277,-14.787985 -72.987263,-14.787776 -72.987256,-14.787758 -72.987269,-14.787725 -72.987291,-14.787695 -72.987331,-14.787595 -72.987346,-14.787578 -72.987344,-14.787547 -72.987336,-14.787547 -72.9873335999999,-14.78754364 -72.987331,-14.78754 -72.987332,-14.78754 -72.987336,-14.787544 -72.98734,-14.787542 -72.987337,-14.787546 -72.987337,-14.787545 -72.9873335999999,-14.78754364 -72.987332,-14.787543 -72.9873280000001,-14.78754 -72.987331,-14.78754 -72.987331,-14.78754 -72.987329,-14.787536 -72.98733,-14.787536 -72.9873290000001,-14.7875350000001 -72.987329,-14.787535 -72.98733,-14.787535 -72.987329,-14.787532 -72.98733,-14.787532 -72.987329,-14.787531 -72.98733,-14.787531 -72.9873293548387,-14.7875296451614 -72.9873304102562,-14.7875285897438 -72.987331,-14.787528 -72.9873298,-14.7875269600001 -72.987331,-14.787526 -72.987335,-14.787513 -72.987338,-14.787512 -72.987346,-14.787507 -72.987347,-14.787506 -72.987345,-14.787504 -72.987345,-14.7875038333333 -72.987345,-14.7875 -72.987345,-14.7874990769232 -72.98735,-14.787501 -72.9873521666666,-14.7875008333334 -72.987351,-14.787502 -72.987349,-14.7875028 -72.987349,-14.787502 -72.987348,-14.787502 -72.987348,-14.787503 -72.9873481739131,-14.7875031304348 -72.9873493333333,-14.787504 -72.98735,-14.787504 -72.987349,-14.787503 -72.987349,-14.7875028 -72.9873481739131,-14.7875031304348 -72.987346,-14.787504 -72.987345,-14.7875038333333 -72.98734,-14.787503 -72.987329,-14.787497 -72.987328,-14.787496 -72.987328,-14.787496 -72.987329,-14.787495 -72.98733,-14.787495 -72.98733,-14.787493 -72.987335,-14.787492 -72.987337,-14.787496 -72.987345,-14.7874990769232 -72.987345,-14.787498 -72.987344,-14.787497 -72.9873436666667,-14.7874966666667 -72.987343,-14.787497 -72.987342,-14.787497 -72.987344,-14.787497 -72.987344,-14.7874965 -72.987344,-14.787496 -72.987344,-14.787496 -72.987342,-14.787495 -72.987339,-14.78749 -72.987337,-14.787488 -72.987333,-14.787486 -72.987349,-14.787491 -72.987357,-14.787498 -72.987354,-14.787498 -72.987353,-14.7875 -72.9873521666666,-14.7875008333334 -72.987363,-14.7875 -72.98741,-14.787487 -72.98741,-14.78748 -72.987419,-14.787487 -72.987427,-14.787484 -72.987459,-14.78746 -72.987526,-14.787395 -72.987565,-14.787343 -72.987569,-14.787326 -72.987605,-14.787304 -72.987621,-14.787279 -72.987676,-14.787237 -72.987683,-14.787219 -72.987752,-14.787156 -72.987783,-14.787096 -72.987828,-14.786972 -72.987826,-14.786907 -72.987852,-14.786813 -72.987884,-14.786756 -72.987896,-14.786752 -72.987954,-14.786624 -72.987981,-14.786597 -72.988004,-14.786552 -72.988044,-14.786507 -72.988053,-14.786479 -72.988063,-14.786474 -72.988061,-14.786463 -72.988088,-14.786428 -72.988104,-14.786377 -72.988137,-14.78634 -72.988142,-14.786307 -72.988186,-14.786279 -72.98823,-14.786201 -72.988236,-14.786168 -72.988296,-14.786102 -72.988346,-14.786063 -72.988413,-14.785926 -72.988537,-14.785733 -72.988561,-14.785671 -72.988587,-14.78565 -72.9886,-14.785619 -72.988614,-14.785614 -72.988636,-14.785586 -72.988653,-14.785546 -72.988699,-14.785507 -72.988718,-14.785451 -72.98875,-14.78542 -72.988767,-14.785392 -72.988802,-14.785367 -72.988801,-14.785333 -72.988813,-14.785308 -72.988847,-14.785272 -72.988879,-14.7852 -72.988915,-14.785148 -72.988939,-14.785075 -72.988969,-14.785046 -72.98903,-14.784922 -72.989086,-14.784854 -72.989176,-14.784776 -72.989215,-14.784726 -72.989241,-14.784715 -72.989279,-14.784679 -72.989286,-14.784655 -72.989382,-14.784555 -72.989433,-14.784479 -72.989455,-14.784407 -72.98945,-14.78437 -72.98946,-14.784317 -72.98949,-14.784257 -72.989515,-14.784225 -72.989532,-14.784179 -72.989575,-14.784144 -72.989575,-14.784106 -72.989602,-14.784023 -72.989605,-14.783977 -72.989636,-14.783919 -72.989633,-14.78386 -72.989625,-14.783846 -72.989633,-14.783806 -72.989669,-14.783726 -72.98967,-14.783696 -72.989691,-14.783625 -72.989704,-14.783596 -72.989773,-14.783511 -72.989777,-14.783486 -72.989819,-14.783428 -72.989835,-14.783346 -72.989876,-14.783288 -72.989908,-14.783184 -72.989944,-14.783102 -72.989953,-14.78305 -72.989947,-14.783019 -72.98995,-14.782971 -72.989982,-14.782908 -72.989997,-14.782836 -72.990034,-14.782768 -72.990034,-14.782745 -72.990023,-14.782738 -72.990025,-14.7827 -72.990085,-14.782474 -72.990096,-14.782359 -72.990137,-14.7823 -72.990119,-14.782256 -72.990127,-14.782249 -72.990125,-14.78223 -72.990164,-14.782187 -72.990172,-14.782134 -72.990287,-14.781868 -72.990316,-14.781833 -72.990328,-14.781826 -72.990338,-14.781831 -72.990354,-14.781818 -72.990376,-14.781783 -72.990391,-14.781737 -72.990408,-14.781614 -72.990418,-14.781596 -72.990415,-14.781576 -72.990429,-14.781565 -72.99045,-14.781499 -72.990455,-14.781406 -72.990479,-14.781312 -72.99048,-14.781261 -72.990516,-14.781179 -72.990517,-14.781147 -72.990509,-14.781131 -72.990512,-14.781039 -72.990526,-14.780998 -72.990538,-14.780921 -72.990558,-14.780865 -72.990553,-14.780847 -72.990557,-14.78073 -72.990569,-14.780684 -72.990566,-14.780654 -72.990629,-14.780475 -72.99063,-14.78043 -72.990611,-14.780401 -72.990612,-14.780347 -72.990598,-14.78029 -72.990606,-14.780243 -72.990602,-14.780216 -72.990597,-14.780191 -72.9905965428571,-14.7801884857143 -72.990595,-14.78018 -72.990589,-14.780191 -72.9905965428571,-14.7801884857143 -72.990598,-14.780188 -72.990599,-14.780181 -72.990589,-14.780124 -72.990603,-14.780082 -72.990652,-14.78002 -72.990662,-14.779977 -72.990658,-14.779966 -72.990686,-14.779928 -72.990698,-14.779894 -72.990721,-14.779859 -72.990718,-14.77984 -72.99071,-14.779833 -72.990715,-14.779802 -72.990727,-14.779792 -72.990723,-14.779772 -72.990733,-14.779757 -72.990739,-14.77965 -72.990787,-14.779541 -72.990782,-14.779497 -72.990799,-14.779443 -72.990822,-14.779299 -72.990807,-14.779248 -72.990787,-14.779229 -72.990798,-14.779231 -72.990802,-14.779214 -72.99081,-14.779107 -72.990834,-14.779048 -72.990846,-14.778976 -72.990879,-14.778896 -72.990903,-14.778859 -72.990902,-14.778837 -72.990873,-14.778769 -72.990873,-14.77875 -72.990884,-14.778672 -72.990905,-14.778626 -72.99091,-14.778627 -72.990904,-14.778597 -72.990916,-14.778518 -72.990991,-14.778356 -72.991027,-14.778302 -72.99106,-14.778267 -72.991075,-14.778175 -72.991118,-14.77813 -72.991163,-14.778039 -72.991204,-14.77799 -72.991205,-14.777983 -72.991176,-14.777951 -72.99119,-14.777952 -72.991181,-14.777927 -72.991195,-14.777888 -72.991246,-14.777835 -72.991278,-14.777771 -72.991309,-14.777751 -72.991331,-14.777715 -72.991332,-14.77772 -72.99134,-14.777714 -72.991371,-14.777655 -72.991397,-14.777631 -72.991425,-14.77759 -72.991441,-14.777538 -72.991446,-14.777501 -72.991441,-14.777487 -72.991453,-14.777463 -72.991447,-14.777388 -72.991453,-14.777356 -72.991478,-14.777299 -72.99148,-14.777124 -72.991469,-14.776975 -72.991487,-14.776904 -72.991482,-14.776875 -72.991487,-14.776791 -72.991509,-14.776719 -72.991534,-14.776675 -72.991548,-14.776601 -72.991545,-14.776573 -72.991581,-14.776483 -72.991575,-14.776461 -72.99158,-14.776439 -72.991602,-14.776408 -72.991582,-14.776359 -72.991557,-14.776338 -72.991556,-14.776313 -72.991572,-14.776267 -72.991591,-14.776242 -72.991604,-14.776153 -72.991642,-14.776057 -72.991658,-14.775984 -72.991667,-14.77599 -72.99168,-14.775863 -72.991674,-14.77585 -72.991678,-14.775798 -72.991695,-14.775714 -72.991686,-14.775707 -72.9917,-14.775669 -72.9917,-14.775625 -72.991708,-14.775599 -72.991701,-14.775565 -72.991734,-14.775421 -72.991733,-14.775391 -72.991756,-14.775317 -72.991758,-14.775255 -72.991767,-14.775216 -72.991762,-14.775191 -72.991779,-14.775172 -72.991802,-14.775104 -72.991821,-14.774957 -72.991858,-14.774867 -72.991857,-14.77484 -72.99188,-14.774748 -72.991872,-14.774709 -72.991867,-14.774708 -72.991864,-14.774716 -72.991858,-14.774608 -72.991866,-14.774566 -72.991879,-14.774545 -72.991875,-14.774459 -72.991897,-14.774404 -72.991891,-14.774348 -72.991947,-14.774185 -72.991954,-14.77412 -72.991969,-14.774092 -72.991957,-14.774032 -72.991978,-14.77398 -72.991987,-14.773933 -72.992003,-14.773912 -72.992011,-14.773861 -72.992068,-14.773779 -72.992068,-14.773751 -72.992083,-14.773721 -72.992071,-14.773641 -72.992077,-14.7736 -72.992109,-14.773499 -72.992153,-14.773436 -72.992149,-14.773418 -72.992155,-14.773403 -72.992141,-14.773362 -72.992141,-14.773336 -72.992148,-14.773324 -72.992148,-14.773284 -72.992139,-14.773269 -72.992142,-14.773231 -72.992136,-14.773221 -72.992128,-14.773223 -72.992132,-14.773195 -72.992102,-14.773114 -72.992101,-14.773065 -72.992111,-14.772999 -72.992128,-14.77296 -72.99208,-14.772861 -72.992067,-14.772784 -72.992072,-14.772759 -72.992059,-14.772726 -72.992058,-14.772658 -72.992049,-14.772621 -72.992023,-14.772594 -72.992003,-14.772522 -72.991955,-14.772431 -72.991938,-14.772413 -72.991893,-14.772289 -72.991879,-14.772273 -72.99186,-14.772173 -72.991845,-14.772141 -72.991845,-14.772083 -72.991831,-14.772025 -72.991834,-14.772007 -72.991813,-14.771967 -72.991818,-14.771951 -72.991814,-14.771902 -72.99182,-14.771892 -72.991813,-14.771852 -72.991824,-14.771807 -72.991806,-14.771765 -72.991793,-14.771681 -72.991798,-14.771656 -72.991783,-14.771626 -72.991785,-14.77161 -72.991733,-14.771339 -72.991686,-14.771218 -72.991658,-14.771173 -72.991656,-14.771138 -72.991642,-14.771098 -72.991595,-14.770992 -72.991564,-14.770953 -72.991542,-14.770872 -72.99151,-14.770806 -72.991492,-14.770742 -72.99147,-14.770712 -72.991451,-14.770661 -72.991453,-14.770621 -72.991428,-14.770521 -72.991401,-14.770475 -72.991393,-14.770433 -72.991348,-14.77036 -72.991328,-14.770276 -72.991329,-14.770229 -72.991307,-14.770189 -72.99126,-14.770174 -72.991252,-14.770158 -72.991231,-14.770159 -72.991236,-14.770153 -72.991226,-14.770097 -72.99123,-14.770053 -72.991221,-14.769988 -72.991229,-14.76994 -72.991206,-14.769867 -72.991185,-14.769822 -72.991165,-14.769799 -72.991126,-14.76969 -72.991102,-14.769653 -72.991065,-14.769612 -72.99105,-14.769606 -72.991005,-14.769549 -72.990987,-14.769448 -72.990977,-14.769441 -72.990954,-14.769395 -72.990941,-14.769385 -72.990952,-14.769288 -72.990918,-14.769172 -72.990912,-14.769094 -72.990928,-14.768973 -72.990924,-14.768956 -72.990939,-14.768895 -72.990929,-14.768809 -72.990914,-14.768762 -72.990923,-14.768723 -72.990922,-14.768612 -72.990901,-14.768511 -72.990899,-14.768459 -72.990887,-14.768428 -72.990881,-14.768315 -72.990866,-14.768238 -72.990872,-14.768203 -72.990865,-14.768172 -72.990886,-14.768113 -72.990887,-14.768085 -72.990875,-14.767916 -72.990829,-14.767712 -72.990826,-14.767665 -72.990807,-14.767639 -72.990804,-14.767617 -72.990769,-14.767546 -72.990761,-14.767468 -72.990774,-14.767405 -72.990759,-14.767391 -72.99073,-14.76726 -72.99073,-14.767195 -72.990666,-14.767018 -72.99068,-14.766879 -72.990671,-14.766856 -72.990673,-14.76677 -72.990659,-14.766712 -72.990659,-14.766638 -72.990651,-14.766617 -72.990651,-14.766505 -72.990658,-14.766473 -72.990643,-14.766444 -72.990633,-14.7664 -72.990642,-14.76635 -72.990692,-14.766276 -72.990699,-14.766244 -72.990724,-14.766198 -72.990731,-14.766131 -72.990723,-14.766115 -72.990729,-14.766076 -72.990719,-14.766026 -72.990727,-14.765954 -72.990739,-14.765936 -72.990733,-14.765911 -72.990715,-14.765882 -72.990704,-14.765821 -72.990709,-14.765761 -72.990701,-14.765739 -72.990712,-14.765697 -72.990709,-14.765608 -72.990681,-14.765504 -72.990687,-14.765459 -72.990735,-14.765317 -72.990734,-14.765294 -72.990748,-14.765272 -72.990748,-14.765226 -72.990762,-14.765208 -72.990767,-14.765148 -72.99075,-14.765121 -72.990743,-14.765075 -72.990752,-14.765032 -72.990794,-14.764972 -72.990779,-14.764932 -72.990784,-14.764894 -72.990828,-14.76484 -72.990863,-14.764765 -72.990859,-14.764606 -72.990867,-14.764496 -72.990881,-14.764419 -72.990879,-14.764388 -72.990862,-14.764367 -72.990854,-14.764325 -72.990862,-14.764253 -72.990873,-14.76421 -72.990881,-14.764206 -72.990888,-14.764142 -72.990879,-14.764097 -72.990884,-14.763931 -72.990906,-14.76382 -72.990928,-14.763774 -72.990927,-14.763743 -72.990943,-14.763655 -72.990967,-14.763563 -72.991003,-14.763441 -72.991073,-14.763278 -72.991072,-14.763272 -72.991066,-14.763277 -72.991074,-14.763203 -72.991065,-14.763195 -72.991063,-14.763118 -72.991074,-14.763048 -72.991059,-14.763011 -72.991061,-14.762941 -72.991058,-14.762925 -72.991031,-14.762889 -72.991015,-14.762842 -72.990993,-14.762809 -72.990984,-14.762711 -72.990893,-14.762579 -72.990845,-14.762547 -72.990854,-14.762539 -72.990814,-14.762491 -72.990804,-14.762441 -72.99079,-14.762435 -72.990794,-14.762419 -72.990786,-14.762391 -72.990744,-14.762323 -72.990725,-14.762321 -72.990702,-14.762293 -72.990651,-14.762191 -72.99063,-14.762176 -72.990618,-14.762145 -72.990596,-14.762127 -72.990584,-14.762105 -72.990548,-14.762081 -72.990521,-14.762048 -72.990505,-14.762041 -72.990499,-14.76202 -72.990475,-14.761988 -72.990446,-14.761911 -72.990439,-14.761834 -72.990396,-14.761793 -72.990384,-14.761797 -72.990346,-14.761775 -72.990336,-14.761714 -72.990301,-14.761669 -72.990303,-14.761658 -72.990311,-14.761656 -72.990296,-14.761611 -72.990248,-14.761583 -72.990241,-14.761568 -72.990246,-14.761552 -72.990226,-14.76153 -72.990216,-14.761498 -72.990184,-14.761453 -72.990186,-14.761432 -72.990174,-14.761386 -72.990125,-14.761361 -72.990126,-14.76132 -72.990056,-14.761248 -72.989978,-14.761208 -72.989966,-14.76118 -72.989949,-14.761168 -72.989939,-14.761143 -72.989942,-14.761134 -72.989905,-14.761093 -72.989812,-14.761037 -72.98979,-14.760991 -72.989721,-14.76096 -72.989708,-14.760945 -72.989607,-14.760901 -72.989562,-14.760872 -72.989541,-14.760845 -72.98951,-14.760834 -72.989481,-14.760809 -72.989392,-14.76076 -72.989358,-14.760719 -72.989353,-14.760705 -72.989362,-14.760689 -72.989358,-14.760674 -72.989349,-14.760675 -72.98935,-14.760668 -72.9893,-14.760635 -72.989281,-14.760614 -72.989233,-14.760597 -72.989206,-14.760565 -72.989154,-14.760534 -72.989136,-14.760501 -72.989091,-14.760466 -72.989071,-14.760459 -72.989066,-14.760449 -72.989071,-14.760441 -72.988995,-14.760388 -72.988991,-14.760376 -72.989007,-14.760339 -72.989006,-14.76031 -72.988981,-14.760254 -72.98893,-14.760223 -72.988913,-14.760222 -72.988884,-14.760205 -72.988859,-14.760203 -72.988855,-14.760191 -72.988865,-14.760177 -72.988863,-14.76015 -72.988873,-14.760143 -72.988878,-14.76011 -72.988741,-14.760057 -72.988636,-14.760055 -72.98859,-14.760076 -72.988514,-14.76007 -72.988495,-14.760065 -72.988478,-14.76003 -72.988388,-14.76001 -72.988353,-14.760034 -72.988299,-14.760051 -72.988255,-14.760059 -72.988196,-14.760048 -72.98818,-14.760052 -72.988149,-14.760093 -72.988152,-14.760101 -72.988139,-14.760128 -72.988129,-14.760137 -72.988122,-14.760139 -72.988116,-14.760139 -72.988114,-14.760139 -72.9881135,-14.760139 -72.988111,-14.760137 -72.9881,-14.760123 -72.988087,-14.760114 -72.988062,-14.760111 -72.987954,-14.760136 -72.987945,-14.760149 -72.987935,-14.760197 -72.987907,-14.760243 -72.987866,-14.760267 -72.987816,-14.76026 -72.987796,-14.760246 -72.987719,-14.760253 -72.987708,-14.760244 -72.987705,-14.76023 -72.98768,-14.760211 -72.987661,-14.760237 -72.987654,-14.760234 -72.987645,-14.760246 -72.987607,-14.760254 -72.987574,-14.760222 -72.987562,-14.760221 -72.987507,-14.760243 -72.987463,-14.760247 -72.987325,-14.760242 -72.987278,-14.760229 -72.987175,-14.760268 -72.987153,-14.760254 -72.987122,-14.760255 -72.987097,-14.760247 -72.987065,-14.760204 -72.987028,-14.760186 -72.987018,-14.760173 -72.987023,-14.76016 -72.987015,-14.76014 -72.986985,-14.760105 -72.986968,-14.760108 -72.986961,-14.760111 -72.986960909091,-14.7601110454545 -72.986964,-14.760101 -72.986953,-14.760072 -72.986889,-14.760045 -72.986857,-14.76005 -72.986833,-14.760022 -72.986825,-14.759986 -72.986798,-14.759958 -72.986751,-14.759949 -72.986724,-14.75997 -72.986677,-14.759981 -72.986658,-14.759995 -72.986646,-14.759982 -72.98657,-14.759966 -72.986502,-14.759935 -72.986476,-14.759935 -72.986425,-14.75995 -72.986381,-14.759948 -72.986321,-14.759957 -72.986292,-14.759945 -72.986269,-14.759921 -72.986208,-14.759919 -72.986162,-14.759904 -72.986093,-14.759909 -72.985991,-14.759883 -72.985935,-14.759881 -72.985872,-14.759853 -72.985846,-14.759851 -72.985758,-14.759802 -72.985715,-14.759791 -72.985667,-14.759746 -72.985641,-14.759705 -72.985609,-14.759688 -72.985592,-14.759665 -72.985557,-14.759643 -72.985543,-14.759611 -72.985418,-14.759553 -72.985281,-14.759535 -72.98524,-14.759519 -72.985215,-14.759516 -72.98518,-14.759523 -72.985122,-14.759515 -72.985082,-14.759501 -72.985009,-14.759498 -72.984968,-14.759474 -72.984939,-14.759427 -72.984904,-14.759417 -72.984876,-14.759421 -72.984815,-14.759383 -72.984786,-14.759385 -72.984722,-14.759369 -72.984653,-14.759367 -72.984591,-14.759336 -72.984535,-14.759335 -72.984495,-14.759326 -72.984431,-14.759295 -72.98438,-14.759293 -72.984315,-14.759264 -72.984199,-14.759237 -72.984121,-14.759187 -72.984013,-14.759135 -72.983893,-14.759103 -72.983835,-14.759099 -72.983764,-14.759077 -72.983727,-14.759052 -72.983662,-14.759033 -72.983614,-14.759004 -72.983535,-14.759001 -72.983484,-14.758975 -72.98341,-14.758957 -72.983374,-14.758939 -72.983347,-14.758914 -72.983188,-14.758865 -72.983141,-14.758819 -72.982989,-14.758726 -72.982932,-14.758659 -72.982883,-14.758628 -72.982862,-14.758605 -72.982823,-14.758591 -72.982786,-14.758587 -72.982621,-14.758474 -72.982548,-14.758438 -72.98247,-14.758378 -72.982413,-14.758352 -72.982404,-14.758337 -72.982356,-14.758308 -72.982329,-14.758268 -72.982285,-14.758234 -72.982227,-14.758213 -72.982199,-14.758184 -72.982144,-14.758163 -72.982074,-14.758095 -72.982018,-14.758068 -72.981955,-14.758058 -72.981924,-14.758033 -72.981827,-14.757994 -72.98176,-14.757918 -72.981736,-14.75787 -72.981667,-14.757788 -72.981667,-14.757763 -72.981678,-14.757768 -72.981612,-14.757694 -72.981566,-14.757672 -72.981521,-14.757639 -72.981459,-14.75763 -72.98144,-14.757616 -72.981389,-14.7576 -72.981358,-14.757597 -72.981277,-14.757571 -72.981171,-14.757568 -72.981149,-14.757561 -72.9811,-14.757537 -72.981072,-14.757511 -72.981038,-14.757502 -72.980978,-14.757452 -72.980922,-14.757423 -72.980856,-14.757366 -72.980775,-14.757335 -72.980654,-14.757249 -72.980551,-14.757231 -72.980511,-14.757188 -72.980375,-14.757139 -72.980197,-14.756921 -72.980171,-14.756911 -72.980088,-14.756904 -72.980043,-14.756865 -72.980018,-14.756829 -72.979927,-14.756761 -72.979917,-14.756738 -72.979889,-14.756712 -72.979851,-14.756684 -72.979842,-14.756688 -72.97982,-14.756675 -72.979774,-14.756641 -72.979729,-14.756588 -72.979666,-14.756492 -72.979653,-14.756483 -72.979617,-14.756413 -72.979582,-14.756367 -72.979524,-14.75632 -72.979496,-14.756275 -72.979467,-14.756256 -72.979452,-14.756235 -72.97943,-14.756219 -72.979412,-14.756216 -72.979381,-14.75616 -72.979317,-14.75609 -72.979286,-14.756072 -72.979211,-14.756072 -72.979166,-14.756053 -72.979143,-14.756035 -72.97912,-14.756029 -72.979099,-14.756009 -72.979013,-14.75597 -72.978933,-14.755921 -72.978811,-14.755827 -72.978767,-14.755812 -72.978696,-14.755812 -72.978637,-14.755742 -72.978618,-14.755702 -72.978578,-14.755647 -72.978534,-14.755602 -72.97848,-14.755561 -72.978374,-14.75551 -72.978359,-14.75551 -72.978301,-14.755467 -72.978261,-14.755451 -72.978109,-14.755349 -72.978082,-14.755323 -72.978034,-14.755303 -72.977974,-14.755251 -72.977874,-14.755201 -72.977848,-14.755175 -72.977749,-14.755124 -72.977724,-14.755093 -72.977669,-14.755085 -72.977658,-14.755071 -72.977621,-14.755054 -72.977595,-14.755027 -72.977559,-14.755007 -72.977542,-14.754986 -72.977525,-14.754982 -72.977494,-14.754956 -72.977469,-14.754946 -72.977366,-14.754833 -72.977258,-14.754761 -72.97722,-14.754749 -72.977165,-14.754714 -72.977035,-14.754592 -72.977034,-14.754565 -72.97702,-14.754547 -72.977001,-14.754497 -72.976979,-14.75446 -72.976957,-14.75445 -72.976947,-14.754437 -72.976914,-14.75436 -72.976893,-14.754353 -72.976858,-14.754354 -72.976838,-14.754342 -72.976736,-14.754326 -72.9767,-14.754308 -72.976658,-14.754305 -72.976485,-14.754229 -72.976462,-14.754212 -72.97641,-14.754196 -72.976316,-14.754199 -72.976205,-14.754177 -72.976156,-14.75418 -72.976065,-14.754169 -72.97603,-14.75418 -72.975971,-14.754185 -72.975921,-14.754205 -72.975878,-14.754205 -72.975868,-14.754212 -72.975856,-14.754208 -72.975817,-14.754217 -72.975773,-14.754199 -72.975755,-14.754173 -72.975733,-14.754162 -72.975698,-14.754158 -72.975673,-14.75414 -72.975556,-14.753994 -72.975533,-14.753951 -72.975507,-14.753927 -72.975439,-14.753814 -72.975416,-14.753788 -72.975362,-14.753757 -72.975309,-14.753704 -72.975268,-14.753638 -72.97517,-14.753545 -72.975152,-14.753514 -72.975097,-14.753479 -72.97503,-14.75346 -72.974972,-14.753435 -72.974933,-14.753408 -72.974905,-14.7534 -72.974838,-14.753353 -72.974735,-14.753301 -72.974711,-14.753282 -72.974656,-14.753277 -72.974555,-14.753236 -72.974471,-14.753185 -72.974433,-14.753139 -72.97437,-14.753126 -72.974331,-14.753092 -72.974312,-14.753081 -72.9743,-14.753071 -72.974278,-14.753058 -72.974276,-14.7530565 -72.974275,-14.753054 -72.974263,-14.753039 -72.974256,-14.753023 -72.974235,-14.753005 -72.974132,-14.752872 -72.974114,-14.752861 -72.974094,-14.752828 -72.974069,-14.752808 -72.974027,-14.752737 -72.973935,-14.752633 -72.97384,-14.752488 -72.973836,-14.752462 -72.973801,-14.752434 -72.973788,-14.752388 -72.973755,-14.752363 -72.973733,-14.752314 -72.973728,-14.752278 -72.973708,-14.752228 -72.973706,-14.752194 -72.973715,-14.752193 -72.973721,-14.752181 -72.973712,-14.752161 -72.973707,-14.752089 -72.973694,-14.752066 -72.9737,-14.752016 -72.973686,-14.751965 -72.973687,-14.751909 -72.973668,-14.751859 -72.97366,-14.751811 -72.97366,-14.751749 -72.97369,-14.751756 -72.973713,-14.751745 -72.973739,-14.751691 -72.973797,-14.751661 -72.973835,-14.751632 -72.973855,-14.751595 -72.97395,-14.75154 -72.973997,-14.751481 -72.974028,-14.751464 -72.974045,-14.751433 -72.974086,-14.751405 -72.974103,-14.751417 -72.974103,-14.751412 -72.974125,-14.751415 -72.97415,-14.751385 -72.974166,-14.751348 -72.974174,-14.751346 -72.974218,-14.751375 -72.974267,-14.751342 -72.974279,-14.751346 -72.974299,-14.751333 -72.974359,-14.751314 -72.974383,-14.751319 -72.974424,-14.751343 -72.974479,-14.751257 -72.974501,-14.751237 -72.974534,-14.751187 -72.974552,-14.751177 -72.974568,-14.751122 -72.974554,-14.751097 -72.974554,-14.75108 -72.974575,-14.751032 -72.974587,-14.75102 -72.974584,-14.751006 -72.97459,-14.751008 -72.974632,-14.750961 -72.974646,-14.750932 -72.974644,-14.750906 -72.974688,-14.750893 -72.97472,-14.750837 -72.974735,-14.750817 -72.97474,-14.75082 -72.974732,-14.750803 -72.974759,-14.75079 -72.974778,-14.75077 -72.974784,-14.750755 -72.974774,-14.750722 -72.974807,-14.750722 -72.974822,-14.750734 -72.974849,-14.750726 -72.97487,-14.750711 -72.974852,-14.750669 -72.974875,-14.750683 -72.97491,-14.750686 -72.974949,-14.750677 -72.974963,-14.750646 -72.974957,-14.750626 -72.974966,-14.750602 -72.97496,-14.75059 -72.974983,-14.750602 -72.975028,-14.750568 -72.975066,-14.750567 -72.975102,-14.750541 -72.975107,-14.750544 -72.975092,-14.750514 -72.975129,-14.750495 -72.975148,-14.750461 -72.975169,-14.750474 -72.975178,-14.750467 -72.975196,-14.750468 -72.975228,-14.750483 -72.975219,-14.750465 -72.975227,-14.750457 -72.97526,-14.75046 -72.975325,-14.750506 -72.975366,-14.750511 -72.975385,-14.750527 -72.975363,-14.750487 -72.975389,-14.750481 -72.975386,-14.750475 -72.975397,-14.75048 -72.975413,-14.750474 -72.975384,-14.750433 -72.975394,-14.750426 -72.975379,-14.750405 -72.975386,-14.750384 -72.975379,-14.750373 -72.975386,-14.750341 -72.975374,-14.750312 -72.975378,-14.75029 -72.975366,-14.750273 -72.975392,-14.750256 -72.975388,-14.750246 -72.975394,-14.750237 -72.975377,-14.75021 -72.975383,-14.750195 -72.975406,-14.750172 -72.975407,-14.750152 -72.975421,-14.750152 -72.975444,-14.750136 -72.975464,-14.750097 -72.975455,-14.750084 -72.975466,-14.750049 -72.975433,-14.750005 -72.975446,-14.749981 -72.975441,-14.749974 -72.975443,-14.749965 -72.975446,-14.74996 -72.975447,-14.74996 -72.97544,-14.749951 -72.975455,-14.749949 -72.975474,-14.749932 -72.975485,-14.74992 -72.975484,-14.74991 -72.975522,-14.749906 -72.975552,-14.749888 -72.975553,-14.749878 -72.97556,-14.749884 -72.975567,-14.749874 -72.975551,-14.749841 -72.97557,-14.749819 -72.975566,-14.749784 -72.975594,-14.749702 -72.97562,-14.749661 -72.975619,-14.749659 -72.975618,-14.749658 -72.975617,-14.749657 -72.975616,-14.749656 -72.975626,-14.749634 -72.975615,-14.749598 -72.975639,-14.74956 -72.975594,-14.749493 -72.975604,-14.749485 -72.975611,-14.749462 -72.975605,-14.749434 -72.975619,-14.749411 -72.975612,-14.749398 -72.975623,-14.749366 -72.975602,-14.74934 -72.975595,-14.749301 -72.97562,-14.74926 -72.975596,-14.749186 -72.975582,-14.74917 -72.975584,-14.749153 -72.975604,-14.749143 -72.975629,-14.749115 -72.975624,-14.749089 -72.975634,-14.749078 -72.975622,-14.749064 -72.975644,-14.748987 -72.975642,-14.748935 -72.975652,-14.748896 -72.975647,-14.74889 -72.975651,-14.748867 -72.975619,-14.748825 -72.975625,-14.748776 -72.975614,-14.748757 -72.975615,-14.748732 -72.975634,-14.748644 -72.975615,-14.748612 -72.975657,-14.748541 -72.975714,-14.748477 -72.975758,-14.748399 -72.975768,-14.748407 -72.975782,-14.748397 -72.97582,-14.748346 -72.97583,-14.748348 -72.975827,-14.748343 -72.975842,-14.748323 -72.975882,-14.74828 -72.975874,-14.74827 -72.975897,-14.748244 -72.975889,-14.748231 -72.975903,-14.748186 -72.975904,-14.748154 -72.975946,-14.748102 -72.975962,-14.748056 -72.975956,-14.748048 -72.975963,-14.74803 -72.975947,-14.747983 -72.97597,-14.747966 -72.975981,-14.747924 -72.976101,-14.747887 -72.976106,-14.747845 -72.976126,-14.747811 -72.976135,-14.747763 -72.976162,-14.747702 -72.97616,-14.747693 -72.976231,-14.747621 -72.976256,-14.747582 -72.97626,-14.747555 -72.976307,-14.747568 -72.976316,-14.747565 -72.976313,-14.747552 -72.976323,-14.747545 -72.976357,-14.747534 -72.976375,-14.747539 -72.976347,-14.747463 -72.976386,-14.747439 -72.9763753478259,-14.7474245434784 -72.9763741088928,-14.7474228620691 -72.976372,-14.74742 -72.9763744411765,-14.7474224411765 -72.976389,-14.747404 -72.976415,-14.747347 -72.976473,-14.747296 -72.976487,-14.747261 -72.976512,-14.747226 -72.97652,-14.747193 -72.976552,-14.747167 -72.976604,-14.7471 -72.976635,-14.747023 -72.976672,-14.746982 -72.976725,-14.74694 -72.976734,-14.746948 -72.976768,-14.746896 -72.976829,-14.746832 -72.976889,-14.746797 -72.976973,-14.746733 -72.976997,-14.746724 -72.977025,-14.746699 -72.977046,-14.746668 -72.977125,-14.746606 -72.977175,-14.746528 -72.9772,-14.746502 -72.977216,-14.746473 -72.977219,-14.746451 -72.977251,-14.746403 -72.9773,-14.746291 -72.977341,-14.746256 -72.977351,-14.746226 -72.977376,-14.74619 -72.97741,-14.746009 -72.977408,-14.745978 -72.977421,-14.745958 -72.977419,-14.745928 -72.977448,-14.745809 -72.977447,-14.745684 -72.977457,-14.745653 -72.977451,-14.745637 -72.977465,-14.745592 -72.977459,-14.745584 -72.977462,-14.745518 -72.977472,-14.7455 -72.977471,-14.74542 -72.977487,-14.745399 -72.97753,-14.745368 -72.977579,-14.7453 -72.977629,-14.745282 -72.977707,-14.745236 -72.977814,-14.74522 -72.977871,-14.745182 -72.977946,-14.745191 -72.977982,-14.745161 -72.978003,-14.74517 -72.978028,-14.74517 -72.97805,-14.74516 -72.978087,-14.745165 -72.978119,-14.745149 -72.978203,-14.745153 -72.978257,-14.745122 -72.978302,-14.745106 -72.978344,-14.745107 -72.978409,-14.745079 -72.97849,-14.745065 -72.978531,-14.745067 -72.978568,-14.745051 -72.978635,-14.745045 -72.978654,-14.745031 -72.978754,-14.74504 -72.978788,-14.745028 -72.978826,-14.745027 -72.978908,-14.745038 -72.979014,-14.744991 -72.979085,-14.744981 -72.97916,-14.74493 -72.979188,-14.744928 -72.979241,-14.744907 -72.979284,-14.744888 -72.979287,-14.744878 -72.979317,-14.744859 -72.979406,-14.744829 -72.979411,-14.744816 -72.979481,-14.744761 -72.97954,-14.744669 -72.979582,-14.744632 -72.979589,-14.744611 -72.979664,-14.744551 -72.979707,-14.744483 -72.979767,-14.744446 -72.97979,-14.744412 -72.979821,-14.74439 -72.979838,-14.744367 -72.979866,-14.744351 -72.979871,-14.744339 -72.979904,-14.744326 -72.979922,-14.744309 -72.979987,-14.744275 -72.980083,-14.744247 -72.980177,-14.744198 -72.980291,-14.744166 -72.980365,-14.744093 -72.980475,-14.744023 -72.980533,-14.744008 -72.980587,-14.743953 -72.980631,-14.74393 -72.980657,-14.74389 -72.980686,-14.743869 -72.980728,-14.743857 -72.980737,-14.743838 -72.980767,-14.743822 -72.980787,-14.743795 -72.980876,-14.74373 -72.980887,-14.74371 -72.980981,-14.743636 -72.980994,-14.74361 -72.981019,-14.743584 -72.981053,-14.743562 -72.981083,-14.743523 -72.981131,-14.743489 -72.981166,-14.743446 -72.981231,-14.743403 -72.981261,-14.743371 -72.981277,-14.743335 -72.981363,-14.743276 -72.981445,-14.743203 -72.981497,-14.743166 -72.981593,-14.743126 -72.981751,-14.743011 -72.98177,-14.743 -72.981796,-14.742999 -72.981903,-14.742924 -72.981956,-14.742878 -72.982011,-14.742839 -72.982054,-14.742819 -72.98218,-14.742724 -72.982263,-14.742686 -72.982329,-14.742621 -72.982363,-14.742602 -72.982406,-14.742565 -72.982445,-14.742514 -72.982498,-14.742474 -72.982544,-14.742459 -72.982568,-14.742432 -72.98267,-14.742361 -72.982804,-14.742293 -72.98282,-14.742267 -72.98282,-14.742255 -72.982852,-14.742236 -72.98286,-14.742217 -72.982913,-14.742171 -72.982933,-14.742133 -72.982958,-14.742125 -72.982989,-14.742096 -72.983053,-14.742062 -72.98323,-14.741996 -72.983335,-14.741992 -72.983377,-14.742004 -72.983404,-14.74199 -72.983438,-14.741948 -72.983461,-14.741935 -72.983503,-14.741893 -72.983513,-14.741868 -72.983536,-14.741845 -72.983563,-14.741833 -72.983585,-14.741796 -72.983631,-14.741743 -72.983681,-14.741713 -72.983735,-14.741657 -72.983843,-14.741594 -72.983881,-14.741551 -72.983921,-14.741523 -72.984016,-14.741474 -72.984099,-14.741461 -72.984117,-14.741446 -72.984221,-14.74141 -72.984325,-14.741349 -72.984374,-14.741328 -72.984438,-14.741286 -72.984542,-14.741265 -72.984596,-14.741206 -72.984622,-14.741191 -72.98464,-14.741167 -72.984715,-14.741101 -72.984788,-14.741055 -72.984844,-14.741006 -72.98487,-14.740964 -72.984899,-14.74095 -72.984946,-14.740899 -72.985015,-14.740854 -72.985043,-14.74082 -72.985104,-14.740794 -72.985118,-14.74078 -72.985158,-14.740767 -72.985197,-14.740726 -72.985222,-14.740715 -72.985239,-14.740693 -72.985273,-14.740674 -72.985276,-14.740661 -72.985321,-14.740629 -72.985347,-14.740595 -72.985361,-14.740592 -72.985428,-14.740539 -72.985462,-14.740499 -72.985616,-14.740428 -72.985618,-14.740415 -72.985632,-14.740412 -72.985648,-14.740395 -72.98568,-14.740385 -72.985748,-14.740341 -72.985774,-14.740342 -72.985843,-14.740309 -72.98591,-14.740251 -72.985964,-14.740231 -72.98598,-14.74021 -72.986038,-14.740174 -72.986104,-14.740112 -72.986146,-14.740088 -72.986189,-14.740036 -72.986241,-14.739996 -72.986248,-14.739955 -72.986308,-14.739941 -72.986334,-14.739925 -72.986381,-14.739863 -72.986403,-14.739853 -72.986424,-14.739832 -72.986454,-14.739823 -72.986528,-14.739782 -72.986567,-14.739774 -72.986595,-14.739757 -72.986613,-14.739728 -72.986625,-14.739721 -72.986684,-14.739711 -72.986747,-14.739672 -72.986764,-14.739674 -72.986809,-14.73966 -72.986841,-14.739635 -72.986954,-14.739579 -72.986975,-14.739546 -72.986987,-14.739542 -72.987023,-14.739503 -72.987079,-14.739457 -72.987114,-14.739449 -72.987162,-14.739395 -72.987192,-14.739378 -72.987208,-14.739357 -72.987255,-14.739333 -72.987303,-14.739282 -72.987352,-14.73926 -72.987432,-14.739183 -72.987475,-14.739175 -72.987545,-14.739086 -72.987582,-14.739064 -72.987602,-14.73904 -72.987697,-14.738989 -72.987741,-14.738931 -72.987831,-14.738868 -72.987853,-14.738833 -72.987896,-14.738797 -72.987974,-14.738692 -72.988034,-14.738639 -72.988052,-14.73861 -72.988079,-14.738585 -72.988089,-14.738558 -72.988154,-14.738521 -72.988217,-14.738468 -72.988225,-14.738452 -72.988277,-14.738417 -72.988313,-14.738359 -72.988323,-14.738358 -72.988337,-14.73834 -72.988391,-14.7383 -72.988436,-14.738285 -72.9885,-14.738251 -72.988517,-14.738231 -72.988599,-14.73818 -72.988629,-14.738149 -72.988743,-14.738072 -72.988804,-14.737982 -72.988827,-14.737976 -72.988886,-14.737913 -72.988932,-14.737888 -72.988944,-14.737856 -72.988973,-14.737822 -72.989003,-14.737793 -72.989017,-14.737789 -72.989047,-14.737663 -72.989066,-14.737643 -72.989077,-14.737606 -72.989108,-14.737574 -72.989134,-14.737515 -72.989175,-14.737484 -72.989197,-14.737443 -72.989207,-14.737441 -72.989238,-14.737394 -72.989318,-14.737331 -72.989325,-14.737299 -72.989331,-14.737292 -72.98935,-14.737291 -72.989372,-14.737251 -72.989495,-14.737192 -72.98955,-14.737127 -72.989591,-14.737109 -72.989587,-14.737078 -72.989607,-14.737038 -72.989624,-14.737037 -72.989652,-14.737015 -72.989663,-14.736984 -72.989694,-14.73695 -72.989718,-14.73695 -72.989736,-14.736937 -72.989759,-14.736932 -72.989766,-14.736938 -72.989799,-14.736904 -72.989833,-14.736891 -72.989898,-14.736882 -72.989914,-14.736869 -72.989946,-14.73687 -72.989948,-14.736857 -72.989989,-14.736838 -72.990025,-14.736799 -72.990106,-14.73676 -72.990109,-14.736752 -72.990135,-14.736752 -72.990182,-14.736726 -72.990227,-14.736722 -72.99025,-14.736708 -72.990296,-14.736702 -72.99037,-14.736647 -72.990407,-14.736606 -72.990447,-14.736589 -72.990478,-14.73656 -72.990551,-14.736519 -72.990618,-14.736452 -72.990662,-14.736429 -72.990736,-14.736369 -72.990786,-14.736349 -72.990819,-14.736313 -72.990902,-14.736265 -72.990949,-14.736214 -72.990977,-14.736151 -72.990961,-14.736108 -72.990953,-14.735987 -72.990928,-14.735926 -72.990933,-14.735845 -72.990947,-14.735806 -72.990948,-14.735792 -72.990939,-14.735779 -72.99096,-14.73572 -72.990977,-14.735696 -72.990984,-14.735656 -72.991006,-14.7356 -72.991034,-14.735561 -72.991031,-14.735543 -72.991077,-14.735497 -72.99112,-14.735432 -72.991224,-14.735339 -72.991244,-14.735332 -72.991267,-14.735312 -72.991318,-14.735313 -72.991357,-14.7353 -72.991376,-14.735302 -72.991445,-14.73525 -72.991481,-14.735234 -72.9915,-14.735205 -72.99153,-14.735179 -72.991541,-14.73516 -72.991584,-14.735127 -72.991598,-14.735104 -72.991722,-14.735036 -72.991793,-14.735012 -72.991859,-14.735 -72.991873,-14.734989 -72.992014,-14.73494 -72.992044,-14.73492 -72.992191,-14.734864 -72.992218,-14.734842 -72.99225,-14.734836 -72.992292,-14.734811 -72.992344,-14.734799 -72.992361,-14.734787 -72.992387,-14.73479 -72.992424,-14.734773 -72.99248,-14.734762 -72.992517,-14.734734 -72.992544,-14.734702 -72.992576,-14.734685 -72.992612,-14.734643 -72.992761,-14.734543 -72.992804,-14.734488 -72.992868,-14.734435 -72.992893,-14.734386 -72.992905,-14.734337 -72.99293,-14.73432 -72.992981,-14.73426 -72.993008,-14.734207 -72.993067,-14.734155 -72.993089,-14.73412 -72.993163,-14.734042 -72.993226,-14.734022 -72.993316,-14.733961 -72.99333,-14.733944 -72.993331,-14.733923 -72.993352,-14.733878 -72.993418,-14.73381 -72.993442,-14.733794 -72.993452,-14.733768 -72.993505,-14.733718 -72.993555,-14.733629 -72.993582,-14.733613 -72.993584,-14.733604 -72.993614,-14.733582 -72.993652,-14.733537 -72.993704,-14.7335 -72.993799,-14.733496 -72.993836,-14.733485 -72.993838,-14.733479 -72.99386,-14.733483 -72.9939,-14.733465 -72.993921,-14.733433 -72.993967,-14.733404 -72.994069,-14.733381 -72.994194,-14.733336 -72.994262,-14.733321 -72.994329,-14.733314 -72.994352,-14.733318 -72.99444,-14.733296 -72.994488,-14.733306 -72.9945,-14.733324 -72.99454,-14.733337 -72.994557,-14.733262 -72.994627,-14.733231 -72.994671,-14.733201 -72.994685,-14.733182 -72.994732,-14.733163 -72.994772,-14.733132 -72.994786,-14.73311 -72.994884,-14.733041 -72.994892,-14.733027 -72.994928,-14.733016 -72.994954,-14.732997 -72.995022,-14.732994 -72.995046,-14.732979 -72.995086,-14.73297 -72.995092,-14.732961 -72.995113,-14.732959 -72.995164,-14.732935 -72.995211,-14.732936 -72.995267,-14.732926 -72.995347,-14.732889 -72.995417,-14.732792 -72.99551,-14.732696 -72.995528,-14.732654 -72.995546,-14.732636 -72.995542,-14.732611 -72.995537,-14.732605 -72.995537,-14.732603 -72.995537,-14.732602 -72.99553,-14.732606 -72.995532,-14.732606 -72.995534,-14.732604 -72.995537,-14.732603 -72.995537,-14.732603 -72.995547,-14.732601 -72.995549,-14.732599 -72.995534,-14.732579 -72.995535,-14.732563 -72.995458,-14.732459 -72.99544,-14.73241 -72.995413,-14.732365 -72.9954,-14.73236 -72.995371,-14.73232 -72.995372,-14.732293 -72.995354,-14.73224 -72.995349,-14.732242 -72.995342,-14.732179 -72.995326,-14.732139 -72.995338,-14.732108 -72.995333,-14.732084 -72.99538,-14.732061 -72.995374,-14.732044 -72.995385,-14.731979 -72.995429,-14.731876 -72.995424,-14.731875 -72.995443,-14.731862 -72.995452,-14.731841 -72.99546,-14.731782 -72.995478,-14.731752 -72.995491,-14.731689 -72.995487,-14.731639 -72.995495,-14.731635 -72.99549,-14.731611 -72.995515,-14.731574 -72.995654,-14.731508 -72.99568,-14.731507 -72.995804,-14.731463 -72.995913,-14.731449 -72.995955,-14.731425 -72.995982,-14.731424 -72.995992,-14.731402 -72.995966,-14.731393 -72.995961,-14.731399 -72.995967,-14.731398 -72.995974,-14.731401 -72.99598,-14.731402 -72.995988,-14.731402 -72.995991,-14.731402 -72.995992,-14.731402 -72.995994,-14.731402 -72.995996,-14.731402 -72.995997,-14.731403 -72.996032,-14.7314 -72.996171,-14.731357 -72.996286,-14.731345 -72.996325,-14.731347 -72.996378,-14.731323 -72.996428,-14.731281 -72.996469,-14.731276 -72.996616,-14.731181 -72.996702,-14.731068 -72.996748,-14.730958 -72.996762,-14.730946 -72.996799,-14.730873 -72.996847,-14.730707 -72.996881,-14.730649 -72.996889,-14.730541 -72.996883,-14.730522 -72.996899,-14.730483 -72.996895,-14.730388 -72.996905,-14.73033 -72.996919,-14.730295 -72.996908,-14.730232 -72.996915,-14.730216 -72.996947,-14.730197 -72.996955,-14.730181 -72.996954,-14.730136 -72.996935,-14.730073 -72.996946,-14.730017 -72.996963,-14.729987 -72.996963,-14.729945 -72.996974,-14.729918 -72.996976,-14.729883 -72.996961,-14.729775 -72.996971,-14.729758 -72.996984,-14.729752 -72.996996,-14.729728 -72.997004,-14.729683 -72.997021,-14.729661 -72.997016,-14.729595 -72.997032,-14.729568 -72.997033,-14.729545 -72.997015,-14.729513 -72.997034,-14.729459 -72.997047,-14.729449 -72.99703,-14.729401 -72.997039,-14.729337 -72.997029,-14.729309 -72.997044,-14.729272 -72.997048,-14.729191 -72.997058,-14.729165 -72.997033,-14.729083 -72.99703,-14.72901 -72.997057,-14.72896 -72.997045,-14.72893 -72.997025,-14.728906 -72.99706,-14.728848 -72.997037,-14.728795 -72.997033,-14.728764 -72.997037,-14.728752 -72.997045,-14.72875 -72.997037,-14.72867 -72.997044,-14.728657 -72.99703,-14.728603 -72.997036,-14.728579 -72.997026,-14.728561 -72.997024,-14.728512 -72.997057,-14.728428 -72.99706,-14.72839 -72.997024,-14.728286 -72.997028,-14.728273 -72.997018,-14.728265 -72.997011,-14.72823 -72.996961,-14.728153 -72.996942,-14.728109 -72.996942,-14.728078 -72.996951,-14.728045 -72.996976,-14.72801 -72.996974,-14.727971 -72.996977,-14.727957 -72.996986,-14.727954 -72.996987,-14.7279 -72.997006,-14.727863 -72.997012,-14.727814 -72.997034,-14.727745 -72.997019,-14.727728 -72.997023,-14.72767 -72.997033,-14.72766 -72.997035,-14.727643 -72.99703,-14.727601 -72.997041,-14.727595 -72.997043,-14.727577 -72.997033,-14.72754 -72.99704,-14.727492 -72.997016,-14.727404 -72.997025,-14.727352 -72.997033,-14.727346 -72.997025,-14.727307 -72.997029,-14.727266 -72.99702,-14.727251 -72.997029,-14.727232 -72.997021,-14.727216 -72.99705,-14.727168 -72.99706,-14.727098 -72.997053,-14.727082 -72.997056,-14.727065 -72.997053,-14.727058 -72.99707,-14.727028 -72.997083,-14.726968 -72.997078,-14.726935 -72.997087,-14.726837 -72.997104,-14.726784 -72.997131,-14.726738 -72.997111,-14.726675 -72.997131,-14.726566 -72.997126,-14.726558 -72.997149,-14.726509 -72.997145,-14.726458 -72.997164,-14.726428 -72.997158,-14.726394 -72.997179,-14.726368 -72.99718,-14.726228 -72.99719,-14.726216 -72.997191,-14.726183 -72.997201,-14.726176 -72.997202,-14.726093 -72.997192,-14.726071 -72.997199,-14.726063 -72.997196,-14.726051 -72.997179,-14.726019 -72.997174,-14.725981 -72.997146,-14.725908 -72.997131,-14.725825 -72.997139,-14.725808 -72.99712,-14.725784 -72.997108,-14.72575 -72.997044,-14.725686 -72.997038,-14.725643 -72.996984,-14.725553 -72.996955,-14.72552 -72.9969,-14.725399 -72.996899,-14.725371 -72.996874,-14.725298 -72.996865,-14.725186 -72.996841,-14.725137 -72.996818,-14.725057 -72.996761,-14.724963 -72.996738,-14.724941 -72.996723,-14.724907 -72.996686,-14.72487 -72.996683,-14.72485 -72.996621,-14.724778 -72.996619,-14.724752 -72.996595,-14.724697 -72.996562,-14.72466 -72.996517,-14.724558 -72.996483,-14.724509 -72.996481,-14.724449 -72.996469,-14.724443 -72.996452,-14.724408 -72.996455,-14.724363 -72.996437,-14.724324 -72.996452,-14.724267 -72.996457,-14.724189 -72.996444,-14.72411 -72.996424,-14.724063 -72.996423,-14.724044 -72.996413,-14.724035 -72.996403,-14.723988 -72.996368,-14.723949 -72.996358,-14.723917 -72.996361,-14.723894 -72.996329,-14.723834 -72.996322,-14.723786 -72.996329,-14.723746 -72.996316,-14.723727 -72.996321,-14.723708 -72.996313,-14.723685 -72.996318,-14.723609 -72.996311,-14.723569 -72.996318,-14.723554 -72.996308,-14.723525 -72.996311,-14.723506 -72.996338,-14.723475 -72.996335,-14.723455 -72.99635,-14.723423 -72.996335,-14.723367 -72.996336,-14.723351 -72.996345,-14.723341 -72.99634,-14.723298 -72.996347,-14.723217 -72.996341,-14.723206 -72.996356,-14.723185 -72.996353,-14.723149 -72.996377,-14.723127 -72.996378,-14.723085 -72.996404,-14.723025 -72.996419,-14.723009 -72.996425,-14.722976 -72.996439,-14.722954 -72.996433,-14.722943 -72.996435,-14.722897 -72.996449,-14.722881 -72.99646,-14.722822 -72.996454,-14.722771 -72.996434,-14.722725 -72.996436,-14.722687 -72.996424,-14.722644 -72.996429,-14.722581 -72.996444,-14.722538 -72.996438,-14.722511 -72.996462,-14.722478 -72.996453,-14.722454 -72.996453,-14.722408 -72.99646,-14.722397 -72.99645,-14.722397 -72.99644,-14.722373 -72.996407,-14.722342 -72.996407,-14.722333 -72.996366,-14.722281 -72.996334,-14.722282 -72.996313,-14.722272 -72.996308,-14.722271 -72.996277,-14.72223 -72.996262,-14.72216 -72.996271,-14.722126 -72.99629,-14.722093 -72.996277,-14.72206 -72.996321,-14.722017 -72.996327,-14.721997 -72.99636,-14.72196 -72.996399,-14.721873 -72.996402,-14.72185 -72.996392,-14.721823 -72.996395,-14.721763 -72.996389,-14.721738 -72.99641,-14.721692 -72.99644,-14.721653 -72.996445,-14.721602 -72.996469,-14.721562 -72.996467,-14.721549 -72.996503,-14.721464 -72.996537,-14.721409 -72.996528,-14.721396 -72.996527,-14.721397 -72.996524,-14.721397 -72.996524,-14.721398 -72.996522,-14.721398 -72.996524,-14.721378 -72.9965349130283,-14.721360082559 -72.9965645888738,-14.7213140723123 -72.9965877020443,-14.7212722295038 -72.9966012511442,-14.7212084690336 -72.9966191837764,-14.721180573828 -72.9966327328763,-14.7211343474871 -72.996653853532,-14.7210849331228 -72.9966917113112,-14.7210219696585 -72.9967475017225,-14.7209570136796 -72.9967905400398,-14.7209191559005 -72.9968714361363,-14.720857387945 -72.9969427681622,-14.7208147481306 -72.9970288447969,-14.720754574187 -72.9970985828111,-14.7206924077286 -72.9973145714036,-14.720438162854 -72.9975042588022,-14.7202532574906 -72.9976811941068,-14.7201002323624 -72.9978071210353,-14.7198993868815 -72.9979473940696,-14.7195885545896 -72.997996011428,-14.7194721917316 -72.997989635381,-14.7194419055083 -72.9979721012517,-14.7194227773673 -72.9978716785113,-14.7193462648032 -72.997814,-14.71926 -72.9977903839119,-14.7192107738041 -72.997783210859,-14.7191741115338 -72.9977824138531,-14.719147013334</coordinates></LineString><LineString><coordinates>-72.9825682413793,-14.8156093793106 -72.982563,-14.815612 -72.98256,-14.815619 -72.982568,-14.815624 -72.982569,-14.815619 -72.982568,-14.815613 -72.9825682413793,-14.8156093793106</coordinates></LineString><LineString><coordinates>-72.9763741088928,-14.7474228620691 -72.9763744411765,-14.7474224411765 -72.976376,-14.747424 -72.9763753478259,-14.7474245434784 -72.97637,-14.747429 -72.976369,-14.7474291724139 -72.976369,-14.747429 -72.976372,-14.747426 -72.976374,-14.747423 -72.9763741088928,-14.7474228620691</coordinates></LineString><LineString><coordinates>-72.9763680000003,-14.747436 -72.976368,-14.747436 -72.976367,-14.747435 -72.976368,-14.747431 -72.9763689999999,-14.747431 -72.976369,-14.747431 -72.976369,-14.7474300000001 -72.976369,-14.74743 -72.976369,-14.7474291724139 -72.976341,-14.747434 -72.976334,-14.747438 -72.976343,-14.74746 -72.976349,-14.74745 -72.976359,-14.747445 -72.9763623684211,-14.7474416315791 -72.976367,-14.747445 -72.976377,-14.747443 -72.97637,-14.747438 -72.9763695,-14.747436 -72.976369,-14.747436 -72.9763680000003,-14.747436 -72.9763692,-14.7474348000002 -72.976369,-14.747434 -72.976372,-14.747432 -72.976371,-14.7474300000001 -72.976371,-14.74743 -72.976374,-14.74743 -72.9763746923077,-14.7474295384615 -72.976377,-14.747428 -72.976374,-14.747427 -72.976375,-14.747428 -72.9763746923077,-14.7474295384615 -72.9763746,-14.7474300000001 -72.976378,-14.74743 -72.9763740769231,-14.7474326153847 -72.976374,-14.747433 -72.976373,-14.747437 -72.976372,-14.747438 -72.976371,-14.747436 -72.97637,-14.747436 -72.9763695,-14.747436 -72.9763694285714,-14.7474357142857 -72.9763692,-14.7474348000002 -72.976372,-14.747432 -72.9763689999999,-14.747431 -72.976366,-14.74743 -72.976369,-14.7474300000001 -72.976371,-14.7474300000001 -72.9763746,-14.7474300000001 -72.9763740769231,-14.7474326153847 -72.9763694285714,-14.7474357142857 -72.976369,-14.747436 -72.9763679166669,-14.7474360833333 -72.9763680000003,-14.747436</coordinates></LineString><LineString><coordinates>-72.9763623684211,-14.7474416315791 -72.9763679166669,-14.7474360833333 -72.976356,-14.747437 -72.9763623684211,-14.7474416315791</coordinates></LineString><LineString><coordinates>-72.974276,-14.7530565 -72.974274,-14.753055 -72.974277,-14.753059 -72.974276,-14.7530565</coordinates></LineString></MultiGeometry>
  </Placemark>
  <Placemark id="Route.8">
	<name>23 julio</name>
	<description>&lt;b&gt;Descripción:&lt;/b&gt; Ida&lt;br&gt;&lt;b&gt;Inicio:&lt;/b&gt; 2007-07-23 04:52:36&lt;br&gt;&lt;b&gt;Fin:&lt;/b&gt; 2007-07-23 14:16:56&lt;br&gt;&lt;b&gt;Duración:&lt;/b&gt; 9.4 horas&lt;br&gt;</description>
	<Style><LineStyle><color>FF2ca033</color><width>4.25196</width></LineStyle><PolyStyle><fill>0</fill></PolyStyle></Style>
	<ExtendedData><SchemaData schemaUrl="#Route">
		<SimpleData name="fid">14</SimpleData>
		<SimpleData name="duracion">9.41</SimpleData>
		<SimpleData name="inicio_local">2007-07-23 04:52:36</SimpleData>
		<SimpleData name="fin_local">2007-07-23 14:16:56</SimpleData>
		<SimpleData name="nombre">23 julio</SimpleData>
		<SimpleData name="descrip">Ida</SimpleData>
	</SchemaData></ExtendedData>
      <MultiGeometry><LineString><coordinates>-72.9978132125665,-14.7191644343808 -72.997832,-14.719166 -72.997841,-14.719158 -72.997862,-14.719157 -72.997877,-14.719139 -72.997879,-14.71911 -72.997888,-14.719093 -72.99793,-14.71904 -72.99795,-14.719027 -72.997967,-14.718998 -72.998,-14.718972 -72.998026,-14.718932 -72.998101,-14.718861 -72.99819,-14.718793 -72.998241,-14.71877 -72.998328,-14.718756 -72.998339,-14.718747 -72.998362,-14.718697 -72.998386,-14.718687 -72.998399,-14.718641 -72.998413,-14.718622 -72.998626,-14.718448 -72.998713,-14.71836 -72.998755,-14.718304 -72.998816,-14.718265 -72.998862,-14.718221 -72.998877,-14.718182 -72.99891,-14.718134 -72.998952,-14.718102 -72.998989,-14.718085 -72.99904,-14.718035 -72.999068,-14.717975 -72.999114,-14.717938 -72.999136,-14.717897 -72.999144,-14.717849 -72.999169,-14.71782 -72.999208,-14.717736 -72.999258,-14.717682 -72.999279,-14.717643 -72.999338,-14.717596 -72.999397,-14.717526 -72.999464,-14.71747 -72.999498,-14.717452 -72.999525,-14.717382 -72.999582,-14.717336 -72.999598,-14.717315 -72.999611,-14.717283 -72.999611,-14.717246 -72.999618,-14.717231 -72.999664,-14.717193 -72.999674,-14.717175 -72.999728,-14.717118 -72.999758,-14.717098 -72.999781,-14.717067 -72.999769,-14.716981 -72.999773,-14.716962 -72.999811,-14.716922 -72.999808,-14.716901 -72.999789,-14.716895 -72.99984,-14.716854 -72.999881,-14.716797 -72.999923,-14.71672 -72.999918,-14.716702 -72.999929,-14.716682 -72.999968,-14.716639 -72.999984,-14.716605 -72.99999,-14.716563 -73.000008,-14.716541 -73.000023,-14.716487 -73.000064,-14.716425 -73.000068,-14.716407 -73.00006,-14.716394 -73.000071,-14.71639 -73.00009,-14.71636 -73.000097,-14.716309 -73.00014,-14.716234 -73.000183,-14.716202 -73.000207,-14.716164 -73.000207,-14.716132 -73.000225,-14.716113 -73.000241,-14.716079 -73.000292,-14.716046 -73.000271,-14.716035 -73.000304,-14.716009 -73.000315,-14.715972 -73.000358,-14.715943 -73.000435,-14.715842 -73.000463,-14.71582 -73.000535,-14.715715 -73.000561,-14.715699 -73.0006,-14.71562 -73.000639,-14.715582 -73.000658,-14.715543 -73.000691,-14.715515 -73.0007,-14.715519 -73.000731,-14.715499 -73.000757,-14.715419 -73.000761,-14.715366 -73.000799,-14.715251 -73.000792,-14.715237 -73.000797,-14.715244 -73.000827,-14.715178 -73.00083,-14.715149 -73.000885,-14.715074 -73.000935,-14.714872 -73.000992,-14.714788 -73.001024,-14.714764 -73.001036,-14.714743 -73.001042,-14.714659 -73.001054,-14.714652 -73.001106,-14.714652 -73.001128,-14.714645 -73.001129,-14.714553 -73.00112,-14.71452 -73.00113,-14.714484 -73.001178,-14.714403 -73.001212,-14.714377 -73.001264,-14.714305 -73.001271,-14.714274 -73.001289,-14.714245 -73.00128,-14.7142 -73.001303,-14.71416 -73.001307,-14.714131 -73.001335,-14.714056 -73.001332,-14.714014 -73.001356,-14.713962 -73.00137,-14.713896 -73.001387,-14.713875 -73.001393,-14.713854 -73.001417,-14.713842 -73.001444,-14.713803 -73.001445,-14.713778 -73.001381,-14.713716 -73.00138,-14.713693 -73.001358,-14.71365 -73.00134,-14.713556 -73.001349,-14.713553 -73.00135,-14.713545 -73.001321,-14.713498 -73.001311,-14.713446 -73.001318,-14.713222 -73.001311,-14.713171 -73.001323,-14.713132 -73.001331,-14.713029 -73.001347,-14.713006 -73.001351,-14.712916 -73.0014,-14.712846 -73.001431,-14.712756 -73.001413,-14.712632 -73.0014,-14.712609 -73.001394,-14.712575 -73.001435,-14.712455 -73.001431,-14.712341 -73.001444,-14.71226 -73.001436,-14.712197 -73.001464,-14.712174 -73.001482,-14.712141 -73.001478,-14.712093 -73.001493,-14.712004 -73.001502,-14.71199 -73.001507,-14.711942 -73.001513,-14.711943 -73.001515,-14.711921 -73.001533,-14.711899 -73.001536,-14.711864 -73.001536,-14.711831 -73.001535,-14.711841 -73.001529,-14.711834 -73.00153,-14.71183 -73.001541,-14.711826 -73.001541,-14.711825 -73.001542,-14.711821 -73.001542,-14.711817 -73.001541,-14.711822 -73.001541,-14.711821 -73.00154,-14.711821 -73.001539,-14.711823 -73.00154,-14.711817 -73.00154,-14.711812 -73.001539,-14.711814 -73.00154,-14.711816 -73.001539,-14.711817 -73.001539,-14.711819 -73.001539,-14.711822 -73.001539,-14.711824 -73.001539,-14.711823 -73.00154,-14.711824 -73.001539,-14.711825 -73.001539,-14.711823 -73.00154,-14.71182 -73.00154,-14.711821 -73.00154,-14.711822 -73.00154,-14.711823 -73.00154,-14.711824 -73.00154,-14.711825 -73.00154,-14.711826 -73.00154,-14.711827 -73.00154,-14.711828 -73.001539,-14.711829 -73.00154,-14.71183 -73.001539,-14.711834 -73.001541,-14.711827 -73.001541,-14.711825 -73.00154,-14.711826 -73.001541,-14.71182 -73.001541,-14.711818 -73.001542,-14.711812 -73.001542,-14.7118 -73.0015,-14.711746 -73.001498,-14.711681 -73.001487,-14.711654 -73.001488,-14.711612 -73.001471,-14.711587 -73.001467,-14.711556 -73.001476,-14.711537 -73.001513,-14.711524 -73.001508,-14.711463 -73.001519,-14.711428 -73.00152,-14.711418 -73.001519,-14.711407 -73.001518,-14.711395 -73.001523,-14.711376 -73.001507,-14.711396 -73.001509,-14.711406 -73.001517,-14.711406 -73.001521,-14.711402 -73.001521,-14.711395 -73.00153,-14.711386 -73.001616,-14.711321 -73.001638,-14.71129 -73.001703,-14.711109 -73.001731,-14.711064 -73.001774,-14.710962 -73.001791,-14.710947 -73.001818,-14.710897 -73.001835,-14.710851 -73.001837,-14.710823 -73.001933,-14.710696 -73.001969,-14.710601 -73.001982,-14.710544 -73.002024,-14.710448 -73.002046,-14.710425 -73.002056,-14.710428 -73.002084,-14.710368 -73.002107,-14.710277 -73.002143,-14.71022 -73.002212,-14.71008 -73.002222,-14.710015 -73.002236,-14.709995 -73.002275,-14.709976 -73.002289,-14.709953 -73.002318,-14.70984 -73.00232,-14.70974 -73.002352,-14.709641 -73.00234,-14.709592 -73.002352,-14.709578 -73.002369,-14.709501 -73.002385,-14.709478 -73.002431,-14.709357 -73.002455,-14.709323 -73.002456,-14.709291 -73.002474,-14.70929 -73.002483,-14.709272 -73.002511,-14.709254 -73.002515,-14.709155 -73.002533,-14.709156 -73.002577,-14.709084 -73.002595,-14.709032 -73.002639,-14.708978 -73.002653,-14.70892 -73.002667,-14.708902 -73.002667,-14.708849 -73.00266,-14.708828 -73.00268,-14.708766 -73.002672,-14.708736 -73.002681,-14.70862 -73.002676,-14.708584 -73.002711,-14.708503 -73.002726,-14.708494 -73.002746,-14.708466 -73.002754,-14.708379 -73.002793,-14.708327 -73.002801,-14.708265 -73.00282,-14.708209 -73.002838,-14.70821 -73.002881,-14.708159 -73.002862,-14.708068 -73.002872,-14.708055 -73.002876,-14.70803 -73.002866,-14.707913 -73.002878,-14.707844 -73.002894,-14.707836 -73.002918,-14.707758 -73.002941,-14.707723 -73.002968,-14.707647 -73.002982,-14.707645 -73.002995,-14.707595 -73.003012,-14.707579 -73.003018,-14.707513 -73.003014,-14.70743 -73.003029,-14.707428 -73.003034,-14.707419 -73.003025,-14.707364 -73.003039,-14.707292 -73.003042,-14.707183 -73.003077,-14.707085 -73.003085,-14.707071 -73.003098,-14.70708 -73.003097,-14.707034 -73.003106,-14.707002 -73.003171,-14.706841 -73.003166,-14.70664 -73.003175,-14.706637 -73.003172,-14.706602 -73.003161,-14.706546 -73.003147,-14.706522 -73.003148,-14.706468 -73.003119,-14.706387 -73.003106,-14.706378 -73.00311,-14.706369 -73.003095,-14.706326 -73.003088,-14.70624 -73.00309,-14.706216 -73.003106,-14.706178 -73.003101,-14.706118 -73.00311,-14.70609 -73.003108,-14.706071 -73.003117,-14.706063 -73.003118,-14.706028 -73.003147,-14.706017 -73.003136,-14.705981 -73.003123,-14.705981 -73.003117,-14.705945 -73.003096,-14.705913 -73.003096,-14.705799 -73.003089,-14.705774 -73.003096,-14.7057 -73.003121,-14.705672 -73.00312,-14.705643 -73.003147,-14.705567 -73.003151,-14.705487 -73.003162,-14.705475 -73.003165,-14.705437 -73.003206,-14.705383 -73.003257,-14.705265 -73.003275,-14.705243 -73.00331,-14.705158 -73.003302,-14.705131 -73.003318,-14.705111 -73.003355,-14.705095 -73.003351,-14.705074 -73.003358,-14.705057 -73.003395,-14.704999 -73.003406,-14.704962 -73.003416,-14.704951 -73.003411,-14.704938 -73.003427,-14.704911 -73.003424,-14.704837 -73.003437,-14.704757 -73.003454,-14.70474 -73.003462,-14.70467 -73.003499,-14.704621 -73.003504,-14.704586 -73.003488,-14.70456 -73.003492,-14.70455 -73.00348,-14.704522 -73.003488,-14.704504 -73.00349,-14.704464 -73.003501,-14.704445 -73.003505,-14.70439 -73.003496,-14.704341 -73.003526,-14.704277 -73.003533,-14.704152 -73.003576,-14.704047 -73.00359,-14.704044 -73.003608,-14.70402 -73.003626,-14.703949 -73.003614,-14.70394 -73.003651,-14.7039 -73.003664,-14.703854 -73.003696,-14.703809 -73.003711,-14.703799 -73.003754,-14.703733 -73.003745,-14.703719 -73.003752,-14.703701 -73.003738,-14.703642 -73.003754,-14.703612 -73.003755,-14.703538 -73.00377,-14.703527 -73.00379,-14.70348 -73.003783,-14.703458 -73.003803,-14.703433 -73.003821,-14.703384 -73.003814,-14.703362 -73.003827,-14.703316 -73.003875,-14.703255 -73.003868,-14.703235 -73.003876,-14.703206 -73.003868,-14.703192 -73.003858,-14.703125 -73.003869,-14.703044 -73.003851,-14.702884 -73.003858,-14.702876 -73.003855,-14.702852 -73.003876,-14.702806 -73.003883,-14.702767 -73.003907,-14.702756 -73.003919,-14.702732 -73.003923,-14.702666 -73.003931,-14.702643 -73.003914,-14.70255 -73.003921,-14.702532 -73.003941,-14.702525 -73.003956,-14.702509 -73.003974,-14.702426 -73.00405,-14.702252 -73.004065,-14.702181 -73.004085,-14.702176 -73.004105,-14.70215 -73.004132,-14.702135 -73.00417,-14.702058 -73.004172,-14.702013 -73.004156,-14.701979 -73.004175,-14.701934 -73.004179,-14.701901 -73.004172,-14.701868 -73.004203,-14.701827 -73.004195,-14.701805 -73.004194,-14.70176 -73.004247,-14.701645 -73.004269,-14.701631 -73.004285,-14.701599 -73.004331,-14.70155 -73.004348,-14.701527 -73.004355,-14.70149 -73.004386,-14.701462 -73.004401,-14.701381 -73.004411,-14.701363 -73.004432,-14.70135 -73.00446,-14.701297 -73.004478,-14.70128 -73.004491,-14.701243 -73.004529,-14.701224 -73.004545,-14.701185 -73.004567,-14.701186 -73.004599,-14.701159 -73.004636,-14.7011 -73.004675,-14.701076 -73.004757,-14.700988 -73.004811,-14.700953 -73.004909,-14.700908 -73.00495,-14.700873 -73.004993,-14.700849 -73.005007,-14.700826 -73.005045,-14.700797 -73.005115,-14.700621 -73.005154,-14.700584 -73.005181,-14.70053 -73.005207,-14.700505 -73.005231,-14.700448 -73.005266,-14.700426 -73.005293,-14.700369 -73.005367,-14.70028 -73.005383,-14.700201 -73.005393,-14.700187 -73.005418,-14.700185 -73.005431,-14.700176 -73.005474,-14.700122 -73.005491,-14.70008 -73.005532,-14.700042 -73.005551,-14.700003 -73.005608,-14.699969 -73.005622,-14.699927 -73.00566,-14.699873 -73.005665,-14.699859 -73.005654,-14.699858 -73.005682,-14.699812 -73.005732,-14.699754 -73.005746,-14.699749 -73.005779,-14.699682 -73.005818,-14.699637 -73.005898,-14.699517 -73.00593,-14.699493 -73.005948,-14.699461 -73.005966,-14.699447 -73.005973,-14.699424 -73.006004,-14.699393 -73.006048,-14.699327 -73.006061,-14.69929 -73.006121,-14.699232 -73.006157,-14.699181 -73.006225,-14.699132 -73.006284,-14.699076 -73.006333,-14.698997 -73.00638,-14.698938 -73.006381,-14.698924 -73.006404,-14.698883 -73.006423,-14.698867 -73.006471,-14.698787 -73.006511,-14.698737 -73.00656,-14.698695 -73.006569,-14.69868 -73.006573,-14.698636 -73.00662,-14.698563 -73.006628,-14.698532 -73.006678,-14.698467 -73.006738,-14.698412 -73.006739,-14.698398 -73.006771,-14.698346 -73.006826,-14.698291 -73.006843,-14.698264 -73.006843,-14.698249 -73.006916,-14.698163 -73.006919,-14.698143 -73.006962,-14.698096 -73.006972,-14.698072 -73.006993,-14.698048 -73.007034,-14.698021 -73.007063,-14.697988 -73.007111,-14.697908 -73.007205,-14.697804 -73.007215,-14.697787 -73.00721,-14.697782 -73.007283,-14.69769 -73.007297,-14.697657 -73.007323,-14.697634 -73.007339,-14.697602 -73.007432,-14.697503 -73.007542,-14.697342 -73.007561,-14.69732 -73.007614,-14.697282 -73.007638,-14.697252 -73.007664,-14.697192 -73.007662,-14.697134 -73.007753,-14.696943 -73.007764,-14.696894 -73.007841,-14.696718 -73.007851,-14.69667 -73.007908,-14.696588 -73.00792,-14.696534 -73.007936,-14.696501 -73.007934,-14.696488 -73.007969,-14.696412 -73.00796,-14.696397 -73.007959,-14.69637 -73.007966,-14.696325 -73.007949,-14.696285 -73.008001,-14.69618 -73.007898,-14.696108 -73.007725,-14.696033 -73.007632,-14.695921 -73.007665,-14.695946 -73.007638,-14.695916 -73.007696,-14.695964 -73.007879,-14.696013 -73.007949,-14.696017 -73.007967,-14.696004 -73.008001,-14.695904 -73.008021,-14.695895 -73.008039,-14.695808 -73.008068,-14.695738 -73.008114,-14.695658 -73.008109,-14.695645 -73.008132,-14.695585 -73.008187,-14.695492 -73.008194,-14.695454 -73.008238,-14.695394 -73.008275,-14.69531 -73.008311,-14.695278 -73.008315,-14.695226 -73.008354,-14.695181 -73.008358,-14.69515 -73.008436,-14.695066 -73.00846,-14.695027 -73.008488,-14.694947 -73.008507,-14.694924 -73.008546,-14.694901 -73.008571,-14.694851 -73.008598,-14.694823 -73.008645,-14.694747 -73.008646,-14.694731 -73.008637,-14.694718 -73.008643,-14.6947 -73.008662,-14.694682 -73.008693,-14.694595 -73.00875,-14.694507 -73.008763,-14.694473 -73.008772,-14.694415 -73.00877,-14.694379 -73.008788,-14.694327 -73.008786,-14.694291 -73.008803,-14.694254 -73.008798,-14.694235 -73.008813,-14.694015 -73.008832,-14.693973 -73.008837,-14.693912 -73.008865,-14.693857 -73.00887,-14.693842 -73.008864,-14.693836 -73.008882,-14.69381 -73.008885,-14.693773 -73.008846,-14.693729 -73.008828,-14.693718 -73.008816,-14.693697 -73.008796,-14.693574 -73.008797,-14.693507 -73.008807,-14.693451 -73.008832,-14.693383 -73.008856,-14.693345 -73.00887,-14.693267 -73.008882,-14.693243 -73.008879,-14.693229 -73.008888,-14.693213 -73.008881,-14.693176 -73.008897,-14.693139 -73.008891,-14.693105 -73.008894,-14.69305 -73.008922,-14.692989 -73.008919,-14.69297 -73.00893,-14.692946 -73.008932,-14.692901 -73.008924,-14.69289 -73.008953,-14.69282 -73.008955,-14.692754 -73.008978,-14.692686 -73.00898,-14.692648 -73.009001,-14.692612 -73.009008,-14.692562 -73.009046,-14.692466 -73.009074,-14.692422 -73.009092,-14.69241 -73.009153,-14.69228 -73.009179,-14.692214 -73.009179,-14.692189 -73.009193,-14.692147 -73.009233,-14.692047 -73.009255,-14.69201 -73.009272,-14.691951 -73.009299,-14.691917 -73.009348,-14.691786 -73.009367,-14.691767 -73.009384,-14.691727 -73.009412,-14.691698 -73.009423,-14.691675 -73.009439,-14.691577 -73.009433,-14.691532 -73.00942,-14.691521 -73.009422,-14.691507 -73.00941,-14.691485 -73.009425,-14.691416 -73.009418,-14.691398 -73.009423,-14.691324 -73.009452,-14.691228 -73.009468,-14.691206 -73.009489,-14.691136 -73.009511,-14.691099 -73.009527,-14.691042 -73.009561,-14.690971 -73.009612,-14.690825 -73.009648,-14.690756 -73.009658,-14.690711 -73.009652,-14.690694 -73.009684,-14.690611 -73.009694,-14.690452 -73.00971,-14.690401 -73.009694,-14.690362 -73.009709,-14.690319 -73.009708,-14.690283 -73.009725,-14.690238 -73.009756,-14.690197 -73.009764,-14.690173 -73.009772,-14.690118 -73.009768,-14.690033 -73.009794,-14.689958 -73.009828,-14.689799 -73.00984,-14.689773 -73.009854,-14.689757 -73.009856,-14.689762 -73.009863,-14.689736 -73.009882,-14.689723 -73.009911,-14.689672 -73.009958,-14.68955 -73.009993,-14.689522 -73.010074,-14.6894 -73.010146,-14.689309 -73.010156,-14.689268 -73.010153,-14.689215 -73.010179,-14.689116 -73.0102,-14.689079 -73.01022,-14.689016 -73.010209,-14.68897 -73.010223,-14.688889 -73.010215,-14.688822 -73.010241,-14.688761 -73.010241,-14.688734 -73.010289,-14.688647 -73.010305,-14.688585 -73.01033,-14.688553 -73.010384,-14.688306 -73.01039,-14.688228 -73.010423,-14.688144 -73.010415,-14.688099 -73.010432,-14.687982 -73.010444,-14.687945 -73.010446,-14.68791 -73.010433,-14.687896 -73.010437,-14.687856 -73.010451,-14.687832 -73.010455,-14.687774 -73.010474,-14.687743 -73.010481,-14.687704 -73.010545,-14.687591 -73.010605,-14.687514 -73.010654,-14.687478 -73.010688,-14.687361 -73.010692,-14.687341 -73.01068,-14.687273 -73.010685,-14.687224 -73.010699,-14.687179 -73.010694,-14.687133 -73.010711,-14.68709 -73.010715,-14.687045 -73.010728,-14.687026 -73.010721,-14.686998 -73.010723,-14.686959 -73.010738,-14.686915 -73.010741,-14.686872 -73.010754,-14.686854 -73.010756,-14.68678 -73.010768,-14.686732 -73.01078,-14.686712 -73.010786,-14.686529 -73.010807,-14.68639 -73.010832,-14.686278 -73.010848,-14.686237 -73.010851,-14.686174 -73.010877,-14.686049 -73.010871,-14.685998 -73.01089,-14.685856 -73.010937,-14.68572 -73.010969,-14.685557 -73.010985,-14.685525 -73.010979,-14.685515 -73.010988,-14.685487 -73.010951,-14.685445 -73.010942,-14.685414 -73.01094,-14.685331 -73.010928,-14.685291 -73.010975,-14.685154 -73.01098,-14.685109 -73.010975,-14.685069 -73.010997,-14.685003 -73.011003,-14.68495 -73.011045,-14.684783 -73.011049,-14.684697 -73.011072,-14.684616 -73.011071,-14.684584 -73.011155,-14.68432 -73.011224,-14.68417 -73.011223,-14.684158 -73.01121,-14.684153 -73.011217,-14.684118 -73.01121,-14.684101 -73.011216,-14.684084 -73.011211,-14.684049 -73.011216,-14.683954 -73.011226,-14.683935 -73.011226,-14.683898 -73.011238,-14.683878 -73.011242,-14.683846 -73.011258,-14.683807 -73.011274,-14.683682 -73.011269,-14.683576 -73.011282,-14.683538 -73.011283,-14.683496 -73.011277,-14.683453 -73.011281,-14.683324 -73.011236,-14.683185 -73.011244,-14.683168 -73.011245,-14.68311 -73.011253,-14.683092 -73.011231,-14.682894 -73.01124,-14.682875 -73.01121,-14.682796 -73.011174,-14.682746 -73.011122,-14.68265 -73.011119,-14.682599 -73.011086,-14.682563 -73.011077,-14.682512 -73.01105,-14.682473 -73.011006,-14.682373 -73.010998,-14.682332 -73.010976,-14.682299 -73.01096,-14.68221 -73.010958,-14.682157 -73.010974,-14.682069 -73.010923,-14.68187 -73.010878,-14.681777 -73.010875,-14.681743 -73.010864,-14.681717 -73.010864,-14.681682 -73.010853,-14.681667 -73.010854,-14.681625 -73.010843,-14.681564 -73.010836,-14.681534 -73.010824,-14.681523 -73.010826,-14.681498 -73.010808,-14.681453 -73.010808,-14.681433 -73.01075,-14.681353 -73.010735,-14.681315 -73.010739,-14.681288 -73.010734,-14.681273 -73.010671,-14.681179 -73.010661,-14.681128 -73.010666,-14.6811 -73.010656,-14.681062 -73.010608,-14.681015 -73.010558,-14.681004 -73.010553,-14.681014 -73.010547,-14.681009 -73.010538,-14.680959 -73.010492,-14.680898 -73.010495,-14.68081 -73.010524,-14.680675 -73.010528,-14.680619 -73.010578,-14.6805 -73.010598,-14.680476 -73.010609,-14.680423 -73.010651,-14.680346 -73.010685,-14.68031 -73.010701,-14.680271 -73.010728,-14.680108 -73.010727,-14.680023 -73.010738,-14.679978 -73.010739,-14.679921 -73.010754,-14.679877 -73.010759,-14.679794 -73.01083,-14.679635 -73.010892,-14.679554 -73.010904,-14.679548 -73.010954,-14.679414 -73.010993,-14.679371 -73.011003,-14.67934 -73.01104,-14.67931 -73.011082,-14.679236 -73.01109,-14.679206 -73.011137,-14.679152 -73.011178,-14.679008 -73.011193,-14.678878 -73.011211,-14.678833 -73.011219,-14.678784 -73.011238,-14.678747 -73.011258,-14.678652 -73.011284,-14.678584 -73.011367,-14.678398 -73.011405,-14.678344 -73.011448,-14.678236 -73.011512,-14.678128 -73.011536,-14.678039 -73.011593,-14.677929 -73.011604,-14.677872 -73.011647,-14.67778 -73.011673,-14.677747 -73.011683,-14.677712 -73.011677,-14.677701 -73.011697,-14.677657 -73.011733,-14.677605 -73.011778,-14.677427 -73.011781,-14.677385 -73.011768,-14.677321 -73.011786,-14.677269 -73.011806,-14.677237 -73.011831,-14.677106 -73.011836,-14.677029 -73.011872,-14.676905 -73.011866,-14.676885 -73.011881,-14.676699 -73.011863,-14.676611 -73.011889,-14.676468 -73.011953,-14.676321 -73.01201,-14.676234 -73.012022,-14.676148 -73.012076,-14.676032 -73.012168,-14.675945 -73.012223,-14.675846 -73.012315,-14.67572 -73.012326,-14.67569 -73.012366,-14.675651 -73.012394,-14.675587 -73.012493,-14.675447 -73.012503,-14.675417 -73.012529,-14.675396 -73.012545,-14.675357 -73.012593,-14.675305 -73.012603,-14.675275 -73.012642,-14.675226 -73.012687,-14.675194 -73.01273,-14.675148 -73.012738,-14.675117 -73.012756,-14.6751 -73.012763,-14.67508 -73.012773,-14.674966 -73.012782,-14.674948 -73.012782,-14.674912 -73.012788,-14.67491 -73.012776,-14.674869 -73.012763,-14.674864 -73.012752,-14.674828 -73.012731,-14.674808 -73.012707,-14.674765 -73.012695,-14.674722 -73.012631,-14.674632 -73.012611,-14.674575 -73.012568,-14.674512 -73.012557,-14.674443 -73.012544,-14.674422 -73.012536,-14.67438 -73.012501,-14.674309 -73.012489,-14.674264 -73.012478,-14.674252 -73.012481,-14.674233 -73.012471,-14.6742 -73.012447,-14.674165 -73.012437,-14.674091 -73.012445,-14.674052 -73.01244,-14.674009 -73.0124,-14.673895 -73.012407,-14.673861 -73.012372,-14.673753 -73.012368,-14.673649 -73.012321,-14.673547 -73.012301,-14.673527 -73.012283,-14.673478 -73.012263,-14.673384 -73.012237,-14.673303 -73.012224,-14.673285 -73.012209,-14.673213 -73.012213,-14.673176 -73.012195,-14.673107 -73.012185,-14.673028 -73.012189,-14.672954 -73.012182,-14.672905 -73.012165,-14.672876 -73.012173,-14.672726 -73.012146,-14.672655 -73.012141,-14.672588 -73.01213,-14.672575 -73.012116,-14.672531 -73.012108,-14.672478 -73.012108,-14.672404 -73.012061,-14.672307 -73.012038,-14.672235 -73.01198,-14.672131 -73.011945,-14.67202 -73.01195,-14.671962 -73.011938,-14.671901 -73.011946,-14.671861 -73.011959,-14.671843 -73.011979,-14.67171 -73.012052,-14.671595 -73.012091,-14.67152 -73.012096,-14.671484 -73.012116,-14.671432 -73.012177,-14.67133 -73.012185,-14.671273 -73.012213,-14.671175 -73.01222,-14.671099 -73.012216,-14.671075 -73.012194,-14.671033 -73.012178,-14.671022 -73.012174,-14.670997 -73.01215,-14.670956 -73.01212,-14.670867 -73.0121,-14.670836 -73.012096,-14.670774 -73.012081,-14.670758 -73.012057,-14.670682 -73.012052,-14.670603 -73.01201,-14.670489 -73.012019,-14.670466 -73.011954,-14.67038 -73.011937,-14.6703 -73.011928,-14.670275 -73.011912,-14.670257 -73.011917,-14.670248 -73.011896,-14.670196 -73.011894,-14.670156 -73.01186,-14.670102 -73.011847,-14.670061 -73.011796,-14.670001 -73.011792,-14.669967 -73.011759,-14.669928 -73.011739,-14.669845 -73.011709,-14.669828 -73.011712,-14.6698 -73.011682,-14.669755 -73.011676,-14.669729 -73.01169,-14.669643 -73.011689,-14.669549 -73.011699,-14.669515 -73.011704,-14.669436 -73.011721,-14.669377 -73.011719,-14.669329 -73.011715,-14.669315 -73.011658,-14.669247 -73.011646,-14.669201 -73.011635,-14.669187 -73.011623,-14.669129 -73.011587,-14.669071 -73.01156,-14.669 -73.011526,-14.668874 -73.011481,-14.668772 -73.011469,-14.668647 -73.011456,-14.668597 -73.01147,-14.668533 -73.011463,-14.668494 -73.011465,-14.66844 -73.011493,-14.668353 -73.011517,-14.668336 -73.011573,-14.66833 -73.011644,-14.668308 -73.011682,-14.668283 -73.01171,-14.668252 -73.011751,-14.668192 -73.01177,-14.668123 -73.011796,-14.668084 -73.011815,-14.668027 -73.011847,-14.667976 -73.011864,-14.66793 -73.011872,-14.667873 -73.011894,-14.667835 -73.011902,-14.667751 -73.011893,-14.667712 -73.011872,-14.667672 -73.011878,-14.667638 -73.011866,-14.667528 -73.01188,-14.667413 -73.011863,-14.667341 -73.011886,-14.667216 -73.011944,-14.667109 -73.011948,-14.667089 -73.011937,-14.666963 -73.011962,-14.66681 -73.011981,-14.666745 -73.011962,-14.666683 -73.011968,-14.66663 -73.012028,-14.666476 -73.01207,-14.666317 -73.012084,-14.666316 -73.012096,-14.666277 -73.012093,-14.666262 -73.012108,-14.66624 -73.012114,-14.666205 -73.012127,-14.666183 -73.012127,-14.666065 -73.012137,-14.666063 -73.012156,-14.666008 -73.012173,-14.665998 -73.012201,-14.665997 -73.012211,-14.66598 -73.012238,-14.665839 -73.012265,-14.665803 -73.012277,-14.665764 -73.012275,-14.665698 -73.012298,-14.66565 -73.012291,-14.665621 -73.012304,-14.665581 -73.012328,-14.665548 -73.012344,-14.665508 -73.012349,-14.665456 -73.012351,-14.665399 -73.012331,-14.665358 -73.012322,-14.66529 -73.012223,-14.665033 -73.012181,-14.664975 -73.012139,-14.664892 -73.012072,-14.664807 -73.012059,-14.664778 -73.012014,-14.664731 -73.011995,-14.664687 -73.01196,-14.664657 -73.01196,-14.664639 -73.011932,-14.664586 -73.011871,-14.664511 -73.011849,-14.664467 -73.011752,-14.664402 -73.011693,-14.66435 -73.01164,-14.664324 -73.011625,-14.664304 -73.011591,-14.664285 -73.011481,-14.66416 -73.011444,-14.664136 -73.011404,-14.664057 -73.011377,-14.664032 -73.011367,-14.664012 -73.011288,-14.663937 -73.011249,-14.663915 -73.011231,-14.663896 -73.01122,-14.66387 -73.011175,-14.663824 -73.011169,-14.663803 -73.0111,-14.663713 -73.011094,-14.663679 -73.011074,-14.663653 -73.011052,-14.663588 -73.010959,-14.663484 -73.010933,-14.663443 -73.01086,-14.663397 -73.010776,-14.66333 -73.010759,-14.663325 -73.010733,-14.663298 -73.010642,-14.663251 -73.010575,-14.663205 -73.010542,-14.663169 -73.010499,-14.663137 -73.010459,-14.663084 -73.010441,-14.663041 -73.01043,-14.66298 -73.010452,-14.662857 -73.010449,-14.662765 -73.010422,-14.6627 -73.010389,-14.662667 -73.010379,-14.662623 -73.010318,-14.662501 -73.010281,-14.662475 -73.010156,-14.662313 -73.010098,-14.662266 -73.010086,-14.662229 -73.00994,-14.662047 -73.009937,-14.662017 -73.009909,-14.661982 -73.009834,-14.661826 -73.009804,-14.661796 -73.009774,-14.661731 -73.009762,-14.661636 -73.009744,-14.661597 -73.009732,-14.661517 -73.009741,-14.661506 -73.009728,-14.661441 -73.00973,-14.661412 -73.009711,-14.661368 -73.009722,-14.661255 -73.009713,-14.661174 -73.009693,-14.66114 -73.009687,-14.661112 -73.009664,-14.66108 -73.009672,-14.661044 -73.009667,-14.661006 -73.009649,-14.660978 -73.009641,-14.660924 -73.009614,-14.66088 -73.009609,-14.660817 -73.00958,-14.660765 -73.009569,-14.660711 -73.009548,-14.660664 -73.009508,-14.660627 -73.009501,-14.660574 -73.009467,-14.66051 -73.009438,-14.660426 -73.00943,-14.660391 -73.009435,-14.660313 -73.009419,-14.660268 -73.009419,-14.660229 -73.009392,-14.660188 -73.009398,-14.660031 -73.00939,-14.659994 -73.009371,-14.659964 -73.009366,-14.659925 -73.009356,-14.659912 -73.009302,-14.659865 -73.009297,-14.659853 -73.009227,-14.659817 -73.009176,-14.65976 -73.009158,-14.659757 -73.009104,-14.659771 -73.009046,-14.659753 -73.009036,-14.659759 -73.009012,-14.659752 -73.008948,-14.659764 -73.008925,-14.659761 -73.008893,-14.659743 -73.008829,-14.659729 -73.008749,-14.659727 -73.008705,-14.659718 -73.008653,-14.659697 -73.008582,-14.659706 -73.008518,-14.6597 -73.008379,-14.659751 -73.008347,-14.659773 -73.008283,-14.659793 -73.008219,-14.659791 -73.008198,-14.659783 -73.00815,-14.659747 -73.008095,-14.659739 -73.008001,-14.659707 -73.00786,-14.659623 -73.007797,-14.659615 -73.007694,-14.659555 -73.007534,-14.659414 -73.007485,-14.659401 -73.007432,-14.659343 -73.007341,-14.659281 -73.007265,-14.659166 -73.007186,-14.659076 -73.00716,-14.659014 -73.007105,-14.65893 -73.007104,-14.658912 -73.007068,-14.658878 -73.007067,-14.658859 -73.007029,-14.658815 -73.007007,-14.658801 -73.006984,-14.658767 -73.006985,-14.658753 -73.007015,-14.658703 -73.007017,-14.658638 -73.007042,-14.658575 -73.007046,-14.658471 -73.007059,-14.658421 -73.007051,-14.658407 -73.007059,-14.658367 -73.00705,-14.658209 -73.007015,-14.658111 -73.007,-14.658088 -73.007002,-14.658065 -73.006969,-14.657997 -73.006948,-14.657914 -73.006892,-14.657784 -73.006856,-14.65773 -73.006844,-14.657658 -73.006821,-14.657602 -73.006798,-14.657578 -73.006756,-14.657463 -73.006753,-14.657372 -73.006709,-14.657277 -73.006689,-14.657175 -73.006662,-14.657113 -73.006659,-14.657095 -73.006672,-14.657057 -73.006667,-14.656975 -73.00662,-14.656859 -73.006605,-14.656777 -73.006586,-14.65672 -73.006596,-14.656704 -73.006608,-14.656625 -73.006623,-14.65658 -73.006621,-14.656536 -73.006636,-14.656446 -73.00663,-14.656398 -73.006644,-14.656307 -73.006695,-14.656196 -73.006706,-14.656156 -73.006703,-14.656129 -73.006712,-14.656066 -73.006741,-14.656027 -73.006786,-14.655835 -73.0068,-14.65579 -73.006839,-14.655712 -73.006845,-14.655671 -73.006865,-14.655621 -73.006862,-14.655569 -73.006882,-14.655526 -73.006882,-14.655501 -73.006902,-14.655441 -73.006979,-14.655284 -73.007008,-14.655131 -73.007087,-14.654999 -73.007126,-14.654871 -73.00718,-14.654733 -73.00721,-14.65468 -73.007205,-14.654638 -73.007239,-14.654482 -73.007276,-14.654397 -73.007285,-14.654343 -73.007324,-14.654249 -73.007343,-14.654112 -73.007326,-14.654074 -73.007322,-14.654034 -73.007301,-14.653988 -73.007304,-14.653966 -73.007201,-14.653804 -73.007198,-14.653782 -73.007174,-14.65373 -73.007134,-14.65367 -73.007094,-14.653554 -73.007082,-14.65347 -73.007047,-14.653378 -73.007032,-14.653316 -73.007023,-14.653241 -73.006996,-14.653176 -73.00697,-14.652958 -73.006983,-14.652917 -73.006958,-14.652865 -73.006949,-14.652814 -73.006953,-14.652795 -73.006943,-14.652749 -73.006955,-14.652704 -73.006943,-14.652635 -73.006947,-14.652587 -73.006937,-14.652547 -73.006933,-14.652473 -73.006937,-14.652431 -73.006955,-14.652371 -73.006945,-14.652261 -73.006923,-14.652154 -73.006924,-14.652104 -73.006928,-14.652087 -73.00694,-14.652077 -73.006941,-14.652031 -73.006935,-14.652009 -73.006921,-14.651995 -73.006913,-14.651916 -73.006926,-14.651794 -73.006917,-14.651718 -73.006923,-14.651707 -73.006917,-14.651691 -73.00692,-14.651668 -73.006915,-14.651645 -73.006889,-14.651627 -73.006851,-14.65155 -73.006845,-14.65149 -73.00685,-14.651391 -73.006864,-14.651373 -73.006885,-14.651234 -73.006881,-14.651213 -73.006903,-14.651143 -73.006906,-14.651042 -73.006917,-14.65102 -73.006924,-14.650975 -73.006932,-14.650968 -73.006913,-14.650856 -73.006924,-14.650758 -73.006912,-14.650619 -73.006916,-14.650595 -73.006909,-14.650571 -73.006912,-14.650433 -73.006907,-14.650415 -73.006919,-14.650378 -73.006918,-14.650322 -73.006912,-14.650313 -73.006922,-14.650272 -73.006918,-14.650249 -73.006943,-14.650186 -73.007034,-14.649845 -73.007064,-14.649787 -73.00708,-14.649734 -73.007099,-14.649645 -73.00715,-14.649546 -73.007237,-14.649431 -73.007272,-14.649395 -73.007426,-14.649169 -73.007494,-14.649023 -73.007555,-14.648794 -73.007618,-14.648677 -73.00762,-14.648657 -73.007669,-14.64857 -73.007765,-14.648433 -73.007856,-14.648262 -73.007929,-14.648168 -73.007965,-14.64808 -73.007967,-14.648026 -73.008002,-14.647871 -73.008015,-14.647831 -73.008055,-14.647759 -73.008074,-14.647628 -73.008071,-14.647571 -73.008091,-14.64749 -73.008091,-14.647435 -73.008083,-14.647419 -73.00809,-14.647345 -73.008148,-14.647196 -73.008173,-14.647025 -73.008245,-14.646834 -73.008289,-14.64677 -73.008313,-14.646749 -73.008324,-14.646704 -73.008367,-14.646625 -73.008407,-14.646527 -73.00842,-14.646461 -73.00847,-14.646335 -73.008474,-14.646276 -73.008496,-14.64624 -73.008528,-14.646138 -73.008531,-14.646103 -73.008548,-14.646054 -73.008576,-14.645918 -73.008594,-14.645874 -73.008604,-14.64581 -73.008652,-14.645712 -73.008668,-14.645615 -73.008735,-14.645481 -73.008752,-14.645428 -73.008753,-14.645377 -73.008774,-14.645338 -73.008783,-14.645159 -73.008764,-14.64508 -73.008777,-14.644909 -73.008766,-14.644788 -73.008769,-14.644724 -73.008746,-14.644641 -73.008745,-14.644611 -73.008774,-14.644509 -73.008768,-14.644415 -73.008794,-14.644373 -73.008798,-14.64435 -73.008792,-14.644237 -73.008761,-14.64419 -73.008762,-14.644176 -73.008776,-14.644159 -73.008781,-14.644168 -73.008778,-14.644155 -73.008733,-14.644057 -73.008685,-14.644007 -73.008667,-14.643972 -73.008642,-14.6439 -73.008651,-14.643879 -73.008644,-14.643855 -73.008614,-14.643812 -73.008604,-14.64377 -73.008602,-14.643675 -73.008609,-14.643657 -73.008591,-14.643622 -73.008586,-14.643554 -73.008562,-14.643491 -73.008573,-14.643381 -73.008591,-14.643331 -73.008581,-14.643273 -73.008595,-14.643182 -73.008594,-14.643139 -73.008569,-14.643068 -73.008533,-14.643005 -73.008514,-14.642929 -73.008484,-14.642873 -73.008463,-14.642804 -73.008465,-14.642756 -73.008445,-14.642684 -73.00845,-14.642654 -73.0084,-14.64256 -73.008395,-14.642524 -73.008379,-14.642491 -73.008372,-14.642402 -73.008385,-14.642362 -73.008378,-14.642343 -73.008327,-14.642258 -73.00829,-14.642167 -73.008259,-14.642129 -73.008216,-14.642027 -73.008181,-14.641967 -73.008151,-14.641936 -73.008071,-14.641893 -73.008033,-14.641849 -73.008021,-14.641814 -73.007965,-14.641744 -73.00793,-14.641671 -73.007934,-14.641664 -73.007891,-14.641633 -73.007847,-14.641587 -73.007812,-14.641508 -73.007804,-14.64151 -73.007782,-14.641466 -73.007771,-14.641437 -73.007778,-14.641413 -73.007768,-14.64139 -73.007707,-14.641295 -73.00771,-14.641277 -73.007682,-14.64121 -73.007662,-14.641186 -73.007657,-14.641161 -73.007618,-14.641094 -73.007611,-14.641045 -73.007583,-14.640963 -73.007604,-14.640934 -73.00761,-14.6409 -73.007624,-14.640874 -73.007658,-14.640858 -73.007681,-14.640833 -73.007696,-14.640829 -73.007773,-14.64084 -73.007823,-14.64083 -73.007862,-14.640834 -73.007933,-14.640787 -73.007972,-14.640775 -73.008015,-14.640749 -73.008026,-14.640683 -73.007984,-14.640593 -73.007924,-14.640519 -73.007878,-14.640429 -73.007799,-14.640345 -73.007788,-14.640318 -73.007759,-14.640285 -73.007739,-14.640233 -73.007647,-14.640143 -73.007593,-14.640072 -73.00756,-14.639988 -73.007541,-14.639982 -73.007531,-14.63997 -73.007534,-14.639963 -73.007553,-14.63996 -73.007554,-14.639948 -73.007533,-14.639928 -73.007496,-14.63985 -73.00746,-14.639806 -73.007448,-14.63976 -73.007436,-14.639745 -73.007378,-14.639693 -73.007348,-14.639648 -73.007301,-14.639605 -73.007305,-14.639601 -73.007298,-14.639591 -73.007224,-14.639545 -73.007046,-14.639406 -73.007007,-14.639371 -73.006983,-14.639325 -73.006933,-14.639287 -73.006928,-14.639267 -73.006899,-14.639225 -73.0069,-14.639213 -73.006881,-14.63917 -73.006876,-14.639145 -73.006885,-14.639106 -73.006873,-14.639063 -73.006835,-14.639044 -73.006718,-14.638955 -73.006682,-14.638907 -73.006663,-14.638896 -73.006633,-14.638861 -73.006596,-14.638843 -73.006585,-14.63883 -73.006475,-14.638797 -73.006382,-14.638754 -73.006352,-14.638757 -73.006307,-14.638736 -73.006212,-14.638654 -73.006202,-14.638634 -73.006152,-14.638584 -73.006124,-14.638568 -73.006068,-14.63848 -73.00596,-14.638362 -73.005933,-14.638306 -73.005896,-14.638261 -73.005895,-14.638243 -73.005859,-14.638213 -73.005784,-14.638102 -73.005778,-14.638048 -73.005746,-14.637945 -73.005672,-14.637896 -73.005617,-14.637839 -73.00553,-14.637783 -73.005515,-14.637766 -73.005492,-14.63776 -73.005471,-14.637744 -73.005424,-14.63768 -73.005383,-14.637592 -73.005302,-14.637538 -73.005284,-14.637517 -73.005268,-14.637478 -73.005245,-14.637463 -73.005172,-14.637327 -73.005156,-14.637241 -73.005145,-14.637236 -73.005082,-14.637115 -73.005052,-14.637073 -73.005039,-14.637033 -73.005018,-14.636998 -73.004996,-14.636974 -73.004917,-14.636844 -73.004912,-14.636814 -73.004903,-14.636812 -73.004818,-14.636697 -73.004731,-14.636483 -73.004697,-14.63644 -73.004685,-14.636388 -73.00463,-14.636309 -73.004613,-14.636238 -73.004588,-14.636179 -73.004563,-14.636131 -73.00455,-14.636132 -73.004517,-14.63609 -73.004506,-14.636033 -73.004479,-14.636002 -73.004456,-14.635902 -73.004402,-14.635799 -73.004403,-14.635757 -73.004384,-14.635683 -73.004387,-14.635664 -73.004367,-14.6356 -73.004365,-14.635567 -73.004353,-14.635552 -73.00434,-14.63549 -73.004318,-14.635436 -73.004306,-14.635346 -73.004252,-14.635244 -73.004246,-14.635213 -73.004246,-14.635193 -73.004246,-14.635169 -73.004245,-14.635149 -73.004233,-14.635118 -73.004231,-14.635093 -73.004231,-14.635072 -73.004232,-14.635069 -73.004233,-14.635052 -73.00423,-14.63504 -73.004237,-14.635056 -73.004228,-14.635058 -73.004207,-14.635083 -73.004196,-14.635108 -73.00418,-14.635111 -73.00417,-14.635103 -73.004168,-14.635085 -73.004181,-14.635068 -73.004209,-14.635067 -73.004225,-14.635075 -73.004238,-14.635085 -73.004252,-14.635091 -73.00425,-14.635092 -73.004257,-14.63509 -73.004277,-14.635106 -73.004269,-14.635166 -73.004257,-14.635179 -73.004247,-14.63518 -73.004246,-14.63518 -73.004196,-14.635141 -73.004186,-14.635142 -73.004174,-14.635124 -73.004128,-14.635109 -73.004106,-14.635121 -73.004112,-14.635124 -73.004116,-14.635124 -73.004119,-14.635125 -73.004123,-14.635125 -73.004119,-14.635123 -73.004118,-14.635124 -73.004114,-14.635123 -73.004084,-14.635117 -73.004058,-14.635101 -73.004001,-14.63483 -73.004024,-14.634732 -73.004045,-14.634693 -73.004049,-14.634666 -73.004076,-14.634624 -73.004078,-14.634563 -73.004113,-14.634505 -73.004115,-14.634471 -73.004201,-14.63441 -73.004232,-14.634362 -73.004261,-14.634342 -73.00433,-14.63427 -73.004375,-14.634238 -73.004423,-14.634175 -73.00446,-14.634093 -73.004526,-14.633991 -73.004563,-14.633911 -73.004599,-14.633864 -73.004623,-14.633811 -73.004662,-14.633766 -73.004709,-14.633567 -73.004729,-14.633551 -73.004764,-14.633545 -73.004766,-14.633534 -73.004827,-14.633473 -73.004876,-14.633336 -73.004886,-14.633291 -73.004885,-14.633244 -73.004909,-14.633213 -73.004928,-14.633097 -73.00499,-14.632988 -73.005039,-14.632841 -73.005071,-14.632796 -73.005071,-14.632772 -73.005093,-14.63271 -73.005097,-14.632666 -73.005074,-14.632629 -73.005079,-14.632617 -73.005096,-14.632599 -73.005104,-14.632558 -73.005121,-14.632528 -73.005199,-14.632459 -73.005239,-14.632389 -73.005335,-14.632297 -73.005354,-14.63226 -73.005363,-14.632172 -73.005357,-14.632146 -73.00537,-14.6321 -73.005409,-14.632065 -73.005441,-14.632016 -73.005477,-14.631928 -73.005471,-14.631896 -73.005487,-14.63184 -73.005496,-14.631712 -73.005504,-14.631691 -73.005538,-14.631635 -73.005565,-14.631613 -73.0057,-14.63143 -73.005728,-14.631405 -73.005731,-14.631384 -73.005779,-14.631308 -73.005846,-14.631152 -73.005864,-14.63099 -73.005841,-14.63083 -73.005849,-14.63076 -73.005863,-14.630714 -73.005846,-14.630695 -73.005837,-14.630663 -73.00578,-14.630571 -73.005766,-14.630487 -73.005775,-14.630483 -73.00578,-14.630458 -73.00578,-14.630395 -73.005761,-14.630341 -73.00576,-14.630252 -73.005751,-14.630194 -73.005701,-14.630043 -73.005662,-14.629985 -73.005647,-14.62988 -73.00563,-14.629846 -73.005639,-14.629811 -73.005628,-14.629793 -73.005629,-14.629763 -73.005649,-14.629533 -73.005639,-14.629487 -73.005645,-14.629303 -73.005643,-14.629292 -73.005632,-14.629291 -73.00562,-14.629208 -73.005638,-14.629124 -73.005629,-14.629095 -73.005636,-14.629085 -73.005628,-14.629049 -73.005632,-14.629024 -73.005615,-14.62898 -73.005603,-14.628898 -73.005594,-14.628887 -73.005591,-14.628827 -73.005562,-14.628706 -73.005568,-14.628632 -73.005586,-14.628541 -73.00557,-14.628499 -73.005547,-14.628484 -73.005505,-14.628387 -73.005464,-14.628333 -73.005457,-14.628278 -73.005428,-14.628186 -73.005446,-14.628072 -73.005437,-14.627891 -73.005441,-14.62781 -73.005427,-14.627739 -73.005402,-14.627696 -73.005409,-14.627648 -73.005398,-14.627617 -73.005389,-14.627528 -73.005374,-14.627495 -73.005361,-14.627487 -73.00535,-14.627423 -73.005355,-14.627407 -73.005341,-14.627353 -73.005305,-14.627261 -73.005277,-14.627225 -73.005257,-14.627159 -73.005232,-14.627119 -73.005247,-14.627103 -73.005225,-14.627055 -73.005217,-14.627005 -73.005196,-14.626976 -73.005183,-14.626934 -73.005176,-14.626858 -73.005163,-14.626811 -73.005138,-14.626745 -73.005129,-14.626754 -73.005126,-14.62675 -73.005122,-14.626705 -73.005102,-14.626649 -73.0051,-14.62656 -73.005086,-14.626507 -73.005072,-14.626491 -73.005058,-14.62644 -73.005026,-14.626374 -73.004991,-14.626336 -73.004978,-14.62631 -73.004972,-14.626257 -73.004949,-14.626216 -73.00494,-14.626174 -73.004927,-14.62615 -73.004907,-14.626047 -73.004909,-14.626026 -73.004866,-14.625929 -73.00486,-14.625867 -73.004813,-14.625668 -73.004802,-14.625667 -73.004777,-14.625624 -73.004753,-14.625521 -73.004702,-14.625461 -73.004659,-14.625385 -73.004656,-14.625313 -73.004637,-14.625269 -73.004637,-14.625238 -73.00458,-14.625027 -73.004604,-14.624917 -73.004606,-14.624757 -73.004634,-14.624681 -73.004641,-14.624576 -73.004635,-14.624546 -73.004665,-14.624477 -73.004677,-14.624388 -73.004677,-14.624283 -73.004688,-14.624235 -73.004716,-14.624166 -73.00476,-14.624084 -73.004764,-14.624033 -73.004787,-14.623964 -73.004813,-14.623815 -73.004856,-14.623722 -73.004859,-14.623541 -73.004872,-14.623463 -73.004884,-14.623426 -73.004906,-14.623395 -73.004969,-14.623235 -73.005012,-14.623194 -73.00513,-14.623163 -73.005167,-14.623107 -73.005167,-14.623095 -73.005148,-14.623085 -73.005148,-14.62307 -73.005137,-14.623053 -73.0052,-14.623012 -73.005224,-14.622981 -73.005227,-14.622967 -73.005247,-14.622948 -73.005263,-14.622761 -73.005244,-14.622697 -73.005258,-14.622656 -73.005253,-14.622636 -73.005262,-14.622507 -73.005262,-14.622332 -73.005278,-14.622289 -73.005349,-14.622195 -73.005369,-14.622152 -73.005385,-14.622046 -73.005399,-14.622018 -73.005399,-14.621984 -73.005408,-14.621954 -73.005404,-14.621915 -73.00543,-14.621787 -73.005436,-14.621782 -73.005382,-14.621647 -73.005379,-14.621622 -73.005389,-14.621576 -73.005365,-14.621508 -73.005381,-14.62142 -73.005367,-14.621316 -73.005368,-14.621224 -73.005347,-14.621139 -73.005354,-14.621109 -73.005342,-14.621087 -73.005319,-14.620802 -73.005309,-14.620759 -73.005308,-14.620713 -73.005263,-14.620574 -73.005267,-14.620555 -73.005234,-14.62041 -73.005225,-14.620298 -73.005241,-14.620199 -73.005239,-14.620115 -73.005251,-14.620044 -73.005253,-14.619968 -73.005236,-14.619887 -73.005234,-14.619774 -73.005257,-14.619524 -73.005217,-14.619303 -73.005218,-14.61926 -73.005211,-14.619236 -73.005217,-14.619194 -73.005199,-14.619132 -73.005194,-14.618987 -73.005213,-14.618898 -73.005211,-14.618795 -73.005242,-14.618678 -73.005236,-14.618592 -73.005223,-14.618545 -73.005232,-14.618467 -73.00523,-14.618399 -73.005214,-14.618362 -73.005219,-14.618302 -73.005212,-14.61828 -73.005225,-14.618171 -73.005213,-14.618033 -73.005235,-14.617938 -73.00524,-14.617846 -73.005234,-14.617809 -73.005246,-14.617671 -73.005239,-14.617599 -73.005265,-14.617543 -73.005275,-14.617478 -73.005254,-14.617425 -73.005253,-14.617374 -73.005244,-14.617359 -73.005253,-14.617265 -73.005249,-14.617231 -73.005273,-14.617098 -73.005244,-14.617041 -73.005237,-14.616996 -73.005239,-14.616929 -73.005219,-14.616846 -73.005245,-14.61664 -73.005253,-14.616542 -73.005249,-14.616502 -73.005264,-14.616439 -73.005271,-14.616345 -73.005288,-14.616283 -73.005282,-14.616256 -73.005291,-14.616151 -73.005255,-14.615957 -73.005253,-14.615905 -73.00524,-14.615863 -73.005247,-14.615843 -73.005235,-14.615737 -73.005183,-14.615606 -73.005179,-14.615476 -73.005167,-14.615452 -73.005159,-14.615377 -73.005161,-14.61531 -73.00514,-14.615235 -73.005127,-14.615226 -73.005124,-14.615209 -73.005119,-14.61511 -73.005127,-14.61509 -73.00512,-14.615051 -73.00517,-14.614705 -73.005206,-14.614598 -73.005299,-14.614418 -73.005327,-14.614289 -73.005329,-14.614251 -73.005357,-14.614162 -73.005356,-14.614109 -73.005366,-14.614053 -73.005355,-14.614008 -73.00537,-14.613936 -73.005358,-14.613789 -73.005367,-14.613714 -73.005366,-14.613692 -73.00535,-14.613674 -73.005346,-14.613654 -73.005355,-14.613594 -73.005365,-14.613576 -73.005364,-14.613562 -73.005348,-14.613542 -73.005331,-14.613442 -73.005343,-14.613349 -73.005365,-14.613322 -73.00539,-14.613213 -73.005428,-14.613152 -73.005519,-14.613111 -73.005586,-14.613065 -73.005616,-14.61306 -73.005639,-14.613031 -73.005669,-14.613014 -73.005716,-14.613014 -73.005737,-14.612998 -73.005744,-14.612975 -73.00574,-14.612907 -73.005753,-14.612846 -73.005756,-14.612781 -73.005753,-14.612742 -73.00574,-14.612713 -73.005729,-14.61271 -73.005716,-14.612717 -73.005712,-14.612738 -73.005671,-14.612687 -73.005642,-14.612625 -73.005617,-14.612532 -73.005563,-14.612472 -73.005516,-14.612402 -73.005452,-14.612355 -73.005406,-14.612279 -73.005403,-14.612154 -73.005367,-14.612115 -73.005316,-14.612027 -73.005307,-14.611947 -73.005257,-14.611829 -73.005234,-14.61175 -73.005204,-14.611716 -73.005108,-14.611544 -73.005077,-14.611518 -73.005047,-14.611472 -73.005027,-14.611429 -73.005012,-14.611367 -73.004973,-14.611304 -73.004971,-14.611285 -73.00485,-14.611154 -73.004849,-14.611131 -73.004794,-14.611057 -73.004788,-14.611038 -73.00479,-14.610998 -73.004713,-14.610855 -73.004705,-14.610806 -73.00468,-14.610731 -73.004675,-14.610626 -73.004657,-14.610592 -73.004655,-14.610534 -73.004619,-14.610398 -73.004622,-14.610335 -73.00461,-14.610205 -73.004591,-14.610113 -73.004569,-14.610084 -73.004495,-14.609932 -73.004463,-14.60982 -73.004433,-14.609753 -73.00443,-14.609724 -73.004422,-14.60972 -73.004414,-14.60967 -73.004389,-14.609638 -73.004351,-14.609553 -73.004347,-14.609436 -73.004359,-14.609374 -73.004355,-14.609332 -73.004374,-14.609244 -73.004371,-14.609062 -73.004329,-14.608939 -73.004317,-14.608925 -73.004313,-14.608897 -73.004312,-14.608837 -73.004329,-14.60871 -73.004327,-14.608675 -73.004355,-14.608578 -73.004403,-14.608463 -73.004465,-14.608394 -73.004475,-14.608366 -73.004513,-14.608312 -73.004581,-14.608267 -73.004604,-14.608226 -73.004622,-14.608209 -73.00465,-14.608146 -73.004704,-14.608062 -73.004718,-14.608025 -73.004748,-14.607998 -73.004781,-14.607945 -73.004923,-14.607793 -73.004954,-14.607718 -73.00504,-14.607571 -73.005057,-14.607529 -73.00508,-14.607493 -73.005116,-14.607456 -73.005165,-14.607376 -73.005227,-14.607317 -73.005304,-14.607204 -73.005383,-14.607121 -73.005406,-14.607077 -73.005467,-14.606994 -73.005498,-14.606963 -73.005548,-14.60688 -73.005643,-14.606771 -73.005654,-14.606731 -73.00575,-14.606615 -73.00584,-14.606447 -73.00588,-14.606396 -73.00589,-14.606337 -73.005926,-14.606255 -73.005969,-14.606193 -73.005986,-14.606181 -73.006078,-14.606011 -73.006131,-14.60596 -73.006146,-14.605926 -73.006214,-14.605831 -73.006256,-14.605753 -73.006287,-14.605719 -73.006327,-14.605639 -73.006364,-14.605519 -73.006386,-14.605472 -73.006403,-14.605399 -73.006431,-14.605327 -73.006473,-14.605156 -73.006537,-14.605013 -73.006552,-14.604937 -73.006643,-14.604774 -73.006717,-14.604703 -73.006729,-14.604675 -73.00675,-14.60466 -73.006762,-14.604638 -73.006834,-14.604571 -73.006852,-14.604524 -73.006889,-14.604466 -73.006929,-14.60436 -73.007009,-14.604226 -73.00703,-14.604172 -73.00708,-14.604101 -73.007117,-14.603943 -73.007164,-14.60384 -73.007185,-14.603823 -73.007217,-14.603773 -73.007242,-14.603717 -73.007245,-14.603679 -73.007264,-14.603619 -73.007288,-14.603571 -73.007295,-14.603477 -73.007305,-14.603449 -73.007297,-14.603365 -73.007282,-14.603331 -73.007286,-14.603314 -73.007271,-14.60328 -73.007269,-14.603249 -73.007291,-14.603184 -73.007283,-14.603137 -73.007293,-14.60305 -73.007286,-14.603013 -73.007295,-14.602972 -73.007287,-14.602923 -73.007358,-14.602568 -73.007356,-14.602508 -73.007393,-14.602363 -73.007415,-14.602216 -73.007432,-14.602158 -73.007429,-14.602133 -73.007449,-14.602058 -73.007439,-14.601981 -73.007459,-14.601898 -73.007464,-14.601845 -73.007483,-14.601813 -73.007494,-14.601679 -73.007478,-14.60162 -73.007478,-14.601484 -73.007462,-14.601431 -73.007489,-14.6013 -73.007501,-14.601276 -73.007496,-14.60112 -73.007507,-14.601077 -73.007506,-14.600998 -73.007512,-14.600981 -73.007503,-14.600935 -73.007519,-14.600877 -73.007515,-14.600841 -73.007532,-14.600769 -73.007528,-14.600698 -73.007555,-14.600421 -73.007572,-14.600388 -73.007582,-14.600327 -73.007574,-14.600258 -73.007605,-14.600222 -73.007621,-14.600152 -73.007622,-14.600104 -73.007615,-14.60008 -73.007642,-14.599997 -73.00765,-14.599926 -73.007665,-14.5999 -73.007659,-14.599835 -73.007663,-14.599783 -73.007698,-14.599698 -73.007686,-14.599609 -73.007698,-14.599508 -73.00771,-14.599495 -73.007716,-14.599464 -73.007731,-14.599287 -73.007747,-14.599251 -73.007754,-14.599204 -73.007769,-14.599176 -73.007781,-14.599077 -73.007802,-14.599026 -73.007825,-14.598811 -73.007846,-14.598708 -73.007853,-14.598578 -73.007843,-14.598522 -73.007844,-14.598447 -73.007863,-14.598405 -73.007863,-14.598367 -73.007917,-14.598254 -73.007918,-14.598217 -73.007939,-14.598152 -73.007935,-14.598111 -73.007968,-14.597987 -73.007983,-14.5979 -73.008019,-14.597812 -73.008033,-14.597533 -73.008042,-14.597473 -73.008036,-14.597415 -73.00806,-14.597336 -73.008053,-14.597276 -73.008057,-14.597217 -73.008074,-14.597179 -73.00808,-14.597104 -73.008089,-14.597085 -73.008088,-14.597041 -73.008109,-14.596982 -73.008139,-14.596845 -73.008158,-14.596695 -73.00815,-14.596681 -73.008153,-14.596641 -73.00812,-14.596399 -73.008086,-14.596314 -73.008081,-14.596209 -73.008048,-14.596121 -73.008043,-14.595981 -73.008015,-14.595796 -73.008015,-14.595777 -73.008025,-14.595761 -73.008025,-14.595714 -73.008017,-14.595583 -73.008008,-14.595566 -73.008,-14.595341 -73.008004,-14.595319 -73.008016,-14.595305 -73.008006,-14.595264 -73.008002,-14.595195 -73.008001,-14.595133 -73.008009,-14.595083 -73.007962,-14.594931 -73.007971,-14.594916 -73.00795,-14.594842 -73.007957,-14.594826 -73.007946,-14.594815 -73.007954,-14.594775 -73.007922,-14.594631 -73.007892,-14.594562 -73.007882,-14.594466 -73.007864,-14.594434 -73.007864,-14.594409 -73.007839,-14.594379 -73.007831,-14.594309 -73.007838,-14.594303 -73.007825,-14.594289 -73.00779,-14.594191 -73.007786,-14.594107 -73.007774,-14.59408 -73.007775,-14.594062 -73.007725,-14.593961 -73.007711,-14.593888 -73.007671,-14.593772 -73.007674,-14.593699 -73.007655,-14.593663 -73.007662,-14.593618 -73.007675,-14.593606 -73.007677,-14.59359 -73.007653,-14.593519 -73.007648,-14.59346 -73.007656,-14.593419 -73.007649,-14.593364 -73.007657,-14.593355 -73.007659,-14.593315 -73.007671,-14.593297 -73.00768,-14.593247 -73.007676,-14.593172 -73.007665,-14.593167 -73.007698,-14.593051 -73.007704,-14.593005 -73.007731,-14.592947 -73.007743,-14.592856 -73.007794,-14.592783 -73.007808,-14.592774 -73.007823,-14.592745 -73.007843,-14.592728 -73.007858,-14.592689 -73.007906,-14.592666 -73.007915,-14.592614 -73.00794,-14.592555 -73.007952,-14.592551 -73.007984,-14.592503 -73.00802,-14.592411 -73.008053,-14.592376 -73.00806,-14.592344 -73.008054,-14.59232 -73.008068,-14.592303 -73.008074,-14.592245 -73.008107,-14.592185 -73.008119,-14.592124 -73.008139,-14.592109 -73.008142,-14.592087 -73.00819,-14.592038 -73.008205,-14.592013 -73.008217,-14.592012 -73.008249,-14.591982 -73.008273,-14.591894 -73.008268,-14.591868 -73.00829,-14.59184 -73.008295,-14.59182 -73.008313,-14.591692 -73.008308,-14.591648 -73.008325,-14.591588 -73.008328,-14.591525 -73.008342,-14.591503 -73.008359,-14.591443 -73.008369,-14.591373 -73.008388,-14.591359 -73.008404,-14.591329 -73.008398,-14.591307 -73.008413,-14.591291 -73.008433,-14.591178 -73.008451,-14.591158 -73.008455,-14.591122 -73.008467,-14.591117 -73.008471,-14.591099 -73.008503,-14.591051 -73.008549,-14.590827 -73.008566,-14.59081 -73.008567,-14.590779 -73.008558,-14.590751 -73.008564,-14.590717 -73.008557,-14.590688 -73.008568,-14.590675 -73.008572,-14.590642 -73.008589,-14.590625 -73.008621,-14.590568 -73.008668,-14.590527 -73.008675,-14.590482 -73.008689,-14.590465 -73.008726,-14.590374 -73.008771,-14.59029 -73.008775,-14.590228 -73.008799,-14.590183 -73.008818,-14.590168 -73.008837,-14.590134 -73.008849,-14.590067 -73.008861,-14.590056 -73.008856,-14.590035 -73.008873,-14.590001 -73.008874,-14.589962 -73.008893,-14.589941 -73.008894,-14.589928 -73.008914,-14.589913 -73.008921,-14.589893 -73.008922,-14.58986 -73.008881,-14.589791 -73.008882,-14.589768 -73.008867,-14.589746 -73.008849,-14.589667 -73.008876,-14.589606 -73.008852,-14.58952 -73.008857,-14.589467 -73.008796,-14.589373 -73.008809,-14.589342 -73.008819,-14.589222 -73.008832,-14.589183 -73.008835,-14.589134 -73.008862,-14.589057 -73.008886,-14.589029 -73.008909,-14.588978 -73.008914,-14.58891 -73.008934,-14.588886 -73.008945,-14.588819 -73.008964,-14.588804 -73.008986,-14.588738 -73.008985,-14.588659 -73.008976,-14.588628 -73.008981,-14.588584 -73.008966,-14.588555 -73.008972,-14.58853 -73.008968,-14.588507 -73.008955,-14.588486 -73.008974,-14.588453 -73.008959,-14.588403 -73.008972,-14.588379 -73.008972,-14.588363 -73.008948,-14.588288 -73.008904,-14.588223 -73.008867,-14.588128 -73.008845,-14.588104 -73.008839,-14.588054 -73.008824,-14.588022 -73.008791,-14.587996 -73.008796,-14.58797 -73.008777,-14.587941 -73.008778,-14.587891 -73.008712,-14.587809 -73.008685,-14.587741 -73.008633,-14.587702 -73.008626,-14.58769 -73.008627,-14.58767 -73.008586,-14.587613 -73.008588,-14.587552 -73.008581,-14.587536 -73.008592,-14.587447 -73.00858,-14.587422 -73.008582,-14.587383 -73.008495,-14.587314 -73.008482,-14.587298 -73.008474,-14.587259 -73.008445,-14.587216 -73.008327,-14.587081 -73.008287,-14.587058 -73.008252,-14.587023 -73.008238,-14.586987 -73.008156,-14.586947 -73.008098,-14.586874 -73.008061,-14.586847 -73.007984,-14.586753 -73.007924,-14.586715 -73.007901,-14.586709 -73.007788,-14.586589 -73.007769,-14.586578 -73.007732,-14.586524 -73.007699,-14.586501 -73.007689,-14.586484 -73.007601,-14.586436 -73.007574,-14.58641 -73.007572,-14.586389 -73.007564,-14.586381 -73.007508,-14.586343 -73.007492,-14.586299 -73.007467,-14.586267 -73.007468,-14.58624 -73.007446,-14.586202 -73.007397,-14.586165 -73.007331,-14.58609 -73.007308,-14.586078 -73.007258,-14.585998 -73.007233,-14.585981 -73.007206,-14.585914 -73.007148,-14.585835 -73.007139,-14.585791 -73.007086,-14.585725 -73.007052,-14.585714 -73.007037,-14.585672 -73.007003,-14.58562 -73.006961,-14.585512 -73.006893,-14.585452 -73.006869,-14.585402 -73.006829,-14.585349 -73.006811,-14.585346 -73.006768,-14.585301 -73.006695,-14.585249 -73.006651,-14.585207 -73.006605,-14.585105 -73.006492,-14.585045 -73.006423,-14.584989 -73.006408,-14.584966 -73.006314,-14.584891 -73.006297,-14.58486 -73.006345,-14.584812 -73.006307,-14.584734 -73.006278,-14.584694 -73.006284,-14.584656 -73.006261,-14.584597 -73.006219,-14.584536 -73.00618,-14.584508 -73.006161,-14.584478 -73.006142,-14.584471 -73.00613,-14.584435 -73.006079,-14.584349 -73.005967,-14.584223 -73.005955,-14.584219 -73.005856,-14.58409 -73.005842,-14.584031 -73.005866,-14.583962 -73.005868,-14.583935 -73.005837,-14.583889 -73.005811,-14.583804 -73.005772,-14.583744 -73.005745,-14.58372 -73.005706,-14.583647 -73.005636,-14.583596 -73.00559,-14.583546 -73.00557,-14.583474 -73.005574,-14.583451 -73.005559,-14.583423 -73.005632,-14.583352 -73.00572,-14.583299 -73.005775,-14.583282 -73.005773,-14.583253 -73.005788,-14.583239 -73.005849,-14.583206 -73.00591,-14.583186 -73.005967,-14.583149 -73.005973,-14.583123 -73.005997,-14.58308 -73.006002,-14.583018 -73.006058,-14.582936 -73.006062,-14.582783 -73.006058,-14.582763 -73.006048,-14.582753 -73.006054,-14.582746 -73.00605,-14.582734 -73.005979,-14.582622 -73.00596,-14.582605 -73.00591,-14.582497 -73.005809,-14.582393 -73.005772,-14.582366 -73.005759,-14.582341 -73.005711,-14.582306 -73.005697,-14.582273 -73.005622,-14.582172 -73.005618,-14.582145 -73.005604,-14.582129 -73.005579,-14.582071 -73.005549,-14.58204 -73.005546,-14.582014 -73.00547,-14.58193 -73.005393,-14.581881 -73.005377,-14.581823 -73.005331,-14.581762 -73.005325,-14.581741 -73.005286,-14.58171 -73.005262,-14.581655 -73.005203,-14.581607 -73.005176,-14.581545 -73.005116,-14.58148 -73.005096,-14.581411 -73.005068,-14.581385 -73.00505,-14.581332 -73.004993,-14.581224 -73.004963,-14.581126 -73.004964,-14.581109 -73.004952,-14.581092 -73.004949,-14.58106 -73.004926,-14.580999 -73.004803,-14.580838 -73.004802,-14.58082 -73.004769,-14.580792 -73.004777,-14.580761 -73.004769,-14.580678 -73.004757,-14.580638 -73.004764,-14.580617 -73.004778,-14.580611 -73.004773,-14.580601 -73.004767,-14.580602 -73.00474,-14.580479 -73.004693,-14.580376 -73.004659,-14.580344 -73.004622,-14.580293 -73.004588,-14.580219 -73.004551,-14.580188 -73.004517,-14.580146 -73.004441,-14.580086 -73.004406,-14.580042 -73.004348,-14.580026 -73.004298,-14.579978 -73.004195,-14.579941 -73.004147,-14.579896 -73.004119,-14.579887 -73.004111,-14.579892 -73.004102,-14.579885 -73.004081,-14.579783 -73.004062,-14.579763 -73.004046,-14.579729 -73.004011,-14.579693 -73.003967,-14.579666 -73.003919,-14.579599 -73.003881,-14.579565 -73.003887,-14.579548 -73.003883,-14.579534 -73.003858,-14.579498 -73.003856,-14.579475 -73.003832,-14.579437 -73.003825,-14.579403 -73.003801,-14.579375 -73.003782,-14.579271 -73.00375,-14.57921 -73.003756,-14.579144 -73.00368,-14.579009 -73.003661,-14.578934 -73.003673,-14.578897 -73.003673,-14.578873 -73.003659,-14.578849 -73.00367,-14.57883 -73.003665,-14.578791 -73.003628,-14.578698 -73.003624,-14.578661 -73.003586,-14.578584 -73.003585,-14.578551 -73.003568,-14.578501 -73.003523,-14.578432 -73.003508,-14.578396 -73.003475,-14.578358 -73.003424,-14.578272 -73.003387,-14.578241 -73.003324,-14.578158 -73.00325,-14.578026 -73.003247,-14.577972 -73.00326,-14.577881 -73.003246,-14.577833 -73.003251,-14.577774 -73.003264,-14.577755 -73.003259,-14.577696 -73.003273,-14.577669 -73.00327,-14.577632 -73.003302,-14.577577 -73.003288,-14.577493 -73.003269,-14.577458 -73.003283,-14.577397 -73.003249,-14.577291 -73.003244,-14.577225 -73.00323,-14.577201 -73.003237,-14.577181 -73.003248,-14.577181 -73.003228,-14.577148 -73.00321,-14.577074 -73.003192,-14.577037 -73.003181,-14.576983 -73.003184,-14.576963 -73.003147,-14.576898 -73.003148,-14.576839 -73.003131,-14.576787 -73.003129,-14.576733 -73.003137,-14.576712 -73.003153,-14.576698 -73.003172,-14.576623 -73.003166,-14.576609 -73.003203,-14.576459 -73.003215,-14.576435 -73.003209,-14.576423 -73.003207,-14.576353 -73.00321,-14.576335 -73.00323,-14.576303 -73.003243,-14.576205 -73.003253,-14.576176 -73.003275,-14.576152 -73.0033,-14.576102 -73.003319,-14.57599 -73.003346,-14.57591 -73.003373,-14.575855 -73.003391,-14.575786 -73.003374,-14.575702 -73.003376,-14.575677 -73.00342,-14.575591 -73.00346,-14.575562 -73.003472,-14.575544 -73.003505,-14.575455 -73.003536,-14.575426 -73.00356,-14.575381 -73.003589,-14.575349 -73.003624,-14.575274 -73.003632,-14.575231 -73.003648,-14.575209 -73.0037,-14.57509 -73.003716,-14.57508 -73.003742,-14.575017 -73.003791,-14.574944 -73.003888,-14.57477 -73.003919,-14.574691 -73.003952,-14.574636 -73.003945,-14.574592 -73.003988,-14.574406 -73.003983,-14.574383 -73.003986,-14.574251 -73.004005,-14.5742 -73.004006,-14.574153 -73.004015,-14.574134 -73.004004,-14.574018 -73.004027,-14.573953 -73.004024,-14.57379 -73.004046,-14.573669 -73.00401,-14.573538 -73.004032,-14.573504 -73.004043,-14.573467 -73.004036,-14.573444 -73.004042,-14.573403 -73.004035,-14.57338 -73.004047,-14.573357 -73.004052,-14.5733 -73.004072,-14.573245 -73.004059,-14.57322 -73.004069,-14.573149 -73.004055,-14.573078 -73.004068,-14.573033 -73.004066,-14.572957 -73.004077,-14.572902 -73.004057,-14.572848 -73.00405,-14.572768 -73.004027,-14.572711 -73.004025,-14.572663 -73.004006,-14.572602 -73.004004,-14.57255 -73.003982,-14.572503 -73.003986,-14.572466 -73.003971,-14.572445 -73.003978,-14.572429 -73.003976,-14.572383 -73.003927,-14.572225 -73.003928,-14.572203 -73.003907,-14.572175 -73.003902,-14.572117 -73.003838,-14.572034 -73.003812,-14.571981 -73.003796,-14.571918 -73.0038,-14.571897 -73.003762,-14.571656 -73.003791,-14.571622 -73.003796,-14.571565 -73.003816,-14.571533 -73.003836,-14.571398 -73.003829,-14.571325 -73.003813,-14.571274 -73.003803,-14.571194 -73.003791,-14.571174 -73.0038,-14.571155 -73.003829,-14.571141 -73.003842,-14.571087 -73.003873,-14.571016 -73.003866,-14.570904 -73.003877,-14.570862 -73.003874,-14.570841 -73.003881,-14.570806 -73.003899,-14.570791 -73.003912,-14.570732 -73.003942,-14.570656 -73.003936,-14.570599 -73.00391,-14.570557 -73.003922,-14.570546 -73.003917,-14.570491 -73.00395,-14.570436 -73.003948,-14.570376 -73.003927,-14.570332 -73.003942,-14.570307 -73.003959,-14.570154 -73.003985,-14.570126 -73.003978,-14.570108 -73.00399,-14.570089 -73.004,-14.569995 -73.004009,-14.569959 -73.004024,-14.569944 -73.004038,-14.569761 -73.004017,-14.569657 -73.004011,-14.569582 -73.003954,-14.569435 -73.003947,-14.569401 -73.003933,-14.569385 -73.0039,-14.569313 -73.003835,-14.56915 -73.003762,-14.569033 -73.003742,-14.568926 -73.003715,-14.56886 -73.003692,-14.568675 -73.003665,-14.568644 -73.003613,-14.568548 -73.00361,-14.568529 -73.003567,-14.568472 -73.003438,-14.568382 -73.003387,-14.568365 -73.003354,-14.568327 -73.003333,-14.568314 -73.003262,-14.568297 -73.00322,-14.56827 -73.003073,-14.56825 -73.003035,-14.56823 -73.002963,-14.568211 -73.002858,-14.568218 -73.00274,-14.56821 -73.002624,-14.568234 -73.002572,-14.568237 -73.002555,-14.568227 -73.0025,-14.568232 -73.002362,-14.568214 -73.002238,-14.56818 -73.002127,-14.568126 -73.002118,-14.568113 -73.002027,-14.568058 -73.001951,-14.567993 -73.001899,-14.567962 -73.001851,-14.567956 -73.001789,-14.567891 -73.001778,-14.567871 -73.001691,-14.567792 -73.001552,-14.567722 -73.001521,-14.567721 -73.001453,-14.567703 -73.001395,-14.567711 -73.001347,-14.567704 -73.001222,-14.567718 -73.001172,-14.567736 -73.001152,-14.567738 -73.001137,-14.567729 -73.001049,-14.567734 -73.000925,-14.567778 -73.000898,-14.567777 -73.000846,-14.567793 -73.000779,-14.567799 -73.000713,-14.567816 -73.00061,-14.567827 -73.000568,-14.567821 -73.000554,-14.567829 -73.000523,-14.567827 -73.000468,-14.567795 -73.000431,-14.567788 -73.000407,-14.567792 -73.000391,-14.567775 -73.00034,-14.567784 -73.000297,-14.567781 -73.000214,-14.56779 -73.00018,-14.567764 -73.000109,-14.567756 -73.000022,-14.567718 -72.999943,-14.567617 -72.99991,-14.567615 -72.999887,-14.567583 -72.999888,-14.567563 -72.999875,-14.567545 -72.999871,-14.567513 -72.999858,-14.567485 -72.999862,-14.567466 -72.999854,-14.567452 -72.999846,-14.567391 -72.999822,-14.567318 -72.999805,-14.567308 -72.999788,-14.567271 -72.999769,-14.567263 -72.999747,-14.567233 -72.999699,-14.567209 -72.999648,-14.567164 -72.999617,-14.567146 -72.999535,-14.567113 -72.999507,-14.567109 -72.99944,-14.56712 -72.999418,-14.567116 -72.999274,-14.56707 -72.999248,-14.56707 -72.999171,-14.567036 -72.999085,-14.56703 -72.99903,-14.566997 -72.998926,-14.566983 -72.998881,-14.56697 -72.998864,-14.566962 -72.998855,-14.566948 -72.998774,-14.566905 -72.998762,-14.566888 -72.998563,-14.566791 -72.998504,-14.566778 -72.998342,-14.566717 -72.998333,-14.566708 -72.998251,-14.566686 -72.998123,-14.566637 -72.998056,-14.566618 -72.998002,-14.566615 -72.9978,-14.566563 -72.997684,-14.566506 -72.997665,-14.566489 -72.997584,-14.566471 -72.997478,-14.566412 -72.997477,-14.566392 -72.997291,-14.566329 -72.997282,-14.566315 -72.997213,-14.56627 -72.997084,-14.566243 -72.997059,-14.566225 -72.997033,-14.566186 -72.997025,-14.566173 -72.997027,-14.566152 -72.99698,-14.566125 -72.99696,-14.566127 -72.996921,-14.566116 -72.996938,-14.566081 -72.996963,-14.566066 -72.996884,-14.566012 -72.996878,-14.565952 -72.996886,-14.56593 -72.996862,-14.565917 -72.99686,-14.565907 -72.996861,-14.565896 -72.996872,-14.565897 -72.996862,-14.565864 -72.996871,-14.565838 -72.996887,-14.565825 -72.996891,-14.565786 -72.99691,-14.565762 -72.996896,-14.565745 -72.996905,-14.565711 -72.996862,-14.565674 -72.996849,-14.565654 -72.996839,-14.565618 -72.996843,-14.565567 -72.996833,-14.565554 -72.996804,-14.56545 -72.996802,-14.565336 -72.996773,-14.565256 -72.996755,-14.565232 -72.996728,-14.565217 -72.99673,-14.565191 -72.99675,-14.565152 -72.996742,-14.565056 -72.996754,-14.565017 -72.996744,-14.564999 -72.996741,-14.564936 -72.996721,-14.564888 -72.996684,-14.56485 -72.99668,-14.5648 -72.996664,-14.564761 -72.996596,-14.564723 -72.99647,-14.564605 -72.996472,-14.564591 -72.996454,-14.564564 -72.996438,-14.564519 -72.99641,-14.564494 -72.996399,-14.564472 -72.99641,-14.564447 -72.996376,-14.564359 -72.996349,-14.564336 -72.996321,-14.564273 -72.996262,-14.564184 -72.996243,-14.564174 -72.996248,-14.564146 -72.996243,-14.564131 -72.996213,-14.564099 -72.99621,-14.564057 -72.99619,-14.56403 -72.996175,-14.563968 -72.996164,-14.563964 -72.996158,-14.563945 -72.996139,-14.563923 -72.996111,-14.563854 -72.996093,-14.563841 -72.996073,-14.5638 -72.996072,-14.563774 -72.996032,-14.56373 -72.996027,-14.563708 -72.996049,-14.563625 -72.996049,-14.563578 -72.996009,-14.563427 -72.996015,-14.563388 -72.996006,-14.563371 -72.996019,-14.563302 -72.996008,-14.563272 -72.99598,-14.563254 -72.996002,-14.563211 -72.996028,-14.563198 -72.996051,-14.563139 -72.996119,-14.56307 -72.996149,-14.563016 -72.996155,-14.562986 -72.996137,-14.562924 -72.996147,-14.562909 -72.996124,-14.562881 -72.996064,-14.56284 -72.996042,-14.562805 -72.99595,-14.56275 -72.995929,-14.562728 -72.995885,-14.562619 -72.995845,-14.562561 -72.995834,-14.56253 -72.995782,-14.562446 -72.995781,-14.562357 -72.995755,-14.562331 -72.995722,-14.562275 -72.995604,-14.56218 -72.995582,-14.562153 -72.995552,-14.562138 -72.995459,-14.562021 -72.995442,-14.56199 -72.995415,-14.561963 -72.995401,-14.561923 -72.995299,-14.561796 -72.995252,-14.561752 -72.995192,-14.561656 -72.995052,-14.561509 -72.995029,-14.561474 -72.995016,-14.561432 -72.995018,-14.561403 -72.994988,-14.561306 -72.994997,-14.561265 -72.994978,-14.561154 -72.99493,-14.561003 -72.994932,-14.560939 -72.994913,-14.560834 -72.994888,-14.56077 -72.994863,-14.560734 -72.994852,-14.560696 -72.994853,-14.560661 -72.994818,-14.560579 -72.99481,-14.560521 -72.994816,-14.560484 -72.994776,-14.560395 -72.994779,-14.560374 -72.994758,-14.560317 -72.994753,-14.560237 -72.994709,-14.560182 -72.994642,-14.560014 -72.99462,-14.559994 -72.994609,-14.559942 -72.994521,-14.559821 -72.994505,-14.559787 -72.99451,-14.559767 -72.994495,-14.559751 -72.99449,-14.559715 -72.994451,-14.559655 -72.994454,-14.55964 -72.994429,-14.559603 -72.994384,-14.559561 -72.994355,-14.559482 -72.994341,-14.559423 -72.994344,-14.559409 -72.994321,-14.559348 -72.994323,-14.559331 -72.994308,-14.559272 -72.994313,-14.55926 -72.994305,-14.559243 -72.994306,-14.559201 -72.994282,-14.559091 -72.99428,-14.559048 -72.994264,-14.55901 -72.994262,-14.558969 -72.994249,-14.558947 -72.994249,-14.55893 -72.99426,-14.558916 -72.994272,-14.558914 -72.99426,-14.558862 -72.994262,-14.558805 -72.994285,-14.558709 -72.994274,-14.558689 -72.994279,-14.558614 -72.994269,-14.558533 -72.994272,-14.558469 -72.994292,-14.558421 -72.994291,-14.558381 -72.994276,-14.558361 -72.994271,-14.558334 -72.994278,-14.55832 -72.994269,-14.558271 -72.994274,-14.55825 -72.994259,-14.558169 -72.994265,-14.558111 -72.994232,-14.558043 -72.994232,-14.558022 -72.994255,-14.557956 -72.994241,-14.557888 -72.994263,-14.55785 -72.994269,-14.557824 -72.994284,-14.557816 -72.994275,-14.557771 -72.994251,-14.557736 -72.994222,-14.557623 -72.994224,-14.557594 -72.99426,-14.557506 -72.994262,-14.557485 -72.994225,-14.557362 -72.994228,-14.557304 -72.994209,-14.557244 -72.994244,-14.557121 -72.994217,-14.557027 -72.99422,-14.556977 -72.994207,-14.55696 -72.994204,-14.556792 -72.994179,-14.556716 -72.99418,-14.556701 -72.994207,-14.556676 -72.994189,-14.556616 -72.994167,-14.556487 -72.99417,-14.556444 -72.994161,-14.556414 -72.994158,-14.556303 -72.994149,-14.55628 -72.99414,-14.556198 -72.994118,-14.556147 -72.994127,-14.55612 -72.994124,-14.55608 -72.994137,-14.555992 -72.994103,-14.555909 -72.994097,-14.555835 -72.994077,-14.55579 -72.994081,-14.555773 -72.994047,-14.555717 -72.993994,-14.555551 -72.993956,-14.55549 -72.993963,-14.55548 -72.993962,-14.555462 -72.993947,-14.555343 -72.993952,-14.555301 -72.99396,-14.555292 -72.99395,-14.555272 -72.993956,-14.555244 -72.993936,-14.555184 -72.993865,-14.555137 -72.993833,-14.555083 -72.993753,-14.554995 -72.993667,-14.55487 -72.993653,-14.554718 -72.993637,-14.554681 -72.993615,-14.554544 -72.993607,-14.554517 -72.993557,-14.554459 -72.993548,-14.554392 -72.993417,-14.554281 -72.993389,-14.554234 -72.993351,-14.554205 -72.993332,-14.554176 -72.993292,-14.554139 -72.993214,-14.554107 -72.993206,-14.554109 -72.993213,-14.554118 -72.993189,-14.55412 -72.993189,-14.554121 -72.993188,-14.554121 -72.993187,-14.554122 -72.993185,-14.554122 -72.993183,-14.554125 -72.99318,-14.554125 -72.993178,-14.554129 -72.993176,-14.554128 -72.993176,-14.554126 -72.993175,-14.554125 -72.993175,-14.554126 -72.993175,-14.554127 -72.993175,-14.554128 -72.993177,-14.554133 -72.993176,-14.554132 -72.993175,-14.554129 -72.993174,-14.554128 -72.993173,-14.554126 -72.993173,-14.554125 -72.993167,-14.55412 -72.993166,-14.554123 -72.993169,-14.554122 -72.993169,-14.554125 -72.993171,-14.554125 -72.993174,-14.554132 -72.993174,-14.554131 -72.993176,-14.554135 -72.993177,-14.554136 -72.993174,-14.554129 -72.993174,-14.554128 -72.993174,-14.554127 -72.993175,-14.554127 -72.993176,-14.554127 -72.993178,-14.554127 -72.993161,-14.554098 -72.993158,-14.554058 -72.993173,-14.554039 -72.993176,-14.554038 -72.993161,-14.554043 -72.993157,-14.554053 -72.993165,-14.554044 -72.993166,-14.554045 -72.993166,-14.554044 -72.993168,-14.554045 -72.993168,-14.554044 -72.993169,-14.554044 -72.99317,-14.554044 -72.993171,-14.554044 -72.993175,-14.554045 -72.993196,-14.554058 -72.993204,-14.554072 -72.993191,-14.554101 -72.993188,-14.554118 -72.993187,-14.554129 -72.993181,-14.554136 -72.993123,-14.554151 -72.993043,-14.554152 -72.992947,-14.554124 -72.992935,-14.554107 -72.992899,-14.554082 -72.99284,-14.554056 -72.992835,-14.554036 -72.992798,-14.554012 -72.992791,-14.554 -72.992771,-14.553999 -72.992738,-14.553983 -72.99262,-14.553966 -72.992568,-14.55394 -72.992506,-14.553925 -72.99249,-14.553911 -72.99243,-14.553896 -72.992373,-14.553872 -72.992324,-14.553863 -72.992302,-14.553847 -72.992261,-14.55384 -72.992244,-14.55383 -72.992208,-14.553828 -72.992122,-14.553793 -72.991992,-14.553762 -72.99191,-14.553723 -72.991872,-14.553715 -72.991843,-14.553695 -72.991771,-14.553671 -72.991697,-14.553634 -72.991559,-14.553534 -72.991488,-14.553524 -72.991405,-14.553477 -72.991309,-14.553437 -72.991265,-14.553431 -72.991232,-14.553435 -72.991177,-14.553409 -72.991141,-14.553375 -72.991103,-14.553353 -72.991064,-14.553313 -72.991055,-14.553293 -72.991027,-14.553269 -72.991019,-14.553252 -72.990979,-14.55323 -72.990955,-14.553205 -72.990905,-14.553137 -72.990877,-14.553079 -72.990845,-14.552922 -72.990844,-14.552778 -72.990837,-14.552734 -72.990819,-14.552687 -72.990822,-14.55265 -72.990812,-14.552597 -72.990822,-14.552448 -72.990832,-14.552404 -72.990831,-14.552308 -72.990821,-14.552261 -72.990748,-14.552161 -72.990712,-14.552085 -72.990693,-14.552019 -72.990657,-14.551957 -72.990661,-14.551914 -72.990649,-14.551862 -72.990654,-14.551828 -72.990645,-14.551807 -72.990647,-14.551759 -72.990623,-14.551575 -72.990636,-14.551429 -72.99063,-14.551409 -72.990631,-14.55134 -72.990645,-14.551251 -72.990639,-14.551037 -72.990608,-14.55094 -72.99059,-14.550836 -72.990614,-14.550628 -72.990595,-14.55057 -72.990576,-14.550403 -72.990576,-14.550335 -72.990556,-14.550263 -72.990521,-14.550185 -72.990519,-14.550113 -72.990481,-14.550002 -72.990453,-14.549945 -72.990452,-14.549899 -72.990407,-14.549754 -72.990367,-14.549682 -72.990362,-14.549621 -72.990346,-14.549585 -72.990339,-14.549523 -72.990295,-14.549364 -72.990266,-14.54929 -72.990253,-14.549214 -72.990241,-14.549202 -72.990235,-14.549159 -72.990223,-14.549137 -72.990235,-14.549021 -72.990226,-14.548955 -72.99019,-14.548884 -72.990177,-14.548763 -72.990179,-14.548706 -72.990215,-14.548649 -72.990223,-14.548569 -72.990248,-14.548523 -72.990254,-14.548474 -72.990215,-14.548344 -72.990229,-14.548326 -72.990237,-14.548316 -72.990235,-14.548336 -72.990246,-14.548256 -72.990247,-14.548206 -72.990262,-14.548189 -72.990314,-14.548088 -72.990328,-14.548074 -72.990338,-14.548027 -72.990331,-14.548011 -72.990336,-14.547969 -72.990357,-14.547877 -72.990382,-14.547834 -72.990485,-14.547763 -72.990547,-14.547702 -72.990574,-14.547652 -72.990575,-14.547625 -72.990612,-14.547538 -72.990658,-14.54749 -72.990681,-14.547438 -72.990691,-14.547379 -72.990728,-14.547297 -72.990732,-14.547274 -72.990721,-14.547176 -72.990739,-14.54709 -72.990717,-14.54698 -72.990723,-14.546957 -72.990718,-14.546873 -72.990705,-14.546825 -72.990714,-14.546789 -72.990702,-14.546741 -72.990705,-14.546683 -72.990721,-14.54663 -72.990708,-14.546543 -72.990719,-14.546498 -72.99071,-14.546482 -72.990716,-14.546431 -72.990684,-14.546371 -72.990635,-14.546208 -72.990551,-14.546023 -72.990527,-14.545943 -72.990515,-14.545929 -72.990506,-14.545929 -72.990497,-14.545906 -72.990484,-14.545803 -72.990456,-14.54577 -72.990455,-14.545779 -72.990431,-14.545761 -72.990396,-14.545691 -72.990391,-14.545646 -72.990361,-14.545562 -72.990369,-14.545563 -72.990376,-14.545487 -72.99037,-14.545434 -72.990345,-14.545361 -72.990338,-14.545281 -72.990319,-14.545234 -72.990291,-14.545191 -72.990247,-14.545158 -72.990207,-14.545138 -72.990199,-14.545141 -72.99019,-14.54513 -72.990176,-14.545071 -72.990183,-14.545049 -72.990198,-14.545055 -72.9902,-14.545034 -72.99023,-14.545013 -72.990315,-14.544982 -72.990412,-14.54485 -72.990451,-14.544818 -72.990507,-14.544779 -72.990607,-14.544732 -72.990631,-14.544706 -72.99068,-14.544675 -72.990692,-14.544658 -72.990762,-14.544635 -72.990783,-14.544599 -72.990821,-14.544568 -72.990952,-14.544495 -72.991039,-14.5444 -72.99106,-14.544389 -72.991129,-14.544325 -72.991147,-14.544317 -72.991159,-14.544294 -72.991214,-14.544252 -72.991297,-14.544084 -72.991392,-14.543995 -72.991444,-14.543927 -72.991446,-14.54391 -72.991476,-14.543892 -72.991486,-14.543878 -72.991494,-14.543846 -72.991515,-14.54382 -72.991537,-14.54375 -72.991556,-14.543716 -72.991552,-14.543675 -72.99154,-14.543654 -72.991531,-14.543602 -72.991506,-14.543571 -72.991496,-14.543545 -72.991448,-14.543502 -72.991439,-14.543461 -72.991417,-14.543429 -72.991389,-14.543344 -72.991368,-14.543328 -72.991366,-14.543309 -72.991342,-14.543275 -72.991325,-14.543223 -72.991313,-14.543208 -72.99131,-14.543157 -72.991317,-14.543131 -72.991304,-14.543102 -72.991304,-14.543072 -72.991285,-14.542997 -72.991282,-14.542932 -72.991276,-14.542925 -72.991285,-14.542907 -72.99128,-14.542879 -72.991253,-14.542843 -72.991219,-14.542701 -72.991197,-14.542658 -72.991157,-14.54254 -72.991153,-14.542479 -72.991142,-14.542479 -72.991138,-14.542384 -72.991103,-14.542278 -72.991109,-14.542254 -72.991091,-14.542207 -72.991102,-14.542145 -72.991097,-14.542088 -72.991065,-14.541992 -72.99107,-14.541973 -72.991053,-14.541908 -72.991057,-14.541884 -72.991043,-14.541881 -72.991028,-14.541829 -72.99098,-14.541718 -72.990949,-14.54172 -72.990893,-14.541681 -72.990892,-14.541646 -72.990875,-14.54163 -72.990847,-14.541576 -72.990827,-14.541564 -72.990795,-14.541523 -72.990764,-14.541517 -72.990734,-14.541493 -72.990717,-14.541462 -72.990718,-14.541431 -72.990708,-14.541413 -72.990673,-14.541391 -72.990635,-14.541328 -72.990587,-14.54128 -72.990536,-14.541203 -72.990531,-14.541184 -72.990481,-14.541145 -72.990448,-14.541082 -72.990413,-14.541042 -72.990379,-14.54102 -72.990362,-14.541 -72.990321,-14.540926 -72.990301,-14.540905 -72.990266,-14.540888 -72.99025,-14.540851 -72.9902,-14.540794 -72.990191,-14.54077 -72.990154,-14.54072 -72.990148,-14.540724 -72.990107,-14.540627 -72.990075,-14.540586 -72.990056,-14.540544 -72.989999,-14.54048 -72.989978,-14.540433 -72.989955,-14.540419 -72.989892,-14.540329 -72.989836,-14.54018 -72.989765,-14.540132 -72.989751,-14.540114 -72.989707,-14.540032 -72.989649,-14.539973 -72.989636,-14.539939 -72.989637,-14.539916 -72.98962,-14.539901 -72.989613,-14.539877 -72.989565,-14.539822 -72.989535,-14.539744 -72.989504,-14.539734 -72.989466,-14.539708 -72.989442,-14.539673 -72.989443,-14.539633 -72.989427,-14.539621 -72.98939,-14.539566 -72.989326,-14.539507 -72.989304,-14.539433 -72.989259,-14.539369 -72.989233,-14.539297 -72.989167,-14.539209 -72.989154,-14.539166 -72.98913,-14.539142 -72.989113,-14.539138 -72.989085,-14.539072 -72.989064,-14.539048 -72.989052,-14.538975 -72.989004,-14.538881 -72.988985,-14.53887 -72.988976,-14.538846 -72.988928,-14.538814 -72.988918,-14.538784 -72.988878,-14.538746 -72.988855,-14.538718 -72.988853,-14.538702 -72.988828,-14.538679 -72.988812,-14.538637 -72.988796,-14.538556 -72.988774,-14.538499 -72.988735,-14.538451 -72.988733,-14.53843 -72.988717,-14.538417 -72.988684,-14.538339 -72.988612,-14.538275 -72.988602,-14.538224 -72.988553,-14.53818 -72.988552,-14.538155 -72.988503,-14.538095 -72.988476,-14.538009 -72.988466,-14.538007 -72.988393,-14.53792 -72.988373,-14.537871 -72.988356,-14.53785 -72.988328,-14.537776 -72.988272,-14.537699 -72.988241,-14.537641 -72.9882,-14.537592 -72.988179,-14.537503 -72.988122,-14.537369 -72.988102,-14.537289 -72.988105,-14.537248 -72.988075,-14.537182 -72.988073,-14.537134 -72.988042,-14.537092 -72.988012,-14.536948 -72.987998,-14.536925 -72.987984,-14.53684 -72.987983,-14.536769 -72.987968,-14.536714 -72.987945,-14.536655 -72.987931,-14.536638 -72.987921,-14.536572 -72.987901,-14.536519 -72.987884,-14.536488 -72.987861,-14.536466 -72.987876,-14.536425 -72.987854,-14.53638 -72.987847,-14.536318 -72.98783,-14.536276 -72.987807,-14.536246 -72.987797,-14.536199 -72.987769,-14.536165 -72.987756,-14.536114 -72.987726,-14.536093 -72.987697,-14.535966 -72.987698,-14.535924 -72.98768,-14.535887 -72.987685,-14.53587 -72.987696,-14.535868 -72.987692,-14.535848 -72.987679,-14.535833 -72.987647,-14.535747 -72.987634,-14.535727 -72.987615,-14.535714 -72.987612,-14.535699 -72.987624,-14.535675 -72.987618,-14.535652 -72.987623,-14.53565 -72.987611,-14.535641 -72.987566,-14.535542 -72.987565,-14.535507 -72.98753,-14.535424 -72.987531,-14.535373 -72.987524,-14.535343 -72.987483,-14.535256 -72.987465,-14.535195 -72.987463,-14.535163 -72.987423,-14.535087 -72.9874,-14.535068 -72.98739,-14.535042 -72.987375,-14.535028 -72.987365,-14.534997 -72.987356,-14.534892 -72.987337,-14.534831 -72.987311,-14.534781 -72.98728,-14.534784 -72.987222,-14.534773 -72.98717,-14.534779 -72.987059,-14.534821 -72.986881,-14.534917 -72.986832,-14.53493 -72.986837,-14.534918 -72.986801,-14.534918 -72.986684,-14.534961 -72.986668,-14.534952 -72.986605,-14.534958 -72.986558,-14.534947 -72.986496,-14.534946 -72.986444,-14.534921 -72.986359,-14.534898 -72.986295,-14.534899 -72.986207,-14.53489 -72.98617,-14.534879 -72.986158,-14.534884 -72.986077,-14.534874 -72.985992,-14.534888 -72.9859170447915,-14.5349387014761</coordinates></LineString></MultiGeometry>
  </Placemark>
  <Placemark id="Route.9">
	<name>24 julio</name>
	<description>&lt;b&gt;Descripción:&lt;/b&gt; Ida&lt;br&gt;&lt;b&gt;Inicio:&lt;/b&gt; 2007-07-24 10:38:09&lt;br&gt;&lt;b&gt;Fin:&lt;/b&gt; 2007-07-24 16:08:01&lt;br&gt;&lt;b&gt;Duración:&lt;/b&gt; 5.5 horas&lt;br&gt;</description>
	<Style><LineStyle><color>FF2ca033</color><width>4.25196</width></LineStyle><PolyStyle><fill>0</fill></PolyStyle></Style>
	<ExtendedData><SchemaData schemaUrl="#Route">
		<SimpleData name="fid">13</SimpleData>
		<SimpleData name="duracion">5.5</SimpleData>
		<SimpleData name="inicio_local">2007-07-24 10:38:09</SimpleData>
		<SimpleData name="fin_local">2007-07-24 16:08:01</SimpleData>
		<SimpleData name="nombre">24 julio</SimpleData>
		<SimpleData name="descrip">Ida</SimpleData>
	</SchemaData></ExtendedData>
      <MultiGeometry><LineString><coordinates>-72.9859119977191,-14.5349331136455 -72.985956,-14.534879 -72.986058,-14.534803 -72.986127,-14.534699 -72.986146,-14.534691 -72.986218,-14.534627 -72.986305,-14.53453 -72.986338,-14.534502 -72.986436,-14.534455 -72.986453,-14.53442 -72.986453,-14.5344 -72.986493,-14.534368 -72.986507,-14.534343 -72.986536,-14.534315 -72.986569,-14.534241 -72.986626,-14.534174 -72.986672,-14.534133 -72.986677,-14.534095 -72.986699,-14.534082 -72.986725,-14.534046 -72.986736,-14.534008 -72.986731,-14.533974 -72.986759,-14.533871 -72.98677,-14.533857 -72.986774,-14.533785 -72.986794,-14.533751 -72.986791,-14.533733 -72.986799,-14.533706 -72.986821,-14.533685 -72.986824,-14.533635 -72.986843,-14.533607 -72.986833,-14.533586 -72.986831,-14.533544 -72.986846,-14.533518 -72.986847,-14.533451 -72.986813,-14.533398 -72.986794,-14.533396 -72.986759,-14.533352 -72.986694,-14.533315 -72.98664,-14.533246 -72.986576,-14.533188 -72.986518,-14.533123 -72.986462,-14.533092 -72.986414,-14.533023 -72.986351,-14.532961 -72.986345,-14.532941 -72.986284,-14.532857 -72.986266,-14.532842 -72.986239,-14.532794 -72.9862,-14.532767 -72.986164,-14.532724 -72.986139,-14.532718 -72.986131,-14.5327 -72.986099,-14.532674 -72.986059,-14.532577 -72.986017,-14.532526 -72.986011,-14.532421 -72.985984,-14.532341 -72.985958,-14.532306 -72.985912,-14.532202 -72.98589,-14.532169 -72.985859,-14.532087 -72.985862,-14.532059 -72.985833,-14.531979 -72.985832,-14.531929 -72.985809,-14.531852 -72.985787,-14.531809 -72.985763,-14.531719 -72.985725,-14.53167 -72.985686,-14.531567 -72.985686,-14.53155 -72.985647,-14.5315 -72.985639,-14.531448 -72.985648,-14.531379 -72.985629,-14.531287 -72.985639,-14.531249 -72.985633,-14.531231 -72.985637,-14.531109 -72.985607,-14.531062 -72.985603,-14.531033 -72.985579,-14.531018 -72.985535,-14.530968 -72.985528,-14.530929 -72.985509,-14.530916 -72.985502,-14.530875 -72.985466,-14.530864 -72.985443,-14.530869 -72.98543,-14.530854 -72.985444,-14.530794 -72.98544,-14.530776 -72.985408,-14.53074 -72.985379,-14.530686 -72.985371,-14.530603 -72.985375,-14.530559 -72.985426,-14.53043 -72.985452,-14.530392 -72.985468,-14.530325 -72.985475,-14.530182 -72.985459,-14.530141 -72.985441,-14.530128 -72.985421,-14.530009 -72.9854,-14.529968 -72.985392,-14.52991 -72.985364,-14.529887 -72.985342,-14.529849 -72.985313,-14.529828 -72.9853,-14.529809 -72.98527,-14.529792 -72.985225,-14.529737 -72.985198,-14.529713 -72.985162,-14.529697 -72.985148,-14.52968 -72.985036,-14.529659 -72.985,-14.529637 -72.984902,-14.529614 -72.984854,-14.529584 -72.984801,-14.529576 -72.984771,-14.52955 -72.98473,-14.52953 -72.984601,-14.529402 -72.984544,-14.529369 -72.984528,-14.529348 -72.984491,-14.529329 -72.984456,-14.529294 -72.984393,-14.529258 -72.984375,-14.529235 -72.98439,-14.529216 -72.98437,-14.529206 -72.984368,-14.529174 -72.984359,-14.529155 -72.984296,-14.529119 -72.984276,-14.529085 -72.984255,-14.529074 -72.984232,-14.529042 -72.984181,-14.529026 -72.984089,-14.528928 -72.984039,-14.528904 -72.984005,-14.52885 -72.983896,-14.52878 -72.983824,-14.528711 -72.983814,-14.528674 -72.983777,-14.528608 -72.983729,-14.528468 -72.983702,-14.528433 -72.983674,-14.528375 -72.983679,-14.528338 -72.983667,-14.528302 -72.983638,-14.528267 -72.983623,-14.528218 -72.983586,-14.528185 -72.983558,-14.52809 -72.983543,-14.527995 -72.983525,-14.527944 -72.983525,-14.527906 -72.983514,-14.527895 -72.983509,-14.527759 -72.983492,-14.527676 -72.983501,-14.527595 -72.983489,-14.527484 -72.983474,-14.527442 -72.983477,-14.527392 -72.983471,-14.527376 -72.983465,-14.527246 -72.98345,-14.527202 -72.983451,-14.527139 -72.983442,-14.527109 -72.983456,-14.527022 -72.983468,-14.526992 -72.983459,-14.526841 -72.983472,-14.5268 -72.983469,-14.526714 -72.983479,-14.526549 -72.983499,-14.526442 -72.983494,-14.526411 -72.983482,-14.526396 -72.983477,-14.526321 -72.983452,-14.526261 -72.983443,-14.526207 -72.983431,-14.526195 -72.983394,-14.526105 -72.983377,-14.5261 -72.983348,-14.526067 -72.983264,-14.526028 -72.983227,-14.525997 -72.98318,-14.525921 -72.9831,-14.525838 -72.983043,-14.52579 -72.982979,-14.525687 -72.982947,-14.525652 -72.982914,-14.525622 -72.982867,-14.525603 -72.982856,-14.525585 -72.982837,-14.525572 -72.982812,-14.525563 -72.982758,-14.525559 -72.982616,-14.525522 -72.982539,-14.525464 -72.98251,-14.52545 -72.982428,-14.525434 -72.982392,-14.525417 -72.982314,-14.525415 -72.982279,-14.5254 -72.982171,-14.525391 -72.982024,-14.525362 -72.981902,-14.525386 -72.981867,-14.525367 -72.981847,-14.525369 -72.98176,-14.525339 -72.981727,-14.525324 -72.981712,-14.525307 -72.98166,-14.525293 -72.981629,-14.525267 -72.98159,-14.525248 -72.981577,-14.525222 -72.981547,-14.525206 -72.981538,-14.525189 -72.981494,-14.525155 -72.981347,-14.525087 -72.981292,-14.525085 -72.981239,-14.52507 -72.981176,-14.525045 -72.981127,-14.525014 -72.981074,-14.52502 -72.981036,-14.525007 -72.980932,-14.524999 -72.980887,-14.524984 -72.980841,-14.524987 -72.980756,-14.524953 -72.98053,-14.524912 -72.980487,-14.524891 -72.980464,-14.524893 -72.980406,-14.524859 -72.98035,-14.524847 -72.980304,-14.524816 -72.980295,-14.524791 -72.980223,-14.524729 -72.980171,-14.5247 -72.980118,-14.524653 -72.980088,-14.524638 -72.979981,-14.524542 -72.979959,-14.524528 -72.979914,-14.524516 -72.979834,-14.524453 -72.979831,-14.524438 -72.97982,-14.52443 -72.979783,-14.524303 -72.979772,-14.524293 -72.979671,-14.524272 -72.979577,-14.524224 -72.979536,-14.524194 -72.979504,-14.524182 -72.979473,-14.524148 -72.979444,-14.524041 -72.979403,-14.523983 -72.979394,-14.523861 -72.97937,-14.523838 -72.979319,-14.52376 -72.979288,-14.523738 -72.979248,-14.523654 -72.979216,-14.523623 -72.979207,-14.523599 -72.97913,-14.523501 -72.979123,-14.523463 -72.979113,-14.523449 -72.979008,-14.523381 -72.978904,-14.523284 -72.978806,-14.523178 -72.978752,-14.523093 -72.978702,-14.523054 -72.978646,-14.52299 -72.978638,-14.52297 -72.978576,-14.522919 -72.978545,-14.522869 -72.978491,-14.52281 -72.978487,-14.52277 -72.978475,-14.522746 -72.978479,-14.522719 -72.978465,-14.522661 -72.978427,-14.522583 -72.978217,-14.52241 -72.978203,-14.522377 -72.978177,-14.522359 -72.978128,-14.522343 -72.978047,-14.522263 -72.978033,-14.522208 -72.978041,-14.522129 -72.978029,-14.522063 -72.97804,-14.522029 -72.978024,-14.521981 -72.977997,-14.52196 -72.977959,-14.521914 -72.977953,-14.521866 -72.977937,-14.521833 -72.977941,-14.521815 -72.977913,-14.521735 -72.97792,-14.521727 -72.9779,-14.521701 -72.977868,-14.521677 -72.97784,-14.521668 -72.977826,-14.521648 -72.977791,-14.521628 -72.977776,-14.52163 -72.977714,-14.521609 -72.977692,-14.521611 -72.977619,-14.521569 -72.977483,-14.521442 -72.977435,-14.521378 -72.977367,-14.521322 -72.97736,-14.521305 -72.977282,-14.52127 -72.977246,-14.521238 -72.977196,-14.521143 -72.977184,-14.521096 -72.977121,-14.521013 -72.977096,-14.521001 -72.977031,-14.520933 -72.977007,-14.520901 -72.976998,-14.520871 -72.976968,-14.52082 -72.976879,-14.520742 -72.976849,-14.520702 -72.976804,-14.520683 -72.976754,-14.520644 -72.976748,-14.520621 -72.976723,-14.520588 -72.9767,-14.520539 -72.976656,-14.520482 -72.976493,-14.520368 -72.97645,-14.520349 -72.976413,-14.520317 -72.976315,-14.520196 -72.976287,-14.520138 -72.976187,-14.520052 -72.976185,-14.52004 -72.976145,-14.52 -72.976062,-14.51994 -72.975942,-14.519835 -72.975925,-14.519801 -72.975866,-14.519771 -72.975851,-14.519727 -72.975814,-14.519686 -72.975768,-14.519652 -72.975739,-14.519593 -72.975701,-14.519565 -72.975617,-14.519482 -72.975609,-14.519456 -72.97559,-14.519446 -72.975515,-14.51935 -72.975481,-14.519323 -72.975467,-14.519288 -72.975444,-14.519259 -72.975407,-14.519165 -72.975363,-14.519136 -72.97531,-14.519078 -72.975287,-14.519076 -72.975232,-14.519033 -72.975173,-14.519006 -72.975154,-14.518984 -72.975074,-14.518941 -72.975067,-14.518915 -72.975043,-14.518875 -72.974993,-14.518834 -72.97493,-14.518806 -72.974903,-14.518786 -72.974883,-14.51876 -72.974885,-14.518747 -72.974854,-14.518733 -72.974835,-14.518693 -72.974648,-14.518505 -72.974541,-14.518332 -72.974519,-14.518254 -72.974481,-14.518184 -72.974447,-14.518163 -72.974426,-14.518115 -72.974408,-14.51811 -72.974378,-14.518052 -72.974375,-14.51803 -72.974348,-14.518017 -72.974307,-14.517934 -72.974264,-14.517884 -72.974229,-14.517815 -72.974168,-14.517763 -72.974132,-14.51768 -72.974125,-14.517637 -72.974115,-14.517627 -72.974103,-14.517536 -72.974095,-14.517539 -72.974089,-14.517477 -72.974046,-14.517292 -72.974045,-14.517242 -72.974036,-14.517213 -72.974019,-14.51717 -72.974003,-14.517156 -72.973983,-14.517093 -72.973954,-14.517034 -72.973943,-14.516975 -72.973947,-14.516952 -72.973941,-14.516933 -72.973923,-14.516926 -72.973918,-14.516913 -72.973918,-14.516864 -72.973884,-14.516823 -72.973888,-14.516793 -72.973867,-14.516725 -72.973846,-14.516677 -72.973812,-14.516646 -72.973801,-14.516549 -72.973769,-14.516494 -72.973759,-14.516488 -72.97374,-14.516416 -72.973736,-14.516368 -72.973722,-14.51635 -72.973714,-14.516317 -72.973706,-14.516308 -72.973699,-14.51631 -72.973689,-14.516301 -72.973685,-14.516298 -72.973692,-14.516308 -72.973692,-14.516305 -72.97369,-14.5163 -72.97369,-14.516299 -72.973693,-14.516294 -72.973709,-14.516309 -72.97372,-14.516306 -72.973741,-14.516291 -72.973733,-14.516296 -72.973717,-14.516297 -72.973724,-14.516298 -72.973736,-14.516296 -72.973737,-14.516296 -72.973735,-14.516296 -72.973736,-14.516296 -72.973736,-14.516296 -72.973735,-14.516296 -72.973735,-14.516296 -72.973735,-14.516296 -72.973734,-14.516295 -72.973731,-14.516295 -72.973731,-14.516294 -72.97373,-14.516295 -72.973729,-14.516294 -72.973728,-14.516295 -72.973725,-14.516286 -72.973729,-14.516246 -72.973699,-14.516196 -72.973704,-14.516138 -72.973698,-14.51611 -72.973684,-14.516091 -72.973662,-14.516084 -72.973651,-14.51604 -72.973635,-14.516023 -72.973632,-14.51591 -72.973587,-14.515743 -72.973559,-14.515702 -72.973551,-14.515669 -72.973533,-14.515658 -72.973522,-14.515614 -72.973481,-14.515515 -72.973428,-14.515458 -72.97341,-14.51539 -72.973366,-14.515327 -72.973332,-14.515178 -72.973285,-14.515057 -72.973282,-14.515016 -72.973264,-14.514968 -72.973245,-14.514876 -72.973213,-14.514846 -72.973188,-14.514794 -72.973142,-14.51475 -72.973115,-14.514707 -72.973073,-14.514679 -72.973053,-14.514652 -72.97305,-14.51463 -72.973,-14.514583 -72.972988,-14.514556 -72.972968,-14.514549 -72.972934,-14.514481 -72.972889,-14.514447 -72.972882,-14.514432 -72.972838,-14.514392 -72.972814,-14.514378 -72.972711,-14.514265 -72.972649,-14.514221 -72.97263,-14.514185 -72.972594,-14.514175 -72.972546,-14.514139 -72.972549,-14.514126 -72.972508,-14.514062 -72.972513,-14.514021 -72.972492,-14.51399 -72.972497,-14.513983 -72.97249,-14.513959 -72.972488,-14.513846 -72.972495,-14.51379 -72.972509,-14.513774 -72.972512,-14.513729 -72.972532,-14.513707 -72.972531,-14.513644 -72.972512,-14.51359 -72.972517,-14.513568 -72.972503,-14.513549 -72.972493,-14.51347 -72.972474,-14.513433 -72.972464,-14.51333 -72.972401,-14.513181 -72.972361,-14.512976 -72.972343,-14.512932 -72.972341,-14.512884 -72.972344,-14.512863 -72.972368,-14.512819 -72.972396,-14.512792 -72.972419,-14.512751 -72.97244,-14.51269 -72.97245,-14.512615 -72.972431,-14.512574 -72.972434,-14.512559 -72.972393,-14.512498 -72.972402,-14.512483 -72.972398,-14.512471 -72.97236,-14.512426 -72.972358,-14.512383 -72.972339,-14.512313 -72.972267,-14.512191 -72.972239,-14.512108 -72.972207,-14.512056 -72.972207,-14.512033 -72.972186,-14.511955 -72.97217,-14.511939 -72.972137,-14.511846 -72.972098,-14.51178 -72.972095,-14.511737 -72.972118,-14.51167 -72.972109,-14.511634 -72.972092,-14.511615 -72.972046,-14.511495 -72.972005,-14.511459 -72.971985,-14.511421 -72.971984,-14.511394 -72.971957,-14.51135 -72.971952,-14.511329 -72.97189,-14.511256 -72.971837,-14.511145 -72.971792,-14.51109 -72.971801,-14.511018 -72.971768,-14.510953 -72.97177,-14.510829 -72.971762,-14.510779 -72.971736,-14.51071 -72.971749,-14.510681 -72.971723,-14.510615 -72.971693,-14.510574 -72.971686,-14.510532 -72.97169,-14.510511 -72.971679,-14.510466 -72.97169,-14.510423 -72.971682,-14.510402 -72.971685,-14.510378 -72.971665,-14.510333 -72.971674,-14.510257 -72.971659,-14.510186 -72.97166,-14.510129 -72.971651,-14.510095 -72.97164,-14.509933 -72.971658,-14.509891 -72.971659,-14.50981 -72.971669,-14.509741 -72.971658,-14.509662 -72.971669,-14.509614 -72.971644,-14.509569 -72.97164,-14.509535 -72.97161,-14.509486 -72.971612,-14.5094 -72.971584,-14.509352 -72.971563,-14.509288 -72.971528,-14.509235 -72.971518,-14.509198 -72.97147,-14.509138 -72.971391,-14.509013 -72.971399,-14.508966 -72.971392,-14.508903 -72.971369,-14.508854 -72.971362,-14.508753 -72.971393,-14.508671 -72.971402,-14.508617 -72.971363,-14.508498 -72.971361,-14.508442 -72.971368,-14.5084 -72.971361,-14.508344 -72.971369,-14.508318 -72.971351,-14.508254 -72.971342,-14.508152 -72.971326,-14.508112 -72.971308,-14.508091 -72.971309,-14.508059 -72.971283,-14.50803 -72.97126,-14.507915 -72.971212,-14.507845 -72.971209,-14.507788 -72.971184,-14.507759 -72.971172,-14.50772 -72.971175,-14.507689 -72.971153,-14.507598 -72.971162,-14.507541 -72.971146,-14.507493 -72.971155,-14.507328 -72.971095,-14.50714 -72.971095,-14.507076 -72.971059,-14.506996 -72.971056,-14.506974 -72.971063,-14.506955 -72.971053,-14.506904 -72.971069,-14.506851 -72.971027,-14.506744 -72.971027,-14.506722 -72.97101,-14.506683 -72.971007,-14.506645 -72.970994,-14.50661 -72.971023,-14.506559 -72.971032,-14.506528 -72.971024,-14.506453 -72.971012,-14.506425 -72.970996,-14.506413 -72.970982,-14.50642 -72.970952,-14.50642 -72.970926,-14.506431 -72.970928,-14.506437 -72.97092,-14.506429 -72.970902,-14.506397 -72.970906,-14.506354 -72.970875,-14.506319 -72.970845,-14.506264 -72.970836,-14.506162 -72.970865,-14.506063 -72.970849,-14.50599 -72.970852,-14.505969 -72.970832,-14.505914 -72.970836,-14.505882 -72.970851,-14.505836 -72.970898,-14.505781 -72.970908,-14.505742 -72.970939,-14.505698 -72.97094,-14.505662 -72.970967,-14.505592 -72.970965,-14.505568 -72.970981,-14.505535 -72.970991,-14.505484 -72.970982,-14.505466 -72.970987,-14.505384 -72.970982,-14.505358 -72.971033,-14.505263 -72.971044,-14.505163 -72.971067,-14.505096 -72.97106,-14.505016 -72.971067,-14.504997 -72.971065,-14.504954 -72.971102,-14.504849 -72.971055,-14.504772 -72.971051,-14.504733 -72.971033,-14.504705 -72.97101,-14.504635 -72.970978,-14.504571 -72.97099,-14.504514 -72.970954,-14.504407 -72.970961,-14.504387 -72.970958,-14.504348 -72.97093,-14.504282 -72.970924,-14.504228 -72.970896,-14.504147 -72.970898,-14.504111 -72.970888,-14.504095 -72.970867,-14.503945 -72.970832,-14.503829 -72.970802,-14.503802 -72.97073,-14.503685 -72.970721,-14.503655 -72.970717,-14.503587 -72.970688,-14.503529 -72.970688,-14.503486 -72.970681,-14.503468 -72.970652,-14.503433 -72.970633,-14.50336 -72.970604,-14.503335 -72.970525,-14.503182 -72.970513,-14.503105 -72.970446,-14.50296 -72.970338,-14.502858 -72.970288,-14.502844 -72.970261,-14.502773 -72.970222,-14.502731 -72.970209,-14.502683 -72.970204,-14.502602 -72.970171,-14.502496 -72.970179,-14.502438 -72.970161,-14.50236 -72.97014,-14.502323 -72.970145,-14.502291 -72.970137,-14.50226 -72.970136,-14.502142 -72.970166,-14.502055 -72.970152,-14.502 -72.970169,-14.501959 -72.970183,-14.501891 -72.970167,-14.501865 -72.970162,-14.50184 -72.970165,-14.501788 -72.970151,-14.501706 -72.970163,-14.501629 -72.97016,-14.501585 -72.970139,-14.501555 -72.970161,-14.501483 -72.970143,-14.501413 -72.970152,-14.501368 -72.970132,-14.501305 -72.97015,-14.501264 -72.970128,-14.501174 -72.970132,-14.501146 -72.970125,-14.501115 -72.970135,-14.501081 -72.970131,-14.501063 -72.97014,-14.501014 -72.970124,-14.500945 -72.970122,-14.500879 -72.970103,-14.500822 -72.970098,-14.500747 -72.970071,-14.500701 -72.970076,-14.500677 -72.970057,-14.500572 -72.970049,-14.500543 -72.970018,-14.500502 -72.970023,-14.500445 -72.970012,-14.5004 -72.969986,-14.500363 -72.96995,-14.500276 -72.969944,-14.500253 -72.969953,-14.500247 -72.969945,-14.500232 -72.969941,-14.500217 -72.969938,-14.500213 -72.969938,-14.500212 -72.969952,-14.500227 -72.969933,-14.500216 -72.969915,-14.500215 -72.9699,-14.500203 -72.9699,-14.500192 -72.969901,-14.500191 -72.969902,-14.500191 -72.9699,-14.500182 -72.969903,-14.500188 -72.969905,-14.500192 -72.969904,-14.50019 -72.969903,-14.50019 -72.969903,-14.500191 -72.969901,-14.500191 -72.969888,-14.500188 -72.969881,-14.500189 -72.969878,-14.500075 -72.96987,-14.500047 -72.969858,-14.500033 -72.969857,-14.499999 -72.969818,-14.499938 -72.969823,-14.499907 -72.969839,-14.499887 -72.969837,-14.499784 -72.969851,-14.499734 -72.96989,-14.499664 -72.969923,-14.499629 -72.969939,-14.499571 -72.969974,-14.49951 -72.969991,-14.499448 -72.970002,-14.499432 -72.970057,-14.499402 -72.970069,-14.49937 -72.970067,-14.49933 -72.970022,-14.499369 -72.969969,-14.499375 -72.969925,-14.499353 -72.969832,-14.499403 -72.969738,-14.499361 -72.96973,-14.499345 -72.969736,-14.499326 -72.969729,-14.499329 -72.969725,-14.499321 -72.9697,-14.499346 -72.969671,-14.499347 -72.969608,-14.499328 -72.969551,-14.499298 -72.969324,-14.49923 -72.969272,-14.499231 -72.969212,-14.499194 -72.969115,-14.499184 -72.969056,-14.499205 -72.96898,-14.499247 -72.968885,-14.499316 -72.968813,-14.499344 -72.968787,-14.499344 -72.968742,-14.499321 -72.968724,-14.499294 -72.968639,-14.499209 -72.968594,-14.499185 -72.968502,-14.499157 -72.968476,-14.499131 -72.968455,-14.499123 -72.968402,-14.499123 -72.968361,-14.499113 -72.968284,-14.499081 -72.968195,-14.498978 -72.968166,-14.49892 -72.96817,-14.498881 -72.968107,-14.498829 -72.968034,-14.498795 -72.968012,-14.498773 -72.967975,-14.49869 -72.967943,-14.498656 -72.96791,-14.498642 -72.96788,-14.498641 -72.967826,-14.498613 -72.967774,-14.498569 -72.967739,-14.498519 -72.96768,-14.498475 -72.967676,-14.498464 -72.967686,-14.498447 -72.96768,-14.498422 -72.967645,-14.498371 -72.967623,-14.49835 -72.967604,-14.498353 -72.967581,-14.498334 -72.967498,-14.4982 -72.967405,-14.498144 -72.967356,-14.498058 -72.967317,-14.498029 -72.967292,-14.498022 -72.967213,-14.49792 -72.967192,-14.497906 -72.967146,-14.497906 -72.967104,-14.497888 -72.96697,-14.4978 -72.966863,-14.497758 -72.966845,-14.497739 -72.966773,-14.497706 -72.966742,-14.497707 -72.966718,-14.497699 -72.96668,-14.497704 -72.966617,-14.497693 -72.966562,-14.497656 -72.966523,-14.497643 -72.966471,-14.497603 -72.966442,-14.497567 -72.96644,-14.497447 -72.96642,-14.497412 -72.966422,-14.497348 -72.966399,-14.497267 -72.966355,-14.49722 -72.96632,-14.497198 -72.96623,-14.497168 -72.966224,-14.497148 -72.966184,-14.497099 -72.966143,-14.497063 -72.966056,-14.497016 -72.966007,-14.496961 -72.965937,-14.496828 -72.965894,-14.496777 -72.965896,-14.496743 -72.965859,-14.496701 -72.965812,-14.496668 -72.965782,-14.496619 -72.965778,-14.496592 -72.965693,-14.496473 -72.965627,-14.496312 -72.965555,-14.496231 -72.965543,-14.496197 -72.96551,-14.496154 -72.965485,-14.496147 -72.965454,-14.496108 -72.965414,-14.496093 -72.965379,-14.496063 -72.965295,-14.495874 -72.965227,-14.495798 -72.965217,-14.495715 -72.965203,-14.495707 -72.965179,-14.495665 -72.965167,-14.495606 -72.965157,-14.495589 -72.96507,-14.495478 -72.964966,-14.495405 -72.964836,-14.495349 -72.964823,-14.495332 -72.964806,-14.495291 -72.964809,-14.495269 -72.964824,-14.495261 -72.964796,-14.495175 -72.964722,-14.495009 -72.964669,-14.494918 -72.964565,-14.494793 -72.964518,-14.494766 -72.964469,-14.494751 -72.964363,-14.49476 -72.964315,-14.494751 -72.964291,-14.494738 -72.964288,-14.494713 -72.964304,-14.494675 -72.964331,-14.494652 -72.964376,-14.494572 -72.964486,-14.494435 -72.96451,-14.494313 -72.964505,-14.494276 -72.964493,-14.494251 -72.964499,-14.494179 -72.964507,-14.494156 -72.964529,-14.494133 -72.96455,-14.494068 -72.964572,-14.494036 -72.96457,-14.494004 -72.964582,-14.493985 -72.964583,-14.493931 -72.964567,-14.493915 -72.964538,-14.493914 -72.964506,-14.493928 -72.964482,-14.49393 -72.964379,-14.493927 -72.964346,-14.493919 -72.964312,-14.493929 -72.964216,-14.493937 -72.964168,-14.493933 -72.964069,-14.493972 -72.963992,-14.493961 -72.963885,-14.493916 -72.96387,-14.4939 -72.963877,-14.493889 -72.963875,-14.493875 -72.963853,-14.493845 -72.96386,-14.49384 -72.963855,-14.493834 -72.963773,-14.493785 -72.963729,-14.493737 -72.963634,-14.493695 -72.963608,-14.493662 -72.963562,-14.493641 -72.963532,-14.493602 -72.963508,-14.493544 -72.963422,-14.49344 -72.963402,-14.493422 -72.963329,-14.493391 -72.963279,-14.493353 -72.963249,-14.493313 -72.963153,-14.493143 -72.963048,-14.493042 -72.962992,-14.492921 -72.962916,-14.492864 -72.962843,-14.492839 -72.962773,-14.492802 -72.962751,-14.492781 -72.96273,-14.492705 -72.962716,-14.492684 -72.962679,-14.492661 -72.962564,-14.492631 -72.962538,-14.492602 -72.962527,-14.492568 -72.962505,-14.492539 -72.962478,-14.492532 -72.962418,-14.492536 -72.962363,-14.492527 -72.962313,-14.492502 -72.962291,-14.492485 -72.962279,-14.492465 -72.962251,-14.492405 -72.96225,-14.492378 -72.962262,-14.492356 -72.962247,-14.492298 -72.96215,-14.492183 -72.962139,-14.492141 -72.96209,-14.492054 -72.962092,-14.492028 -72.96208,-14.491984 -72.962043,-14.491936 -72.962028,-14.491924 -72.962005,-14.491919 -72.961999,-14.491879 -72.962013,-14.491879 -72.962013,-14.491863 -72.961999,-14.491793 -72.961929,-14.491723 -72.961926,-14.49163 -72.961937,-14.491563 -72.961935,-14.491545 -72.961905,-14.491503 -72.9619,-14.491477 -72.961902,-14.491277 -72.961878,-14.491245 -72.961828,-14.491084 -72.961805,-14.491051 -72.961767,-14.491035 -72.961765,-14.491021 -72.961772,-14.490993 -72.961788,-14.490974 -72.961782,-14.490958 -72.961798,-14.49094 -72.961788,-14.490837 -72.961815,-14.490759 -72.961815,-14.490708 -72.961805,-14.490677 -72.961779,-14.490637 -72.961769,-14.490592 -72.961739,-14.490516 -72.961714,-14.490499 -72.961701,-14.490459 -72.961653,-14.490433 -72.961624,-14.490389 -72.961583,-14.490349 -72.961524,-14.490248 -72.961456,-14.490166 -72.96139,-14.490105 -72.961388,-14.490062 -72.961399,-14.490031 -72.961416,-14.490024 -72.961428,-14.490006 -72.961494,-14.489977 -72.961556,-14.48993 -72.961632,-14.489858 -72.961649,-14.489806 -72.961665,-14.489721 -72.961583,-14.489693 -72.961557,-14.489657 -72.961567,-14.489593 -72.961594,-14.489528 -72.961586,-14.489492 -72.961567,-14.489479 -72.961504,-14.489487 -72.961473,-14.489479 -72.961436,-14.489449 -72.961411,-14.489398 -72.961396,-14.489391 -72.961378,-14.489361 -72.96128,-14.489304 -72.961188,-14.489273 -72.96115,-14.489252 -72.961091,-14.489235 -72.96104,-14.489232 -72.960968,-14.489194 -72.960925,-14.489158 -72.960859,-14.489123 -72.96078,-14.489051 -72.960749,-14.489038 -72.96069,-14.489039 -72.960659,-14.489024 -72.960647,-14.489005 -72.960633,-14.488952 -72.960637,-14.488901 -72.960579,-14.488727 -72.960568,-14.488651 -72.960568,-14.488593 -72.960578,-14.488536 -72.960602,-14.48846 -72.960589,-14.488342 -72.960559,-14.4883 -72.960563,-14.488284 -72.960541,-14.488246 -72.960541,-14.488222 -72.960531,-14.488213 -72.96047,-14.488198 -72.960447,-14.48817 -72.960444,-14.488126 -72.96046,-14.488096 -72.960482,-14.488075 -72.9605,-14.488009 -72.96048,-14.487967 -72.960431,-14.487912 -72.960374,-14.48777 -72.960383,-14.4877 -72.960366,-14.487606 -72.960338,-14.487556 -72.960318,-14.487489 -72.960184,-14.487425 -72.960086,-14.487297 -72.96006,-14.487241 -72.959872,-14.48712 -72.959841,-14.48709 -72.959778,-14.487066 -72.959637,-14.486987 -72.959547,-14.486859 -72.959514,-14.486827 -72.959515,-14.486809 -72.959494,-14.48677 -72.959414,-14.486672 -72.959358,-14.486567 -72.959318,-14.486513 -72.959322,-14.486485 -72.959307,-14.486406 -72.959314,-14.486378 -72.959281,-14.48627 -72.959259,-14.486235 -72.959267,-14.48621 -72.959263,-14.486194 -72.959258,-14.4862 -72.959251,-14.486196 -72.959239,-14.486116 -72.959239,-14.486066 -72.959273,-14.486017 -72.959286,-14.485945 -72.959273,-14.48585 -72.959288,-14.485773 -72.959271,-14.485722 -72.959164,-14.485661 -72.959011,-14.485619 -72.958989,-14.485606 -72.958983,-14.48559 -72.958967,-14.48553 -72.958971,-14.485494 -72.959023,-14.485422 -72.959038,-14.485296 -72.959068,-14.485207 -72.959065,-14.485101 -72.959072,-14.485078 -72.959028,-14.485024 -72.959007,-14.484983 -72.959036,-14.484858 -72.959027,-14.484854 -72.959051,-14.484816 -72.959128,-14.484751 -72.959143,-14.484696 -72.959141,-14.48465 -72.959122,-14.484604 -72.959052,-14.484553 -72.959028,-14.484526 -72.958948,-14.484368 -72.958851,-14.484289 -72.958842,-14.484272 -72.95884,-14.484234 -72.958874,-14.484148 -72.958873,-14.48412 -72.958871,-14.484097 -72.958821,-14.483984 -72.958814,-14.483937 -72.958817,-14.483918 -72.958854,-14.483871 -72.958877,-14.483805 -72.958876,-14.483716 -72.958898,-14.48365 -72.958975,-14.483587 -72.958998,-14.483552 -72.959045,-14.483504 -72.959051,-14.483483 -72.959045,-14.483449 -72.959025,-14.483434 -72.959025,-14.483421 -72.959036,-14.48339 -72.959039,-14.483378 -72.959039,-14.483377 -72.959035,-14.483383 -72.959012,-14.483352 -72.958998,-14.483346 -72.959003,-14.483311 -72.958985,-14.483235 -72.958987,-14.483206 -72.958965,-14.483157 -72.958944,-14.483082 -72.958946,-14.483027 -72.95894,-14.483004 -72.958947,-14.482964 -72.958926,-14.482877 -72.958924,-14.482821 -72.958906,-14.482781 -72.958907,-14.482704 -72.958892,-14.482656 -72.958901,-14.482448 -72.958874,-14.482382 -72.958877,-14.482338 -72.958864,-14.482282 -72.95887,-14.482232 -72.958848,-14.48205 -72.95884,-14.482038 -72.958874,-14.481928 -72.958883,-14.481767 -72.95891,-14.481734 -72.958945,-14.481656 -72.958942,-14.481511 -72.958983,-14.481437 -72.958992,-14.481368 -72.958981,-14.481319 -72.95892,-14.481217 -72.958917,-14.481194 -72.958878,-14.481142 -72.958864,-14.481059 -72.958843,-14.481009 -72.958825,-14.48088 -72.958829,-14.480845 -72.958821,-14.480826 -72.958839,-14.480777 -72.958836,-14.48075 -72.958847,-14.480704 -72.958838,-14.480656 -72.958861,-14.480604 -72.958834,-14.480523 -72.958814,-14.480499 -72.958797,-14.480461 -72.958758,-14.48041 -72.958607,-14.480299 -72.958501,-14.480205 -72.95848,-14.4802 -72.958333,-14.480114 -72.958318,-14.480096 -72.958274,-14.480067 -72.958249,-14.480066 -72.958207,-14.480048 -72.958087,-14.47997 -72.958066,-14.479945 -72.958,-14.479911 -72.957907,-14.479905 -72.957857,-14.479863 -72.95786,-14.479829 -72.95782,-14.479764 -72.957817,-14.47974 -72.957824,-14.479723 -72.957772,-14.4796 -72.957764,-14.479569 -72.957765,-14.479517 -72.957753,-14.479482 -72.957753,-14.479453 -72.957782,-14.479399 -72.957733,-14.47934 -72.957726,-14.479297 -72.957735,-14.479276 -72.957716,-14.4792 -72.957736,-14.479116 -72.957728,-14.478981 -72.95774,-14.478895 -72.957734,-14.478879 -72.957743,-14.478871 -72.957711,-14.478806 -72.957716,-14.478782 -72.957705,-14.478748 -72.957677,-14.478725 -72.957659,-14.478726 -72.957659,-14.478725 -72.957659,-14.478725 -72.957659,-14.478725 -72.957659,-14.478725 -72.957659,-14.478725 -72.957658,-14.478725 -72.957657,-14.478725 -72.957657,-14.478724 -72.957654,-14.478724 -72.957654,-14.478723 -72.957637,-14.478723 -72.957646,-14.478742 -72.957647,-14.478746 -72.957648,-14.478748 -72.957649,-14.478751 -72.957648,-14.478752 -72.957647,-14.478752 -72.957647,-14.478752 -72.957647,-14.478752 -72.957647,-14.478752 -72.95765,-14.478747 -72.95766,-14.478729 -72.957656,-14.478718 -72.957661,-14.478707 -72.957685,-14.478683 -72.957703,-14.478643 -72.95777,-14.478596 -72.957808,-14.478508 -72.957828,-14.478485 -72.957861,-14.478466 -72.957879,-14.478406 -72.957911,-14.47834 -72.957881,-14.478314 -72.957798,-14.478282 -72.957762,-14.47826 -72.957677,-14.47815 -72.957655,-14.478136 -72.957592,-14.478056 -72.95753,-14.477995 -72.957514,-14.477962 -72.95743,-14.477876 -72.957401,-14.477824 -72.957338,-14.477747 -72.957255,-14.477715 -72.957163,-14.477706 -72.957151,-14.47769 -72.957148,-14.477647 -72.95718,-14.4776 -72.957242,-14.477561 -72.957302,-14.477504 -72.95734,-14.477491 -72.957395,-14.477423 -72.957418,-14.47741 -72.957452,-14.47736 -72.957451,-14.47734 -72.957474,-14.477324 -72.957498,-14.477333 -72.95754,-14.477314 -72.957649,-14.477294 -72.957667,-14.477243 -72.957644,-14.477228 -72.957613,-14.477239 -72.957598,-14.477231 -72.95757,-14.477238 -72.957547,-14.477229 -72.957535,-14.47722 -72.957528,-14.477196 -72.957492,-14.477159 -72.957457,-14.477137 -72.957412,-14.477133 -72.957374,-14.477119 -72.957338,-14.477089 -72.957146,-14.477087 -72.957031,-14.477055 -72.956881,-14.477057 -72.956812,-14.47707 -72.9567,-14.477112 -72.956635,-14.477162 -72.956577,-14.477248 -72.956549,-14.47726 -72.956538,-14.477276 -72.956454,-14.477326 -72.956364,-14.477361 -72.956324,-14.477387 -72.956266,-14.477408 -72.956238,-14.477407 -72.956154,-14.477364 -72.956128,-14.477358 -72.956076,-14.477375 -72.95601,-14.477449 -72.95592,-14.4775 -72.955893,-14.477534 -72.955848,-14.477573 -72.955828,-14.477622 -72.955749,-14.477749 -72.955741,-14.477766 -72.95577,-14.47782 -72.955797,-14.47785 -72.955811,-14.477861 -72.955823,-14.477854 -72.955885,-14.477888 -72.955884,-14.477949 -72.95584,-14.478043 -72.955811,-14.478073 -72.955782,-14.478091 -72.955701,-14.478204 -72.95566,-14.478238 -72.955594,-14.478253 -72.955533,-14.478256 -72.955478,-14.478246 -72.955457,-14.478235 -72.955405,-14.478241 -72.955369,-14.47826 -72.955344,-14.478295 -72.955337,-14.478292 -72.955292,-14.478313 -72.955193,-14.478319 -72.955128,-14.478302 -72.955059,-14.478364 -72.954981,-14.47842 -72.954957,-14.478467 -72.954955,-14.478487 -72.954869,-14.478558 -72.95483,-14.478572 -72.954814,-14.478567 -72.954757,-14.478571 -72.954737,-14.478585 -72.954716,-14.478585 -72.954666,-14.478604 -72.954571,-14.478607 -72.954543,-14.478615 -72.954529,-14.478604 -72.95452,-14.478592 -72.954529,-14.4786 -72.954528,-14.4786 -72.954519,-14.478599 -72.954493,-14.478591 -72.95444,-14.478553 -72.954426,-14.478561 -72.954402,-14.478551 -72.954332,-14.478488 -72.954215,-14.478412 -72.954195,-14.478385 -72.954162,-14.478375 -72.954147,-14.478359 -72.954048,-14.478348 -72.954016,-14.47832 -72.953969,-14.478301 -72.953789,-14.478338 -72.953776,-14.478323 -72.953743,-14.478308 -72.953704,-14.478237 -72.95368,-14.47822 -72.953661,-14.478229 -72.953601,-14.47822 -72.953496,-14.478153 -72.953492,-14.47813 -72.95345,-14.478125 -72.953401,-14.478134 -72.953206,-14.478045 -72.953192,-14.478024 -72.953136,-14.478013 -72.95308,-14.477983 -72.953002,-14.477972 -72.952921,-14.47795 -72.952876,-14.477902 -72.952821,-14.477866 -72.952793,-14.477864 -72.952781,-14.477856 -72.952774,-14.477863 -72.952728,-14.477854 -72.952678,-14.477863 -72.952624,-14.477862 -72.952597,-14.477849 -72.952568,-14.477852 -72.952541,-14.477844 -72.952518,-14.477823 -72.95249,-14.477822 -72.952449,-14.477802 -72.952347,-14.477786 -72.952302,-14.477787 -72.952194,-14.477823 -72.952081,-14.477886 -72.952051,-14.477882 -72.951992,-14.477891 -72.951979,-14.477885 -72.951925,-14.477901 -72.951821,-14.477917 -72.951735,-14.477904 -72.951716,-14.477893 -72.951669,-14.477888 -72.951598,-14.477864 -72.951498,-14.477849 -72.951467,-14.47782 -72.951413,-14.477807 -72.951389,-14.47779 -72.951292,-14.477754 -72.951256,-14.477755 -72.951239,-14.477748 -72.95124,-14.477739 -72.951165,-14.477736 -72.951119,-14.477719 -72.951022,-14.477718 -72.950967,-14.477703 -72.950953,-14.47769 -72.950894,-14.477693 -72.950826,-14.477662 -72.950803,-14.477665 -72.950792,-14.477648 -72.950764,-14.477637 -72.950692,-14.47753 -72.950672,-14.477517 -72.950639,-14.477453 -72.950633,-14.477419 -72.950611,-14.477395 -72.950604,-14.477373 -72.950571,-14.477348 -72.950472,-14.477326 -72.950461,-14.477315 -72.950367,-14.477315 -72.95034,-14.477299 -72.950298,-14.477298 -72.950283,-14.477285 -72.950234,-14.477275 -72.950238,-14.477272 -72.950224,-14.477266 -72.950115,-14.477266 -72.950049,-14.477243 -72.949997,-14.477209 -72.949968,-14.477181 -72.949934,-14.477176 -72.949903,-14.477157 -72.949882,-14.477158 -72.949821,-14.477131 -72.949623,-14.47711 -72.949601,-14.477097 -72.949578,-14.477098 -72.949471,-14.477058 -72.949417,-14.477027 -72.949338,-14.477015 -72.94928,-14.476993 -72.949162,-14.476987 -72.949119,-14.476961 -72.949097,-14.476968 -72.949078,-14.476961 -72.949031,-14.476967 -72.949003,-14.476978 -72.948947,-14.476975 -72.948894,-14.476989 -72.948874,-14.476984 -72.948858,-14.476994 -72.948777,-14.476987 -72.948723,-14.476956 -72.948674,-14.476947 -72.948632,-14.476926 -72.94859,-14.476915 -72.94856,-14.476889 -72.948526,-14.476882 -72.948452,-14.476841 -72.948367,-14.47676 -72.948213,-14.476542 -72.948163,-14.47652 -72.948156,-14.476504 -72.948135,-14.476494 -72.948136,-14.476464 -72.94811,-14.47646 -72.948092,-14.476432 -72.948098,-14.476417 -72.948091,-14.476409 -72.948028,-14.476389 -72.948011,-14.476365 -72.947922,-14.476342 -72.947892,-14.47629 -72.947885,-14.476253 -72.947859,-14.476233 -72.947829,-14.476228 -72.94781,-14.476205 -72.947774,-14.47618 -72.947707,-14.476149 -72.94769,-14.476124 -72.94762,-14.476083 -72.947586,-14.476029 -72.947542,-14.475977 -72.947541,-14.475963 -72.94753,-14.475951 -72.947528,-14.475905 -72.947518,-14.475892 -72.947512,-14.475857 -72.947533,-14.475814 -72.947529,-14.475777 -72.94754,-14.475726 -72.947575,-14.475657 -72.947589,-14.475605 -72.947606,-14.475578 -72.947621,-14.475569 -72.947677,-14.475467 -72.94771,-14.475423 -72.94776,-14.475384 -72.947755,-14.475363 -72.947742,-14.475372 -72.947708,-14.475338 -72.947636,-14.475338 -72.947575,-14.475311 -72.947554,-14.475308 -72.947524,-14.475316 -72.947456,-14.475306 -72.947426,-14.475287 -72.947393,-14.475281 -72.947354,-14.475253 -72.947252,-14.475216 -72.947188,-14.475166 -72.947125,-14.475145 -72.94708,-14.475145 -72.94703,-14.475113 -72.947002,-14.475105 -72.946922,-14.475118 -72.946875,-14.475099 -72.946874,-14.475104 -72.946852,-14.475104 -72.946794,-14.475087 -72.946751,-14.475061 -72.946677,-14.475039 -72.946622,-14.475012 -72.946552,-14.474962 -72.946543,-14.474934 -72.946483,-14.474895 -72.94642,-14.474896 -72.946338,-14.474885 -72.946223,-14.474896 -72.946203,-14.474888 -72.946178,-14.474896 -72.946155,-14.47489 -72.946129,-14.474893 -72.946094,-14.474878 -72.946008,-14.474862 -72.94596,-14.474881 -72.94594,-14.474878 -72.945902,-14.474895 -72.945798,-14.474899 -72.945793,-14.474872 -72.945641,-14.474775 -72.945591,-14.474766 -72.945549,-14.474739 -72.945461,-14.474723 -72.945445,-14.474712 -72.945426,-14.474715 -72.945434,-14.47469 -72.945429,-14.474679 -72.945433,-14.474639 -72.945413,-14.474623 -72.945371,-14.474529 -72.945331,-14.474511 -72.945303,-14.474513 -72.94525,-14.474539 -72.945204,-14.474539 -72.945151,-14.4745 -72.945143,-14.47447 -72.945125,-14.47446 -72.945091,-14.474415 -72.945075,-14.474404 -72.945077,-14.474374 -72.945055,-14.474311 -72.945012,-14.474263 -72.945001,-14.474211 -72.944981,-14.474191 -72.944977,-14.474173 -72.944944,-14.47413 -72.944933,-14.474088 -72.944927,-14.47409 -72.944933,-14.474023 -72.94487,-14.473951 -72.944826,-14.473927 -72.944805,-14.473923 -72.944776,-14.473889 -72.944703,-14.473852 -72.944685,-14.473835 -72.944616,-14.473815 -72.944568,-14.47381 -72.944532,-14.473766 -72.944469,-14.473746 -72.944379,-14.473732 -72.944364,-14.473691 -72.944366,-14.473673 -72.944342,-14.473644 -72.944317,-14.473635 -72.944298,-14.473613 -72.944275,-14.473609 -72.944235,-14.473579 -72.944188,-14.473526 -72.94415,-14.473466 -72.944132,-14.473453 -72.944104,-14.473358 -72.944062,-14.473332 -72.944039,-14.473327 -72.94403,-14.473315 -72.94398,-14.473316 -72.94394,-14.473333 -72.943918,-14.47333 -72.94388,-14.473341 -72.94389,-14.473355 -72.943848,-14.473345 -72.943805,-14.473316 -72.94371,-14.473231 -72.943687,-14.473225 -72.943449,-14.473063 -72.943357,-14.472964 -72.943351,-14.472934 -72.94333,-14.472909 -72.943306,-14.472806 -72.943292,-14.472783 -72.94324,-14.472771 -72.943216,-14.472757 -72.94319,-14.472758 -72.943146,-14.472737 -72.943048,-14.472716 -72.943024,-14.472724 -72.942977,-14.472709 -72.942894,-14.472643 -72.942776,-14.472605 -72.942715,-14.472611 -72.942672,-14.472598 -72.942579,-14.472591 -72.942536,-14.472595 -72.9425,-14.472615 -72.942483,-14.472616 -72.942471,-14.472632 -72.942398,-14.472633 -72.942351,-14.472651 -72.942279,-14.472688 -72.942259,-14.472711 -72.942213,-14.472742 -72.942184,-14.472752 -72.942142,-14.47275 -72.942142,-14.472755 -72.942033,-14.472785 -72.942017,-14.472795 -72.941963,-14.472796 -72.941826,-14.472842 -72.94175,-14.472878 -72.941608,-14.472903 -72.941585,-14.47292 -72.941562,-14.472914 -72.941444,-14.472937 -72.941393,-14.472935 -72.941373,-14.472951 -72.941352,-14.472947 -72.941332,-14.472978 -72.941318,-14.472972 -72.941269,-14.472976 -72.941243,-14.472967 -72.941219,-14.472972 -72.941172,-14.473012 -72.941104,-14.473015 -72.941066,-14.47303 -72.940983,-14.473012 -72.940934,-14.473029 -72.940883,-14.47302 -72.940862,-14.473023 -72.940827,-14.473039 -72.940786,-14.473046 -72.940738,-14.473073 -72.940697,-14.47307 -72.940657,-14.473088 -72.940641,-14.473089 -72.940625,-14.473077 -72.940578,-14.473065 -72.940534,-14.473079 -72.94052,-14.473068 -72.940469,-14.473086 -72.94035,-14.473166 -72.940304,-14.473159 -72.940186,-14.473206 -72.940153,-14.473232 -72.940157,-14.473236 -72.940099,-14.473269 -72.940064,-14.473298 -72.940023,-14.473312 -72.939974,-14.47334 -72.939924,-14.473352 -72.93991,-14.473368 -72.939885,-14.473377 -72.939844,-14.473371 -72.939783,-14.473346 -72.939748,-14.473349 -72.939701,-14.473333 -72.939696,-14.473316 -72.939587,-14.473258 -72.939574,-14.473258 -72.939565,-14.473235 -72.939494,-14.473187 -72.939459,-14.473153 -72.939357,-14.473101 -72.939201,-14.473069 -72.93916,-14.473071 -72.939104,-14.473057 -72.939057,-14.473063 -72.939015,-14.473058 -72.938988,-14.473044 -72.938881,-14.473017 -72.938839,-14.472987 -72.938825,-14.47296 -72.938786,-14.472923 -72.938746,-14.472848 -72.938696,-14.472793 -72.938635,-14.472752 -72.938606,-14.472707 -72.938596,-14.472672 -72.938599,-14.472634 -72.938592,-14.472623 -72.938544,-14.472588 -72.93851,-14.472551 -72.938475,-14.472543 -72.938463,-14.472527 -72.938448,-14.472525 -72.938408,-14.472484 -72.938282,-14.472433 -72.938199,-14.472421 -72.938096,-14.472417 -72.938009,-14.472429 -72.937832,-14.472428 -72.93778,-14.472443 -72.937734,-14.472439 -72.93771,-14.472446 -72.93768,-14.472474 -72.937658,-14.47248 -72.937652,-14.47247 -72.937592,-14.47247 -72.937579,-14.472464 -72.937544,-14.472485 -72.937476,-14.472504 -72.937386,-14.472542 -72.93737,-14.472542 -72.937293,-14.472581 -72.93727,-14.472586 -72.937202,-14.472658 -72.937179,-14.472707 -72.937165,-14.472715 -72.937131,-14.472709 -72.93713,-14.472698 -72.937094,-14.472687 -72.937052,-14.472689 -72.937025,-14.472679 -72.936979,-14.472682 -72.936843,-14.472714 -72.936799,-14.472709 -72.936725,-14.47268 -72.936605,-14.472549 -72.936539,-14.472521 -72.936506,-14.472498 -72.936467,-14.472482 -72.936351,-14.472473 -72.936307,-14.472476 -72.936272,-14.472482 -72.936194,-14.472512 -72.936137,-14.472551 -72.936061,-14.472625 -72.936028,-14.472639 -72.936017,-14.472668 -72.935946,-14.472692 -72.935877,-14.472739 -72.93586,-14.472758 -72.935838,-14.47276 -72.935817,-14.472774 -72.935777,-14.472824 -72.935736,-14.472843 -72.935723,-14.472861 -72.935679,-14.472877 -72.935644,-14.472909 -72.935579,-14.472922 -72.935531,-14.472979 -72.935457,-14.47303 -72.935374,-14.473056 -72.935331,-14.473106 -72.935261,-14.473084 -72.935254,-14.473069 -72.93523,-14.473061 -72.935186,-14.473095 -72.935148,-14.473085 -72.9351,-14.473059 -72.934987,-14.473087 -72.934924,-14.473076 -72.934894,-14.473056 -72.934865,-14.473052 -72.93477,-14.473079 -72.934724,-14.473168 -72.934714,-14.473211 -72.934633,-14.473261 -72.934563,-14.473282 -72.934508,-14.473285 -72.934469,-14.473306 -72.934445,-14.473286 -72.934395,-14.473337 -72.934372,-14.473353 -72.93435,-14.473354 -72.934326,-14.47338 -72.934307,-14.473388 -72.93423,-14.473371 -72.934161,-14.473399 -72.934122,-14.473435 -72.934086,-14.473437 -72.934065,-14.473455 -72.933993,-14.473461 -72.933979,-14.473461 -72.933981,-14.473449 -72.933968,-14.473447 -72.933885,-14.473502 -72.933838,-14.473513 -72.933829,-14.473524 -72.933799,-14.473533 -72.933782,-14.473536 -72.933757,-14.47351 -72.933732,-14.473509 -72.933707,-14.473521 -72.933681,-14.473553 -72.933676,-14.473605 -72.93366,-14.473621 -72.933568,-14.473649 -72.933513,-14.473676 -72.933485,-14.473714 -72.933399,-14.473772 -72.933314,-14.473786 -72.933253,-14.473775 -72.933197,-14.473782 -72.933176,-14.473772 -72.933161,-14.473776 -72.933113,-14.473767 -72.933073,-14.473785 -72.933042,-14.473784 -72.932999,-14.473803 -72.932981,-14.4738 -72.932929,-14.473827 -72.932862,-14.47382 -72.932783,-14.473822 -72.932745,-14.473843 -72.932703,-14.473887 -72.93268,-14.47389 -72.932597,-14.473933 -72.932561,-14.473942 -72.932561,-14.47395 -72.932535,-14.473969 -72.932512,-14.473968 -72.932501,-14.473982 -72.932443,-14.474002 -72.932429,-14.474017 -72.932388,-14.474014 -72.932356,-14.474071 -72.932325,-14.474097 -72.932299,-14.474093 -72.93226,-14.474138 -72.932234,-14.474152 -72.932191,-14.474148 -72.932167,-14.474116 -72.932122,-14.474079 -72.932032,-14.474102 -72.93201,-14.474099 -72.931999,-14.474115 -72.931931,-14.474168 -72.931909,-14.474177 -72.931858,-14.474253 -72.931845,-14.474291 -72.931817,-14.47432 -72.931709,-14.474338 -72.93167,-14.474363 -72.931665,-14.474375 -72.931608,-14.474389 -72.931589,-14.474404 -72.931563,-14.474406 -72.931538,-14.474424 -72.931512,-14.47446 -72.931428,-14.474465 -72.931357,-14.474509 -72.931346,-14.474503 -72.931333,-14.474507 -72.93132,-14.474515 -72.931289,-14.474562 -72.931275,-14.474564 -72.931267,-14.474578 -72.931239,-14.474597 -72.931217,-14.474637 -72.931204,-14.474644 -72.93118,-14.474648 -72.931135,-14.474633 -72.931105,-14.474633 -72.931046,-14.474659 -72.931032,-14.474684 -72.930922,-14.474736 -72.930893,-14.474731 -72.930837,-14.474704 -72.930759,-14.47471 -72.930669,-14.474751 -72.930636,-14.47479 -72.930602,-14.47481 -72.93055,-14.474789 -72.93052,-14.474765 -72.930489,-14.474755 -72.930486,-14.47476 -72.930498,-14.474772 -72.930501,-14.474822 -72.93049,-14.474844 -72.930474,-14.474843 -72.930416,-14.474809 -72.930366,-14.474797 -72.930332,-14.474761 -72.930292,-14.474752 -72.930235,-14.474723 -72.930223,-14.474706 -72.930188,-14.474681 -72.930168,-14.474682 -72.930154,-14.474699 -72.930109,-14.474678 -72.930084,-14.474675 -72.930057,-14.474684 -72.930032,-14.474703 -72.929988,-14.474661 -72.929962,-14.474649 -72.929913,-14.474562 -72.929883,-14.47456 -72.929864,-14.474702 -72.929826,-14.474703 -72.929811,-14.474662 -72.929792,-14.474668 -72.929769,-14.474661 -72.929751,-14.474722 -72.929739,-14.474735 -72.929693,-14.474746 -72.92966,-14.474769 -72.92964,-14.474773 -72.929582,-14.474761 -72.929527,-14.474773 -72.929486,-14.474788 -72.929429,-14.474828 -72.929371,-14.474849 -72.929289,-14.47483 -72.929223,-14.474797 -72.929201,-14.474771 -72.929168,-14.474764 -72.929126,-14.474725 -72.929097,-14.474719 -72.929028,-14.474681 -72.928995,-14.474671 -72.928914,-14.474678 -72.928901,-14.474672 -72.928868,-14.474674 -72.928805,-14.474695 -72.928759,-14.474683 -72.928721,-14.474649 -72.928693,-14.474597 -72.928654,-14.474555 -72.928551,-14.474527 -72.928497,-14.474476 -72.928475,-14.474465 -72.928437,-14.47445 -72.92836,-14.474439 -72.92824,-14.474383 -72.92815,-14.474397 -72.928111,-14.474367 -72.928027,-14.474351 -72.927954,-14.47435 -72.927931,-14.474356 -72.927777,-14.474338 -72.927742,-14.474356 -72.92772,-14.474354 -72.927711,-14.474346 -72.927664,-14.474348 -72.927652,-14.474339 -72.927626,-14.474341 -72.927612,-14.474335 -72.92756,-14.474295 -72.927512,-14.474152 -72.927468,-14.474077 -72.927369,-14.474023 -72.92735,-14.474002 -72.927337,-14.473963 -72.927309,-14.473945 -72.927314,-14.473924 -72.927343,-14.473884 -72.927331,-14.473868 -72.927248,-14.473845 -72.927201,-14.473843 -72.927153,-14.47382 -72.927133,-14.473792 -72.927082,-14.473785 -72.927021,-14.473749 -72.926972,-14.473738 -72.926935,-14.473707 -72.926913,-14.473662 -72.926915,-14.473624 -72.92688,-14.473566 -72.926893,-14.473528 -72.926886,-14.473478 -72.926846,-14.473428 -72.926823,-14.473385 -72.926821,-14.473358 -72.92679,-14.47329 -72.926766,-14.473258 -72.926729,-14.473232 -72.926712,-14.473233 -72.926693,-14.473206 -72.926671,-14.473203 -72.926496,-14.473027 -72.926435,-14.47298 -72.926399,-14.472933 -72.926355,-14.472906 -72.926283,-14.472887 -72.926219,-14.472819 -72.926194,-14.472802 -72.926215,-14.472811 -72.926221,-14.472805 -72.926159,-14.472745 -72.926125,-14.472688 -72.926106,-14.472669 -72.926109,-14.47266 -72.926092,-14.472611 -72.926067,-14.47257 -72.926067,-14.472552 -72.926087,-14.472511 -72.926088,-14.472493 -72.926079,-14.472484 -72.926082,-14.472442 -72.926065,-14.472394 -72.926055,-14.472385 -72.926048,-14.472346 -72.926029,-14.4723 -72.925972,-14.472273 -72.925917,-14.472221 -72.925907,-14.472203 -72.925889,-14.472201 -72.925789,-14.472139 -72.92571,-14.472108 -72.925698,-14.472091 -72.92566,-14.472085 -72.925599,-14.472031 -72.925568,-14.472019 -72.925515,-14.471974 -72.925481,-14.471961 -72.925479,-14.471945 -72.925386,-14.471817 -72.925383,-14.471801 -72.925354,-14.471755 -72.925358,-14.471693 -72.925386,-14.47157 -72.925382,-14.471472 -72.925358,-14.471414 -72.925334,-14.471384 -72.925347,-14.471367 -72.925336,-14.471345 -72.925332,-14.471304 -72.925306,-14.471217 -72.925297,-14.4712 -72.925227,-14.471145 -72.925146,-14.471039 -72.925123,-14.471029 -72.925109,-14.471008 -72.925104,-14.470984 -72.925105,-14.470963 -72.925119,-14.470953 -72.925119,-14.470952 -72.92512,-14.470951 -72.92512,-14.47095 -72.92512,-14.470951 -72.925124,-14.47094 -72.925125,-14.470938 -72.925104,-14.470876 -72.925026,-14.470817 -72.925027,-14.470791 -72.925016,-14.470772 -72.924933,-14.470712 -72.924918,-14.470691 -72.924887,-14.470675 -72.924868,-14.470644 -72.924867,-14.470611 -72.924845,-14.470518 -72.92481,-14.470472 -72.924802,-14.470441 -72.924701,-14.470345 -72.924689,-14.47032 -72.924689,-14.470297 -72.924681,-14.470295 -72.924702,-14.470244 -72.92468,-14.470159 -72.924649,-14.470107 -72.924644,-14.470054 -72.924628,-14.470036 -72.924607,-14.46999 -72.924611,-14.469978 -72.924601,-14.469925 -72.924554,-14.469842 -72.924562,-14.469781 -72.924556,-14.469755 -72.924526,-14.469692 -72.924509,-14.469679 -72.92445,-14.469584 -72.924395,-14.469537 -72.924312,-14.4695 -72.924309,-14.469483 -72.924326,-14.469424 -72.924331,-14.469362 -72.924351,-14.469334 -72.924307,-14.469311 -72.924299,-14.46928 -72.924268,-14.469255 -72.924174,-14.469279 -72.924097,-14.469221 -72.924049,-14.469207 -72.924008,-14.469205 -72.923993,-14.46918 -72.923941,-14.46916 -72.923866,-14.4691 -72.923844,-14.469049 -72.923777,-14.469021 -72.92377,-14.469011 -72.92378,-14.468981 -72.923729,-14.468924 -72.923718,-14.468884 -72.923671,-14.468803 -72.923606,-14.468757 -72.923542,-14.468675 -72.923526,-14.468665 -72.923497,-14.468609 -72.923491,-14.468555 -72.923472,-14.468514 -72.92346,-14.468504 -72.923455,-14.468472 -72.923439,-14.468449 -72.923406,-14.46841 -72.923385,-14.468403 -72.923324,-14.468358 -72.923211,-14.468257 -72.923144,-14.46826 -72.923105,-14.468254 -72.923028,-14.468206 -72.92296,-14.468176 -72.922905,-14.468133 -72.922871,-14.468123 -72.922845,-14.468105 -72.922827,-14.468102 -72.922785,-14.468112 -72.922689,-14.468079 -72.922622,-14.46804 -72.922583,-14.468031 -72.922573,-14.468017 -72.922536,-14.468019 -72.922513,-14.468008 -72.922499,-14.467991 -72.922473,-14.467987 -72.922444,-14.468 -72.922419,-14.467975 -72.92235,-14.467944 -72.922327,-14.467924 -72.922298,-14.467911 -72.922249,-14.467855 -72.922229,-14.4678 -72.922204,-14.467792 -72.922137,-14.467735 -72.922096,-14.46767 -72.922041,-14.467613 -72.922007,-14.467604 -72.921985,-14.467586 -72.921984,-14.467566 -72.921949,-14.467551 -72.92192,-14.4675 -72.921931,-14.467489 -72.921917,-14.467458 -72.921878,-14.467433 -72.921859,-14.467412 -72.921809,-14.467318 -72.921704,-14.467213 -72.921698,-14.467193 -72.921649,-14.467139 -72.921615,-14.467069 -72.921608,-14.467022 -72.921597,-14.467015 -72.921595,-14.467 -72.921519,-14.466943 -72.921476,-14.466889 -72.921452,-14.46687 -72.921454,-14.46686 -72.921439,-14.466836 -72.921398,-14.466829 -72.921322,-14.466843 -72.921239,-14.46684 -72.921162,-14.466825 -72.921115,-14.466801 -72.921091,-14.4668 -72.921057,-14.46677 -72.921018,-14.466759 -72.920871,-14.466607 -72.920843,-14.466569 -72.920843,-14.46655 -72.920736,-14.466419 -72.920682,-14.466311 -72.920628,-14.466265 -72.920594,-14.46622 -72.920571,-14.466174 -72.920515,-14.466112 -72.920442,-14.466007 -72.920426,-14.465954 -72.92038,-14.465896 -72.920373,-14.465824 -72.920379,-14.465799 -72.920367,-14.465788 -72.920366,-14.465763 -72.920374,-14.465708 -72.920321,-14.465628 -72.920309,-14.465587 -72.920343,-14.46549 -72.920334,-14.465477 -72.920231,-14.465404 -72.920124,-14.465367 -72.92008,-14.465345 -72.920061,-14.465326 -72.920027,-14.465308 -72.920004,-14.465304 -72.919993,-14.465291 -72.919965,-14.465282 -72.919881,-14.465233 -72.919813,-14.465226 -72.919812,-14.46522 -72.919775,-14.465217 -72.919715,-14.465192 -72.919687,-14.465188 -72.919623,-14.46516 -72.919516,-14.465128 -72.919443,-14.465085 -72.91937,-14.465025 -72.919311,-14.46499 -72.919294,-14.464964 -72.919249,-14.464936 -72.919193,-14.464876 -72.919175,-14.464837 -72.919199,-14.464775 -72.919172,-14.464748 -72.919146,-14.464737 -72.919083,-14.464767 -72.919039,-14.464722 -72.918977,-14.464636 -72.91894,-14.464605 -72.918927,-14.464586 -72.918923,-14.464555 -72.91896,-14.464401 -72.918958,-14.464366 -72.918972,-14.464307 -72.918943,-14.464188 -72.918938,-14.464138 -72.918924,-14.464108 -72.91892,-14.464063 -72.918903,-14.464021 -72.918906,-14.46392 -72.918918,-14.46392 -72.918907,-14.463837 -72.918898,-14.463816 -72.918896,-14.463737 -72.918889,-14.463717 -72.91888,-14.463715 -72.918887,-14.463679 -72.918884,-14.463651 -72.918866,-14.463625 -72.918865,-14.463607 -72.918816,-14.463581 -72.918806,-14.463567 -72.918782,-14.463485 -72.91876,-14.463465 -72.91874,-14.463426 -72.918719,-14.463376 -72.918711,-14.463333 -72.918718,-14.463256 -72.918706,-14.463172 -72.918656,-14.463101 -72.918613,-14.463058 -72.918575,-14.463038 -72.918567,-14.463024 -72.918537,-14.463018 -72.918459,-14.462967 -72.918407,-14.462955 -72.918356,-14.462931 -72.918328,-14.4629 -72.918272,-14.462861 -72.918197,-14.462885 -72.918167,-14.462911 -72.918099,-14.462917 -72.918001,-14.462907 -72.917956,-14.462914 -72.917939,-14.462924 -72.917903,-14.462915 -72.917882,-14.462889 -72.917813,-14.462853 -72.917773,-14.462793 -72.917761,-14.46276 -72.917756,-14.462731 -72.917764,-14.462701 -72.917802,-14.46265 -72.917801,-14.462632 -72.917817,-14.462585 -72.917813,-14.462561 -72.91776,-14.462513 -72.917695,-14.462464 -72.917603,-14.462411 -72.917487,-14.462316 -72.917408,-14.462279 -72.917337,-14.462227 -72.917262,-14.462189 -72.917209,-14.462152 -72.917035,-14.462068 -72.916997,-14.46204 -72.916878,-14.461986 -72.916732,-14.461891 -72.916625,-14.461838 -72.916585,-14.461829 -72.916407,-14.461747 -72.91613,-14.461567 -72.916017,-14.461511 -72.915901,-14.461472 -72.91588,-14.461459 -72.91581,-14.461441 -72.915719,-14.461399 -72.915588,-14.461215 -72.91551,-14.461161 -72.915472,-14.461117 -72.915468,-14.461103 -72.915421,-14.461077 -72.915373,-14.461041 -72.915356,-14.461018 -72.915299,-14.460981 -72.915255,-14.460935 -72.915211,-14.460838 -72.915144,-14.460767 -72.915063,-14.460713 -72.91504,-14.460706 -72.914987,-14.460709 -72.914968,-14.4607 -72.914955,-14.460702 -72.914921,-14.460732 -72.914902,-14.460738 -72.914889,-14.460738 -72.914893,-14.460735 -72.914882,-14.460728 -72.914815,-14.460716 -72.914735,-14.460718 -72.914712,-14.46072 -72.914688,-14.46074 -72.914648,-14.460746 -72.914584,-14.460724 -72.914576,-14.460739 -72.914561,-14.460743 -72.914508,-14.460732 -72.914468,-14.460742 -72.91444,-14.460727 -72.914407,-14.460729 -72.914375,-14.460701 -72.914354,-14.460695 -72.914337,-14.460695 -72.914323,-14.460704 -72.914284,-14.460696 -72.914261,-14.460707 -72.914242,-14.460702 -72.914218,-14.460712 -72.914204,-14.460697 -72.914187,-14.460723 -72.914185,-14.460743 -72.914191,-14.460757 -72.914225,-14.460781 -72.914225,-14.460799 -72.914212,-14.460805 -72.914175,-14.460794 -72.914158,-14.460765 -72.914141,-14.460769 -72.914139,-14.460779 -72.914062,-14.460766 -72.914018,-14.460754 -72.913987,-14.460732 -72.913934,-14.460737 -72.913909,-14.460723 -72.913883,-14.460721 -72.913836,-14.460733 -72.91381,-14.460724 -72.913719,-14.460742 -72.913703,-14.460733 -72.913682,-14.460736 -72.913633,-14.460683 -72.913588,-14.460665 -72.913564,-14.46064 -72.913535,-14.460642 -72.913484,-14.460628 -72.913451,-14.460601 -72.913426,-14.460601 -72.913341,-14.460558 -72.913187,-14.460518 -72.913145,-14.460494 -72.913082,-14.460493 -72.913067,-14.460505 -72.913042,-14.46051 -72.912965,-14.460546 -72.912908,-14.460542 -72.912901,-14.460532 -72.912888,-14.46053 -72.912759,-14.46056 -72.912661,-14.460521 -72.912568,-14.460472 -72.912532,-14.460475 -72.912503,-14.460462 -72.912474,-14.460459 -72.912437,-14.460411 -72.912418,-14.460365 -72.912339,-14.460287 -72.912205,-14.460223 -72.912192,-14.460205 -72.912118,-14.460172 -72.912098,-14.460156 -72.911978,-14.460174 -72.911922,-14.460138 -72.911885,-14.460127 -72.911844,-14.460144 -72.911802,-14.460138 -72.911767,-14.460113 -72.911674,-14.460126 -72.911645,-14.460114 -72.911601,-14.460067 -72.911598,-14.460052 -72.911566,-14.460036 -72.911433,-14.460039 -72.911354,-14.460013 -72.91133,-14.459967 -72.911312,-14.459865 -72.911286,-14.4598 -72.911268,-14.459776 -72.911155,-14.45973 -72.911112,-14.459736 -72.91099,-14.459716 -72.910913,-14.459616 -72.910872,-14.459582 -72.910841,-14.459543 -72.910813,-14.459494 -72.910802,-14.459428 -72.910826,-14.459365 -72.910837,-14.459356 -72.910852,-14.459274 -72.910848,-14.459251 -72.910855,-14.459208 -72.910855,-14.459012 -72.910861,-14.458955 -72.910855,-14.458925 -72.910862,-14.458914 -72.910858,-14.458889 -72.910864,-14.458847 -72.910856,-14.458835 -72.91085,-14.45875 -72.910815,-14.458617 -72.910828,-14.458485 -72.910843,-14.458444 -72.910851,-14.458319 -72.910837,-14.458299 -72.910832,-14.458256 -72.910799,-14.458172 -72.910801,-14.458143 -72.910783,-14.458023 -72.910791,-14.458008 -72.910787,-14.457967 -72.910795,-14.457921 -72.910787,-14.457905 -72.91079,-14.457881 -72.910827,-14.457766 -72.910872,-14.457663 -72.910899,-14.457624 -72.910924,-14.457552 -72.91094,-14.457461 -72.910971,-14.45739 -72.910993,-14.457365 -72.910993,-14.457354 -72.911063,-14.45725 -72.911113,-14.457187 -72.911156,-14.457146 -72.911201,-14.457078 -72.911214,-14.457027 -72.911252,-14.456974 -72.911278,-14.45691 -72.911304,-14.456877 -72.911319,-14.456805 -72.911353,-14.456723 -72.911348,-14.456648 -72.91138,-14.456492 -72.911429,-14.45641 -72.911449,-14.456343 -72.911484,-14.456309 -72.911478,-14.456265 -72.911488,-14.456243 -72.911503,-14.456214 -72.911535,-14.456188 -72.911555,-14.456139 -72.911548,-14.456081 -72.911532,-14.456037 -72.911431,-14.455957 -72.911351,-14.455917 -72.911304,-14.45591 -72.911289,-14.455896 -72.911305,-14.455843 -72.91132,-14.455823 -72.911446,-14.455673 -72.9115,-14.455633 -72.911524,-14.455596 -72.911544,-14.455586 -72.911595,-14.45551 -72.911624,-14.45543 -72.911626,-14.455371 -72.911649,-14.455336 -72.911664,-14.45529 -72.911677,-14.455273 -72.911678,-14.455255 -72.911704,-14.455215 -72.911727,-14.455197 -72.911775,-14.455111 -72.911831,-14.455043 -72.911893,-14.454931 -72.911917,-14.454855 -72.911943,-14.454814 -72.912017,-14.454732 -72.91209,-14.454621 -72.912133,-14.454518 -72.912234,-14.45434 -72.912293,-14.454187 -72.912297,-14.45416 -72.91235,-14.454074 -72.912368,-14.454031 -72.912377,-14.454023 -72.912404,-14.454019 -72.9124,-14.453957 -72.912407,-14.453838 -72.912399,-14.453784 -72.912405,-14.453729 -72.912393,-14.45371 -72.912394,-14.453677 -72.912364,-14.45362 -72.912322,-14.453562 -72.912298,-14.453433 -72.912294,-14.453388 -72.912307,-14.453308 -72.912324,-14.453258 -72.912324,-14.453216 -72.912366,-14.453106 -72.912367,-14.453062 -72.912385,-14.453037 -72.912397,-14.453003 -72.912414,-14.452993 -72.912447,-14.452926 -72.912463,-14.4528 -72.912475,-14.452758 -72.912491,-14.452732 -72.912501,-14.452683 -72.912599,-14.452437 -72.9126,-14.452419 -72.91261,-14.452404 -72.912605,-14.452385 -72.912615,-14.452366 -72.912617,-14.452339 -72.912673,-14.452167 -72.912702,-14.452113 -72.912704,-14.452085 -72.91272,-14.452053 -72.91272,-14.452007 -72.912725,-14.451988 -72.912746,-14.451965 -72.912782,-14.451807 -72.912793,-14.451726 -72.91279,-14.451667 -72.912822,-14.451572 -72.912827,-14.451521 -72.912859,-14.451462 -72.912933,-14.45125 -72.912936,-14.451173 -72.912967,-14.451123 -72.912986,-14.451071 -72.912991,-14.45101 -72.913019,-14.450905 -72.913081,-14.450772 -72.91309,-14.45078 -72.913097,-14.45078 -72.913095,-14.450776 -72.913092,-14.450778 -72.913108,-14.450736 -72.913116,-14.450647 -72.913137,-14.45059 -72.913175,-14.450537 -72.913189,-14.450535 -72.913229,-14.450554 -72.913244,-14.450604 -72.9132743657354,-14.4506263462942</coordinates></LineString></MultiGeometry>
  </Placemark>
  <Placemark id="Route.10">
	<name>24 julio</name>
	<description>&lt;b&gt;Descripción:&lt;/b&gt; Ida&lt;br&gt;&lt;b&gt;Inicio:&lt;/b&gt; 2007-07-24 10:38:13&lt;br&gt;&lt;b&gt;Fin:&lt;/b&gt; 2007-07-24 16:03:55&lt;br&gt;&lt;b&gt;Duración:&lt;/b&gt; 5.4 horas&lt;br&gt;</description>
	<Style><LineStyle><color>FF2ca033</color><width>4.25196</width></LineStyle><PolyStyle><fill>0</fill></PolyStyle></Style>
	<ExtendedData><SchemaData schemaUrl="#Route">
		<SimpleData name="fid">7</SimpleData>
		<SimpleData name="duracion">5.43</SimpleData>
		<SimpleData name="inicio_local">2007-07-24 10:38:13</SimpleData>
		<SimpleData name="fin_local">2007-07-24 16:03:55</SimpleData>
		<SimpleData name="nombre">24 julio</SimpleData>
		<SimpleData name="descrip">Ida</SimpleData>
	</SchemaData></ExtendedData>
      <MultiGeometry><LineString><coordinates>-72.9859119977191,-14.5349331136455 -72.985956,-14.534879 -72.986058,-14.534803 -72.986127,-14.534699 -72.986146,-14.534691 -72.986218,-14.534627 -72.986305,-14.53453 -72.986338,-14.534502 -72.986436,-14.534455 -72.986453,-14.53442 -72.986453,-14.5344 -72.986493,-14.534368 -72.986507,-14.534343 -72.986536,-14.534315 -72.986569,-14.534241 -72.986626,-14.534174 -72.986672,-14.534133 -72.986677,-14.534095 -72.986699,-14.534082 -72.986725,-14.534046 -72.986736,-14.534008 -72.986731,-14.533974 -72.986759,-14.533871 -72.98677,-14.533857 -72.986774,-14.533785 -72.986794,-14.533751 -72.986791,-14.533733 -72.986799,-14.533706 -72.986821,-14.533685 -72.986824,-14.533635 -72.986843,-14.533607 -72.986833,-14.533586 -72.986831,-14.533544 -72.986846,-14.533518 -72.986847,-14.533451 -72.986813,-14.533398 -72.986794,-14.533396 -72.986759,-14.533352 -72.986694,-14.533315 -72.98664,-14.533246 -72.986576,-14.533188 -72.986518,-14.533123 -72.986462,-14.533092 -72.986414,-14.533023 -72.986351,-14.532961 -72.986345,-14.532941 -72.986284,-14.532857 -72.986266,-14.532842 -72.986239,-14.532794 -72.9862,-14.532767 -72.986164,-14.532724 -72.986139,-14.532718 -72.986131,-14.5327 -72.986099,-14.532674 -72.986059,-14.532577 -72.986017,-14.532526 -72.986011,-14.532421 -72.985984,-14.532341 -72.985958,-14.532306 -72.985912,-14.532202 -72.98589,-14.532169 -72.985859,-14.532087 -72.985862,-14.532059 -72.985833,-14.531979 -72.985832,-14.531929 -72.985809,-14.531852 -72.985787,-14.531809 -72.985763,-14.531719 -72.985725,-14.53167 -72.985686,-14.531567 -72.985686,-14.53155 -72.985647,-14.5315 -72.985639,-14.531448 -72.985648,-14.531379 -72.985629,-14.531287 -72.985639,-14.531249 -72.985633,-14.531231 -72.985637,-14.531109 -72.985607,-14.531062 -72.985603,-14.531033 -72.985579,-14.531018 -72.985535,-14.530968 -72.985528,-14.530929 -72.985509,-14.530916 -72.985502,-14.530875 -72.985466,-14.530864 -72.985443,-14.530869 -72.98543,-14.530854 -72.985444,-14.530794 -72.98544,-14.530776 -72.985408,-14.53074 -72.985379,-14.530686 -72.985371,-14.530603 -72.985375,-14.530559 -72.985426,-14.53043 -72.985452,-14.530392 -72.985468,-14.530325 -72.985475,-14.530182 -72.985459,-14.530141 -72.985441,-14.530128 -72.985421,-14.530009 -72.9854,-14.529968 -72.985392,-14.52991 -72.985364,-14.529887 -72.985342,-14.529849 -72.985313,-14.529828 -72.9853,-14.529809 -72.98527,-14.529792 -72.985225,-14.529737 -72.985198,-14.529713 -72.985162,-14.529697 -72.985148,-14.52968 -72.985036,-14.529659 -72.985,-14.529637 -72.984902,-14.529614 -72.984854,-14.529584 -72.984801,-14.529576 -72.984771,-14.52955 -72.98473,-14.52953 -72.984601,-14.529402 -72.984544,-14.529369 -72.984528,-14.529348 -72.984491,-14.529329 -72.984456,-14.529294 -72.984393,-14.529258 -72.984375,-14.529235 -72.98439,-14.529216 -72.98437,-14.529206 -72.984368,-14.529174 -72.984359,-14.529155 -72.984296,-14.529119 -72.984276,-14.529085 -72.984255,-14.529074 -72.984232,-14.529042 -72.984181,-14.529026 -72.984089,-14.528928 -72.984039,-14.528904 -72.984005,-14.52885 -72.983896,-14.52878 -72.983824,-14.528711 -72.983814,-14.528674 -72.983777,-14.528608 -72.983729,-14.528468 -72.983702,-14.528433 -72.983674,-14.528375 -72.983679,-14.528338 -72.983667,-14.528302 -72.983638,-14.528267 -72.983623,-14.528218 -72.983586,-14.528185 -72.983558,-14.52809 -72.983543,-14.527995 -72.983525,-14.527944 -72.983525,-14.527906 -72.983514,-14.527895 -72.983509,-14.527759 -72.983492,-14.527676 -72.983501,-14.527595 -72.983489,-14.527484 -72.983474,-14.527442 -72.983477,-14.527392 -72.983471,-14.527376 -72.983465,-14.527246 -72.98345,-14.527202 -72.983451,-14.527139 -72.983442,-14.527109 -72.983456,-14.527022 -72.983468,-14.526992 -72.983459,-14.526841 -72.983472,-14.5268 -72.983469,-14.526714 -72.983479,-14.526549 -72.983499,-14.526442 -72.983494,-14.526411 -72.983482,-14.526396 -72.983477,-14.526321 -72.983452,-14.526261 -72.983443,-14.526207 -72.983431,-14.526195 -72.983394,-14.526105 -72.983377,-14.5261 -72.983348,-14.526067 -72.983264,-14.526028 -72.983227,-14.525997 -72.98318,-14.525921 -72.9831,-14.525838 -72.983043,-14.52579 -72.982979,-14.525687 -72.982947,-14.525652 -72.982914,-14.525622 -72.982867,-14.525603 -72.982856,-14.525585 -72.982837,-14.525572 -72.982812,-14.525563 -72.982758,-14.525559 -72.982616,-14.525522 -72.982539,-14.525464 -72.98251,-14.52545 -72.982428,-14.525434 -72.982392,-14.525417 -72.982314,-14.525415 -72.982279,-14.5254 -72.982171,-14.525391 -72.982024,-14.525362 -72.981902,-14.525386 -72.981867,-14.525367 -72.981847,-14.525369 -72.98176,-14.525339 -72.981727,-14.525324 -72.981712,-14.525307 -72.98166,-14.525293 -72.981629,-14.525267 -72.98159,-14.525248 -72.981577,-14.525222 -72.981547,-14.525206 -72.981538,-14.525189 -72.981494,-14.525155 -72.981347,-14.525087 -72.981292,-14.525085 -72.981239,-14.52507 -72.981176,-14.525045 -72.981127,-14.525014 -72.981074,-14.52502 -72.981036,-14.525007 -72.980932,-14.524999 -72.980887,-14.524984 -72.980841,-14.524987 -72.980756,-14.524953 -72.98053,-14.524912 -72.980487,-14.524891 -72.980464,-14.524893 -72.980406,-14.524859 -72.98035,-14.524847 -72.980304,-14.524816 -72.980295,-14.524791 -72.980223,-14.524729 -72.980171,-14.5247 -72.980118,-14.524653 -72.980088,-14.524638 -72.979981,-14.524542 -72.979959,-14.524528 -72.979914,-14.524516 -72.979834,-14.524453 -72.979831,-14.524438 -72.97982,-14.52443 -72.979783,-14.524303 -72.979772,-14.524293 -72.979671,-14.524272 -72.979577,-14.524224 -72.979536,-14.524194 -72.979504,-14.524182 -72.979473,-14.524148 -72.979444,-14.524041 -72.979403,-14.523983 -72.979394,-14.523861 -72.97937,-14.523838 -72.979319,-14.52376 -72.979288,-14.523738 -72.979248,-14.523654 -72.979216,-14.523623 -72.979207,-14.523599 -72.97913,-14.523501 -72.979123,-14.523463 -72.979113,-14.523449 -72.979008,-14.523381 -72.978904,-14.523284 -72.978806,-14.523178 -72.978752,-14.523093 -72.978702,-14.523054 -72.978646,-14.52299 -72.978638,-14.52297 -72.978576,-14.522919 -72.978545,-14.522869 -72.978491,-14.52281 -72.978487,-14.52277 -72.978475,-14.522746 -72.978479,-14.522719 -72.978465,-14.522661 -72.978427,-14.522583 -72.978217,-14.52241 -72.978203,-14.522377 -72.978177,-14.522359 -72.978128,-14.522343 -72.978047,-14.522263 -72.978033,-14.522208 -72.978041,-14.522129 -72.978029,-14.522063 -72.97804,-14.522029 -72.978024,-14.521981 -72.977997,-14.52196 -72.977959,-14.521914 -72.977953,-14.521866 -72.977937,-14.521833 -72.977941,-14.521815 -72.977913,-14.521735 -72.97792,-14.521727 -72.9779,-14.521701 -72.977868,-14.521677 -72.97784,-14.521668 -72.977826,-14.521648 -72.977791,-14.521628 -72.977776,-14.52163 -72.977714,-14.521609 -72.977692,-14.521611 -72.977619,-14.521569 -72.977483,-14.521442 -72.977435,-14.521378 -72.977367,-14.521322 -72.97736,-14.521305 -72.977282,-14.52127 -72.977246,-14.521238 -72.977196,-14.521143 -72.977184,-14.521096 -72.977121,-14.521013 -72.977096,-14.521001 -72.977031,-14.520933 -72.977007,-14.520901 -72.976998,-14.520871 -72.976968,-14.52082 -72.976879,-14.520742 -72.976849,-14.520702 -72.976804,-14.520683 -72.976754,-14.520644 -72.976748,-14.520621 -72.976723,-14.520588 -72.9767,-14.520539 -72.976656,-14.520482 -72.976493,-14.520368 -72.97645,-14.520349 -72.976413,-14.520317 -72.976315,-14.520196 -72.976287,-14.520138 -72.976187,-14.520052 -72.976185,-14.52004 -72.976145,-14.52 -72.976062,-14.51994 -72.975942,-14.519835 -72.975925,-14.519801 -72.975866,-14.519771 -72.975851,-14.519727 -72.975814,-14.519686 -72.975768,-14.519652 -72.975739,-14.519593 -72.975701,-14.519565 -72.975617,-14.519482 -72.975609,-14.519456 -72.97559,-14.519446 -72.975515,-14.51935 -72.975481,-14.519323 -72.975467,-14.519288 -72.975444,-14.519259 -72.975407,-14.519165 -72.975363,-14.519136 -72.97531,-14.519078 -72.975287,-14.519076 -72.975232,-14.519033 -72.975173,-14.519006 -72.975154,-14.518984 -72.975074,-14.518941 -72.975067,-14.518915 -72.975043,-14.518875 -72.974993,-14.518834 -72.97493,-14.518806 -72.974903,-14.518786 -72.974883,-14.51876 -72.974885,-14.518747 -72.974854,-14.518733 -72.974835,-14.518693 -72.974648,-14.518505 -72.974541,-14.518332 -72.974519,-14.518254 -72.974481,-14.518184 -72.974447,-14.518163 -72.974426,-14.518115 -72.974408,-14.51811 -72.974378,-14.518052 -72.974375,-14.51803 -72.974348,-14.518017 -72.974307,-14.517934 -72.974264,-14.517884 -72.974229,-14.517815 -72.974168,-14.517763 -72.974132,-14.51768 -72.974125,-14.517637 -72.974115,-14.517627 -72.974103,-14.517536 -72.974095,-14.517539 -72.974089,-14.517477 -72.974046,-14.517292 -72.974045,-14.517242 -72.974036,-14.517213 -72.974019,-14.51717 -72.974003,-14.517156 -72.973983,-14.517093 -72.973954,-14.517034 -72.973943,-14.516975 -72.973947,-14.516952 -72.973941,-14.516933 -72.973923,-14.516926 -72.973918,-14.516913 -72.973918,-14.516864 -72.973884,-14.516823 -72.973888,-14.516793 -72.973867,-14.516725 -72.973846,-14.516677 -72.973812,-14.516646 -72.973801,-14.516549 -72.973769,-14.516494 -72.973759,-14.516488 -72.97374,-14.516416 -72.973736,-14.516368 -72.973722,-14.51635 -72.973714,-14.516317 -72.973706,-14.516308 -72.973699,-14.51631 -72.973689,-14.516301 -72.973685,-14.516298 -72.973692,-14.516308 -72.973692,-14.516305 -72.97369,-14.5163 -72.97369,-14.516299 -72.973693,-14.516294 -72.973709,-14.516309 -72.97372,-14.516306 -72.973741,-14.516291 -72.973733,-14.516296 -72.973717,-14.516297 -72.973724,-14.516298 -72.973736,-14.516296 -72.973737,-14.516296 -72.973735,-14.516296 -72.973736,-14.516296 -72.973736,-14.516296 -72.973735,-14.516296 -72.973735,-14.516296 -72.973735,-14.516296 -72.973734,-14.516295 -72.973731,-14.516295 -72.973731,-14.516294 -72.97373,-14.516295 -72.973729,-14.516294 -72.973728,-14.516295 -72.973725,-14.516286 -72.973729,-14.516246 -72.973699,-14.516196 -72.973704,-14.516138 -72.973698,-14.51611 -72.973684,-14.516091 -72.973662,-14.516084 -72.973651,-14.51604 -72.973635,-14.516023 -72.973632,-14.51591 -72.973587,-14.515743 -72.973559,-14.515702 -72.973551,-14.515669 -72.973533,-14.515658 -72.973522,-14.515614 -72.973481,-14.515515 -72.973428,-14.515458 -72.97341,-14.51539 -72.973366,-14.515327 -72.973332,-14.515178 -72.973285,-14.515057 -72.973282,-14.515016 -72.973264,-14.514968 -72.973245,-14.514876 -72.973213,-14.514846 -72.973188,-14.514794 -72.973142,-14.51475 -72.973115,-14.514707 -72.973073,-14.514679 -72.973053,-14.514652 -72.97305,-14.51463 -72.973,-14.514583 -72.972988,-14.514556 -72.972968,-14.514549 -72.972934,-14.514481 -72.972889,-14.514447 -72.972882,-14.514432 -72.972838,-14.514392 -72.972814,-14.514378 -72.972711,-14.514265 -72.972649,-14.514221 -72.97263,-14.514185 -72.972594,-14.514175 -72.972546,-14.514139 -72.972549,-14.514126 -72.972508,-14.514062 -72.972513,-14.514021 -72.972492,-14.51399 -72.972497,-14.513983 -72.97249,-14.513959 -72.972488,-14.513846 -72.972495,-14.51379 -72.972509,-14.513774 -72.972512,-14.513729 -72.972532,-14.513707 -72.972531,-14.513644 -72.972512,-14.51359 -72.972517,-14.513568 -72.972503,-14.513549 -72.972493,-14.51347 -72.972474,-14.513433 -72.972464,-14.51333 -72.972401,-14.513181 -72.972361,-14.512976 -72.972343,-14.512932 -72.972341,-14.512884 -72.972344,-14.512863 -72.972368,-14.512819 -72.972396,-14.512792 -72.972419,-14.512751 -72.97244,-14.51269 -72.97245,-14.512615 -72.972431,-14.512574 -72.972434,-14.512559 -72.972393,-14.512498 -72.972402,-14.512483 -72.972398,-14.512471 -72.97236,-14.512426 -72.972358,-14.512383 -72.972339,-14.512313 -72.972267,-14.512191 -72.972239,-14.512108 -72.972207,-14.512056 -72.972207,-14.512033 -72.972186,-14.511955 -72.97217,-14.511939 -72.972137,-14.511846 -72.972098,-14.51178 -72.972095,-14.511737 -72.972118,-14.51167 -72.972109,-14.511634 -72.972092,-14.511615 -72.972046,-14.511495 -72.972005,-14.511459 -72.971985,-14.511421 -72.971984,-14.511394 -72.971957,-14.51135 -72.971952,-14.511329 -72.97189,-14.511256 -72.971837,-14.511145 -72.971792,-14.51109 -72.971801,-14.511018 -72.971768,-14.510953 -72.97177,-14.510829 -72.971762,-14.510779 -72.971736,-14.51071 -72.971749,-14.510681 -72.971723,-14.510615 -72.971693,-14.510574 -72.971686,-14.510532 -72.97169,-14.510511 -72.971679,-14.510466 -72.97169,-14.510423 -72.971682,-14.510402 -72.971685,-14.510378 -72.971665,-14.510333 -72.971674,-14.510257 -72.971659,-14.510186 -72.97166,-14.510129 -72.971651,-14.510095 -72.97164,-14.509933 -72.971658,-14.509891 -72.971659,-14.50981 -72.971669,-14.509741 -72.971658,-14.509662 -72.971669,-14.509614 -72.971644,-14.509569 -72.97164,-14.509535 -72.97161,-14.509486 -72.971612,-14.5094 -72.971584,-14.509352 -72.971563,-14.509288 -72.971528,-14.509235 -72.971518,-14.509198 -72.97147,-14.509138 -72.971391,-14.509013 -72.971399,-14.508966 -72.971392,-14.508903 -72.971369,-14.508854 -72.971362,-14.508753 -72.971393,-14.508671 -72.971402,-14.508617 -72.971363,-14.508498 -72.971361,-14.508442 -72.971368,-14.5084 -72.971361,-14.508344 -72.971369,-14.508318 -72.971351,-14.508254 -72.971342,-14.508152 -72.971326,-14.508112 -72.971308,-14.508091 -72.971309,-14.508059 -72.971283,-14.50803 -72.97126,-14.507915 -72.971212,-14.507845 -72.971209,-14.507788 -72.971184,-14.507759 -72.971172,-14.50772 -72.971175,-14.507689 -72.971153,-14.507598 -72.971162,-14.507541 -72.971146,-14.507493 -72.971155,-14.507328 -72.971095,-14.50714 -72.971095,-14.507076 -72.971059,-14.506996 -72.971056,-14.506974 -72.971063,-14.506955 -72.971053,-14.506904 -72.971069,-14.506851 -72.971027,-14.506744 -72.971027,-14.506722 -72.97101,-14.506683 -72.971007,-14.506645 -72.970994,-14.50661 -72.971023,-14.506559 -72.971032,-14.506528 -72.971024,-14.506453 -72.971012,-14.506425 -72.970996,-14.506413 -72.970982,-14.50642 -72.970952,-14.50642 -72.970926,-14.506431 -72.970928,-14.506437 -72.97092,-14.506429 -72.970902,-14.506397 -72.970906,-14.506354 -72.970875,-14.506319 -72.970845,-14.506264 -72.970836,-14.506162 -72.970865,-14.506063 -72.970849,-14.50599 -72.970852,-14.505969 -72.970832,-14.505914 -72.970836,-14.505882 -72.970851,-14.505836 -72.970898,-14.505781 -72.970908,-14.505742 -72.970939,-14.505698 -72.97094,-14.505662 -72.970967,-14.505592 -72.970965,-14.505568 -72.970981,-14.505535 -72.970991,-14.505484 -72.970982,-14.505466 -72.970987,-14.505384 -72.970982,-14.505358 -72.971033,-14.505263 -72.971044,-14.505163 -72.971067,-14.505096 -72.97106,-14.505016 -72.971067,-14.504997 -72.971065,-14.504954 -72.971102,-14.504849 -72.971055,-14.504772 -72.971051,-14.504733 -72.971033,-14.504705 -72.97101,-14.504635 -72.970978,-14.504571 -72.97099,-14.504514 -72.970954,-14.504407 -72.970961,-14.504387 -72.970958,-14.504348 -72.97093,-14.504282 -72.970924,-14.504228 -72.970896,-14.504147 -72.970898,-14.504111 -72.970888,-14.504095 -72.970867,-14.503945 -72.970832,-14.503829 -72.970802,-14.503802 -72.97073,-14.503685 -72.970721,-14.503655 -72.970717,-14.503587 -72.970688,-14.503529 -72.970688,-14.503486 -72.970681,-14.503468 -72.970652,-14.503433 -72.970633,-14.50336 -72.970604,-14.503335 -72.970525,-14.503182 -72.970513,-14.503105 -72.970446,-14.50296 -72.970338,-14.502858 -72.970288,-14.502844 -72.970261,-14.502773 -72.970222,-14.502731 -72.970209,-14.502683 -72.970204,-14.502602 -72.970171,-14.502496 -72.970179,-14.502438 -72.970161,-14.50236 -72.97014,-14.502323 -72.970145,-14.502291 -72.970137,-14.50226 -72.970136,-14.502142 -72.970166,-14.502055 -72.970152,-14.502 -72.970169,-14.501959 -72.970183,-14.501891 -72.970167,-14.501865 -72.970162,-14.50184 -72.970165,-14.501788 -72.970151,-14.501706 -72.970163,-14.501629 -72.97016,-14.501585 -72.970139,-14.501555 -72.970161,-14.501483 -72.970143,-14.501413 -72.970152,-14.501368 -72.970132,-14.501305 -72.97015,-14.501264 -72.970128,-14.501174 -72.970132,-14.501146 -72.970125,-14.501115 -72.970135,-14.501081 -72.970131,-14.501063 -72.97014,-14.501014 -72.970124,-14.500945 -72.970122,-14.500879 -72.970103,-14.500822 -72.970098,-14.500747 -72.970071,-14.500701 -72.970076,-14.500677 -72.970057,-14.500572 -72.970049,-14.500543 -72.970018,-14.500502 -72.970023,-14.500445 -72.970012,-14.5004 -72.969986,-14.500363 -72.96995,-14.500276 -72.969944,-14.500253 -72.969953,-14.500247 -72.969945,-14.500232 -72.969941,-14.500217 -72.969938,-14.500213 -72.969938,-14.500212 -72.969952,-14.500227 -72.969933,-14.500216 -72.969915,-14.500215 -72.9699,-14.500203 -72.9699,-14.500192 -72.969901,-14.500191 -72.969902,-14.500191 -72.9699,-14.500182 -72.969903,-14.500188 -72.969905,-14.500192 -72.969904,-14.50019 -72.969903,-14.50019 -72.969903,-14.500191 -72.969901,-14.500191 -72.969888,-14.500188 -72.969881,-14.500189 -72.969878,-14.500075 -72.96987,-14.500047 -72.969858,-14.500033 -72.969857,-14.499999 -72.969818,-14.499938 -72.969823,-14.499907 -72.969839,-14.499887 -72.969837,-14.499784 -72.969851,-14.499734 -72.96989,-14.499664 -72.969923,-14.499629 -72.969939,-14.499571 -72.969974,-14.49951 -72.969991,-14.499448 -72.970002,-14.499432 -72.970057,-14.499402 -72.970069,-14.49937 -72.970067,-14.49933 -72.970022,-14.499369 -72.969969,-14.499375 -72.969925,-14.499353 -72.969832,-14.499403 -72.969738,-14.499361 -72.96973,-14.499345 -72.969736,-14.499326 -72.969729,-14.499329 -72.969725,-14.499321 -72.9697,-14.499346 -72.969671,-14.499347 -72.969608,-14.499328 -72.969551,-14.499298 -72.969324,-14.49923 -72.969272,-14.499231 -72.969212,-14.499194 -72.969115,-14.499184 -72.969056,-14.499205 -72.96898,-14.499247 -72.968885,-14.499316 -72.968813,-14.499344 -72.968787,-14.499344 -72.968742,-14.499321 -72.968724,-14.499294 -72.968639,-14.499209 -72.968594,-14.499185 -72.968502,-14.499157 -72.968476,-14.499131 -72.968455,-14.499123 -72.968402,-14.499123 -72.968361,-14.499113 -72.968284,-14.499081 -72.968195,-14.498978 -72.968166,-14.49892 -72.96817,-14.498881 -72.968107,-14.498829 -72.968034,-14.498795 -72.968012,-14.498773 -72.967975,-14.49869 -72.967943,-14.498656 -72.96791,-14.498642 -72.96788,-14.498641 -72.967826,-14.498613 -72.967774,-14.498569 -72.967739,-14.498519 -72.96768,-14.498475 -72.967676,-14.498464 -72.967686,-14.498447 -72.96768,-14.498422 -72.967645,-14.498371 -72.967623,-14.49835 -72.967604,-14.498353 -72.967581,-14.498334 -72.967498,-14.4982 -72.967405,-14.498144 -72.967356,-14.498058 -72.967317,-14.498029 -72.967292,-14.498022 -72.967213,-14.49792 -72.967192,-14.497906 -72.967146,-14.497906 -72.967104,-14.497888 -72.96697,-14.4978 -72.966863,-14.497758 -72.966845,-14.497739 -72.966773,-14.497706 -72.966742,-14.497707 -72.966718,-14.497699 -72.96668,-14.497704 -72.966617,-14.497693 -72.966562,-14.497656 -72.966523,-14.497643 -72.966471,-14.497603 -72.966442,-14.497567 -72.96644,-14.497447 -72.96642,-14.497412 -72.966422,-14.497348 -72.966399,-14.497267 -72.966355,-14.49722 -72.96632,-14.497198 -72.96623,-14.497168 -72.966224,-14.497148 -72.966184,-14.497099 -72.966143,-14.497063 -72.966056,-14.497016 -72.966007,-14.496961 -72.965937,-14.496828 -72.965894,-14.496777 -72.965896,-14.496743 -72.965859,-14.496701 -72.965812,-14.496668 -72.965782,-14.496619 -72.965778,-14.496592 -72.965693,-14.496473 -72.965627,-14.496312 -72.965555,-14.496231 -72.965543,-14.496197 -72.96551,-14.496154 -72.965485,-14.496147 -72.965454,-14.496108 -72.965414,-14.496093 -72.965379,-14.496063 -72.965295,-14.495874 -72.965227,-14.495798 -72.965217,-14.495715 -72.965203,-14.495707 -72.965179,-14.495665 -72.965167,-14.495606 -72.965157,-14.495589 -72.96507,-14.495478 -72.964966,-14.495405 -72.964836,-14.495349 -72.964823,-14.495332 -72.964806,-14.495291 -72.964809,-14.495269 -72.964824,-14.495261 -72.964796,-14.495175 -72.964722,-14.495009 -72.964669,-14.494918 -72.964565,-14.494793 -72.964518,-14.494766 -72.964469,-14.494751 -72.964363,-14.49476 -72.964315,-14.494751 -72.964291,-14.494738 -72.964288,-14.494713 -72.964304,-14.494675 -72.964331,-14.494652 -72.964376,-14.494572 -72.964486,-14.494435 -72.96451,-14.494313 -72.964505,-14.494276 -72.964493,-14.494251 -72.964499,-14.494179 -72.964507,-14.494156 -72.964529,-14.494133 -72.96455,-14.494068 -72.964572,-14.494036 -72.96457,-14.494004 -72.964582,-14.493985 -72.964583,-14.493931 -72.964567,-14.493915 -72.964538,-14.493914 -72.964506,-14.493928 -72.964482,-14.49393 -72.964379,-14.493927 -72.964346,-14.493919 -72.964312,-14.493929 -72.964216,-14.493937 -72.964168,-14.493933 -72.964069,-14.493972 -72.963992,-14.493961 -72.963885,-14.493916 -72.96387,-14.4939 -72.963877,-14.493889 -72.963875,-14.493875 -72.963853,-14.493845 -72.96386,-14.49384 -72.963855,-14.493834 -72.963773,-14.493785 -72.963729,-14.493737 -72.963634,-14.493695 -72.963608,-14.493662 -72.963562,-14.493641 -72.963532,-14.493602 -72.963508,-14.493544 -72.963422,-14.49344 -72.963402,-14.493422 -72.963329,-14.493391 -72.963279,-14.493353 -72.963249,-14.493313 -72.963153,-14.493143 -72.963048,-14.493042 -72.962992,-14.492921 -72.962916,-14.492864 -72.962843,-14.492839 -72.962773,-14.492802 -72.962751,-14.492781 -72.96273,-14.492705 -72.962716,-14.492684 -72.962679,-14.492661 -72.962564,-14.492631 -72.962538,-14.492602 -72.962527,-14.492568 -72.962505,-14.492539 -72.962478,-14.492532 -72.962418,-14.492536 -72.962363,-14.492527 -72.962313,-14.492502 -72.962291,-14.492485 -72.962279,-14.492465 -72.962251,-14.492405 -72.96225,-14.492378 -72.962262,-14.492356 -72.962247,-14.492298 -72.96215,-14.492183 -72.962139,-14.492141 -72.96209,-14.492054 -72.962092,-14.492028 -72.96208,-14.491984 -72.962043,-14.491936 -72.962028,-14.491924 -72.962005,-14.491919 -72.961999,-14.491879 -72.962013,-14.491879 -72.962013,-14.491863 -72.961999,-14.491793 -72.961929,-14.491723 -72.961926,-14.49163 -72.961937,-14.491563 -72.961935,-14.491545 -72.961905,-14.491503 -72.9619,-14.491477 -72.961902,-14.491277 -72.961878,-14.491245 -72.961828,-14.491084 -72.961805,-14.491051 -72.961767,-14.491035 -72.961765,-14.491021 -72.961772,-14.490993 -72.961788,-14.490974 -72.961782,-14.490958 -72.961798,-14.49094 -72.961788,-14.490837 -72.961815,-14.490759 -72.961815,-14.490708 -72.961805,-14.490677 -72.961779,-14.490637 -72.961769,-14.490592 -72.961739,-14.490516 -72.961714,-14.490499 -72.961701,-14.490459 -72.961653,-14.490433 -72.961624,-14.490389 -72.961583,-14.490349 -72.961524,-14.490248 -72.961456,-14.490166 -72.96139,-14.490105 -72.961388,-14.490062 -72.961399,-14.490031 -72.961416,-14.490024 -72.961428,-14.490006 -72.961494,-14.489977 -72.961556,-14.48993 -72.961632,-14.489858 -72.961649,-14.489806 -72.961665,-14.489721 -72.961583,-14.489693 -72.961557,-14.489657 -72.961567,-14.489593 -72.961594,-14.489528 -72.961586,-14.489492 -72.961567,-14.489479 -72.961504,-14.489487 -72.961473,-14.489479 -72.961436,-14.489449 -72.961411,-14.489398 -72.961396,-14.489391 -72.961378,-14.489361 -72.96128,-14.489304 -72.961188,-14.489273 -72.96115,-14.489252 -72.961091,-14.489235 -72.96104,-14.489232 -72.960968,-14.489194 -72.960925,-14.489158 -72.960859,-14.489123 -72.96078,-14.489051 -72.960749,-14.489038 -72.96069,-14.489039 -72.960659,-14.489024 -72.960647,-14.489005 -72.960633,-14.488952 -72.960637,-14.488901 -72.960579,-14.488727 -72.960568,-14.488651 -72.960568,-14.488593 -72.960578,-14.488536 -72.960602,-14.48846 -72.960589,-14.488342 -72.960559,-14.4883 -72.960563,-14.488284 -72.960541,-14.488246 -72.960541,-14.488222 -72.960531,-14.488213 -72.96047,-14.488198 -72.960447,-14.48817 -72.960444,-14.488126 -72.96046,-14.488096 -72.960482,-14.488075 -72.9605,-14.488009 -72.96048,-14.487967 -72.960431,-14.487912 -72.960374,-14.48777 -72.960383,-14.4877 -72.960366,-14.487606 -72.960338,-14.487556 -72.960318,-14.487489 -72.960184,-14.487425 -72.960086,-14.487297 -72.96006,-14.487241 -72.959872,-14.48712 -72.959841,-14.48709 -72.959778,-14.487066 -72.959637,-14.486987 -72.959547,-14.486859 -72.959514,-14.486827 -72.959515,-14.486809 -72.959494,-14.48677 -72.959414,-14.486672 -72.959358,-14.486567 -72.959318,-14.486513 -72.959322,-14.486485 -72.959307,-14.486406 -72.959314,-14.486378 -72.959281,-14.48627 -72.959259,-14.486235 -72.959267,-14.48621 -72.959263,-14.486194 -72.959258,-14.4862 -72.959251,-14.486196 -72.959239,-14.486116 -72.959239,-14.486066 -72.959273,-14.486017 -72.959286,-14.485945 -72.959273,-14.48585 -72.959288,-14.485773 -72.959271,-14.485722 -72.959164,-14.485661 -72.959011,-14.485619 -72.958989,-14.485606 -72.958983,-14.48559 -72.958967,-14.48553 -72.958971,-14.485494 -72.959023,-14.485422 -72.959038,-14.485296 -72.959068,-14.485207 -72.959065,-14.485101 -72.959072,-14.485078 -72.959028,-14.485024 -72.959007,-14.484983 -72.959036,-14.484858 -72.959027,-14.484854 -72.959051,-14.484816 -72.959128,-14.484751 -72.959143,-14.484696 -72.959141,-14.48465 -72.959122,-14.484604 -72.959052,-14.484553 -72.959028,-14.484526 -72.958948,-14.484368 -72.958851,-14.484289 -72.958842,-14.484272 -72.95884,-14.484234 -72.958874,-14.484148 -72.958873,-14.48412 -72.958871,-14.484097 -72.958821,-14.483984 -72.958814,-14.483937 -72.958817,-14.483918 -72.958854,-14.483871 -72.958877,-14.483805 -72.958876,-14.483716 -72.958898,-14.48365 -72.958975,-14.483587 -72.958998,-14.483552 -72.959045,-14.483504 -72.959051,-14.483483 -72.959045,-14.483449 -72.959025,-14.483434 -72.959025,-14.483421 -72.959036,-14.48339 -72.959039,-14.483378 -72.959039,-14.483377 -72.959035,-14.483383 -72.959012,-14.483352 -72.958998,-14.483346 -72.959003,-14.483311 -72.958985,-14.483235 -72.958987,-14.483206 -72.958965,-14.483157 -72.958944,-14.483082 -72.958946,-14.483027 -72.95894,-14.483004 -72.958947,-14.482964 -72.958926,-14.482877 -72.958924,-14.482821 -72.958906,-14.482781 -72.958907,-14.482704 -72.958892,-14.482656 -72.958901,-14.482448 -72.958874,-14.482382 -72.958877,-14.482338 -72.958864,-14.482282 -72.95887,-14.482232 -72.958848,-14.48205 -72.95884,-14.482038 -72.958874,-14.481928 -72.958883,-14.481767 -72.95891,-14.481734 -72.958945,-14.481656 -72.958942,-14.481511 -72.958983,-14.481437 -72.958992,-14.481368 -72.958981,-14.481319 -72.95892,-14.481217 -72.958917,-14.481194 -72.958878,-14.481142 -72.958864,-14.481059 -72.958843,-14.481009 -72.958825,-14.48088 -72.958829,-14.480845 -72.958821,-14.480826 -72.958839,-14.480777 -72.958836,-14.48075 -72.958847,-14.480704 -72.958838,-14.480656 -72.958861,-14.480604 -72.958834,-14.480523 -72.958814,-14.480499 -72.958797,-14.480461 -72.958758,-14.48041 -72.958607,-14.480299 -72.958501,-14.480205 -72.95848,-14.4802 -72.958333,-14.480114 -72.958318,-14.480096 -72.958274,-14.480067 -72.958249,-14.480066 -72.958207,-14.480048 -72.958087,-14.47997 -72.958066,-14.479945 -72.958,-14.479911 -72.957907,-14.479905 -72.957857,-14.479863 -72.95786,-14.479829 -72.95782,-14.479764 -72.957817,-14.47974 -72.957824,-14.479723 -72.957772,-14.4796 -72.957764,-14.479569 -72.957765,-14.479517 -72.957753,-14.479482 -72.957753,-14.479453 -72.957782,-14.479399 -72.957733,-14.47934 -72.957726,-14.479297 -72.957735,-14.479276 -72.957716,-14.4792 -72.957736,-14.479116 -72.957728,-14.478981 -72.95774,-14.478895 -72.957734,-14.478879 -72.957743,-14.478871 -72.957711,-14.478806 -72.957716,-14.478782 -72.957705,-14.478748 -72.957677,-14.478725 -72.957659,-14.478726 -72.957659,-14.478725 -72.957659,-14.478725 -72.957659,-14.478725 -72.957659,-14.478725 -72.957659,-14.478725 -72.957658,-14.478725 -72.957657,-14.478725 -72.957657,-14.478724 -72.957654,-14.478724 -72.957654,-14.478723 -72.957637,-14.478723 -72.957646,-14.478742 -72.957647,-14.478746 -72.957648,-14.478748 -72.957649,-14.478751 -72.957648,-14.478752 -72.957647,-14.478752 -72.957647,-14.478752 -72.957647,-14.478752 -72.957647,-14.478752 -72.95765,-14.478747 -72.95766,-14.478729 -72.957656,-14.478718 -72.957661,-14.478707 -72.957685,-14.478683 -72.957703,-14.478643 -72.95777,-14.478596 -72.957808,-14.478508 -72.957828,-14.478485 -72.957861,-14.478466 -72.957879,-14.478406 -72.957911,-14.47834 -72.957881,-14.478314 -72.957798,-14.478282 -72.957762,-14.47826 -72.957677,-14.47815 -72.957655,-14.478136 -72.957592,-14.478056 -72.95753,-14.477995 -72.957514,-14.477962 -72.95743,-14.477876 -72.957401,-14.477824 -72.957338,-14.477747 -72.957255,-14.477715 -72.957163,-14.477706 -72.957151,-14.47769 -72.957148,-14.477647 -72.95718,-14.4776 -72.957242,-14.477561 -72.957302,-14.477504 -72.95734,-14.477491 -72.957395,-14.477423 -72.957418,-14.47741 -72.957452,-14.47736 -72.957451,-14.47734 -72.957474,-14.477324 -72.957498,-14.477333 -72.95754,-14.477314 -72.957649,-14.477294 -72.957667,-14.477243 -72.957644,-14.477228 -72.957613,-14.477239 -72.957598,-14.477231 -72.95757,-14.477238 -72.957547,-14.477229 -72.957535,-14.47722 -72.957528,-14.477196 -72.957492,-14.477159 -72.957457,-14.477137 -72.957412,-14.477133 -72.957374,-14.477119 -72.957338,-14.477089 -72.957146,-14.477087 -72.957031,-14.477055 -72.956881,-14.477057 -72.956812,-14.47707 -72.9567,-14.477112 -72.956635,-14.477162 -72.956577,-14.477248 -72.956549,-14.47726 -72.956538,-14.477276 -72.956454,-14.477326 -72.956364,-14.477361 -72.956324,-14.477387 -72.956266,-14.477408 -72.956238,-14.477407 -72.956154,-14.477364 -72.956128,-14.477358 -72.956076,-14.477375 -72.95601,-14.477449 -72.95592,-14.4775 -72.955893,-14.477534 -72.955848,-14.477573 -72.955828,-14.477622 -72.955749,-14.477749 -72.955741,-14.477766 -72.95577,-14.47782 -72.955797,-14.47785 -72.955811,-14.477861 -72.955823,-14.477854 -72.955885,-14.477888 -72.955884,-14.477949 -72.95584,-14.478043 -72.955811,-14.478073 -72.955782,-14.478091 -72.955701,-14.478204 -72.95566,-14.478238 -72.955594,-14.478253 -72.955533,-14.478256 -72.955478,-14.478246 -72.955457,-14.478235 -72.955405,-14.478241 -72.955369,-14.47826 -72.955344,-14.478295 -72.955337,-14.478292 -72.955292,-14.478313 -72.955193,-14.478319 -72.955128,-14.478302 -72.955059,-14.478364 -72.954981,-14.47842 -72.954957,-14.478467 -72.954955,-14.478487 -72.954869,-14.478558 -72.95483,-14.478572 -72.954814,-14.478567 -72.954757,-14.478571 -72.954737,-14.478585 -72.954716,-14.478585 -72.954666,-14.478604 -72.954571,-14.478607 -72.954543,-14.478615 -72.954529,-14.478604 -72.95452,-14.478592 -72.954529,-14.4786 -72.954528,-14.4786 -72.954519,-14.478599 -72.954493,-14.478591 -72.95444,-14.478553 -72.954426,-14.478561 -72.954402,-14.478551 -72.954332,-14.478488 -72.954215,-14.478412 -72.954195,-14.478385 -72.954162,-14.478375 -72.954147,-14.478359 -72.954048,-14.478348 -72.954016,-14.47832 -72.953969,-14.478301 -72.953789,-14.478338 -72.953776,-14.478323 -72.953743,-14.478308 -72.953704,-14.478237 -72.95368,-14.47822 -72.953661,-14.478229 -72.953601,-14.47822 -72.953496,-14.478153 -72.953492,-14.47813 -72.95345,-14.478125 -72.953401,-14.478134 -72.953206,-14.478045 -72.953192,-14.478024 -72.953136,-14.478013 -72.95308,-14.477983 -72.953002,-14.477972 -72.952921,-14.47795 -72.952876,-14.477902 -72.952821,-14.477866 -72.952793,-14.477864 -72.952781,-14.477856 -72.952774,-14.477863 -72.952728,-14.477854 -72.952678,-14.477863 -72.952624,-14.477862 -72.952597,-14.477849 -72.952568,-14.477852 -72.952541,-14.477844 -72.952518,-14.477823 -72.95249,-14.477822 -72.952449,-14.477802 -72.952347,-14.477786 -72.952302,-14.477787 -72.952194,-14.477823 -72.952081,-14.477886 -72.952051,-14.477882 -72.951992,-14.477891 -72.951979,-14.477885 -72.951925,-14.477901 -72.951821,-14.477917 -72.951735,-14.477904 -72.951716,-14.477893 -72.951669,-14.477888 -72.951598,-14.477864 -72.951498,-14.477849 -72.951467,-14.47782 -72.951413,-14.477807 -72.951389,-14.47779 -72.951292,-14.477754 -72.951256,-14.477755 -72.951239,-14.477748 -72.95124,-14.477739 -72.951165,-14.477736 -72.951119,-14.477719 -72.951022,-14.477718 -72.950967,-14.477703 -72.950953,-14.47769 -72.950894,-14.477693 -72.950826,-14.477662 -72.950803,-14.477665 -72.950792,-14.477648 -72.950764,-14.477637 -72.950692,-14.47753 -72.950672,-14.477517 -72.950639,-14.477453 -72.950633,-14.477419 -72.950611,-14.477395 -72.950604,-14.477373 -72.950571,-14.477348 -72.950472,-14.477326 -72.950461,-14.477315 -72.950367,-14.477315 -72.95034,-14.477299 -72.950298,-14.477298 -72.950283,-14.477285 -72.950234,-14.477275 -72.950238,-14.477272 -72.950224,-14.477266 -72.950115,-14.477266 -72.950049,-14.477243 -72.949997,-14.477209 -72.949968,-14.477181 -72.949934,-14.477176 -72.949903,-14.477157 -72.949882,-14.477158 -72.949821,-14.477131 -72.949623,-14.47711 -72.949601,-14.477097 -72.949578,-14.477098 -72.949471,-14.477058 -72.949417,-14.477027 -72.949338,-14.477015 -72.94928,-14.476993 -72.949162,-14.476987 -72.949119,-14.476961 -72.949097,-14.476968 -72.949078,-14.476961 -72.949031,-14.476967 -72.949003,-14.476978 -72.948947,-14.476975 -72.948894,-14.476989 -72.948874,-14.476984 -72.948858,-14.476994 -72.948777,-14.476987 -72.948723,-14.476956 -72.948674,-14.476947 -72.948632,-14.476926 -72.94859,-14.476915 -72.94856,-14.476889 -72.948526,-14.476882 -72.948452,-14.476841 -72.948367,-14.47676 -72.948213,-14.476542 -72.948163,-14.47652 -72.948156,-14.476504 -72.948135,-14.476494 -72.948136,-14.476464 -72.94811,-14.47646 -72.948092,-14.476432 -72.948098,-14.476417 -72.948091,-14.476409 -72.948028,-14.476389 -72.948011,-14.476365 -72.947922,-14.476342 -72.947892,-14.47629 -72.947885,-14.476253 -72.947859,-14.476233 -72.947829,-14.476228 -72.94781,-14.476205 -72.947774,-14.47618 -72.947707,-14.476149 -72.94769,-14.476124 -72.94762,-14.476083 -72.947586,-14.476029 -72.947542,-14.475977 -72.947541,-14.475963 -72.94753,-14.475951 -72.947528,-14.475905 -72.947518,-14.475892 -72.947512,-14.475857 -72.947533,-14.475814 -72.947529,-14.475777 -72.94754,-14.475726 -72.947575,-14.475657 -72.947589,-14.475605 -72.947606,-14.475578 -72.947621,-14.475569 -72.947677,-14.475467 -72.94771,-14.475423 -72.94776,-14.475384 -72.947755,-14.475363 -72.947742,-14.475372 -72.947708,-14.475338 -72.947636,-14.475338 -72.947575,-14.475311 -72.947554,-14.475308 -72.947524,-14.475316 -72.947456,-14.475306 -72.947426,-14.475287 -72.947393,-14.475281 -72.947354,-14.475253 -72.947252,-14.475216 -72.947188,-14.475166 -72.947125,-14.475145 -72.94708,-14.475145 -72.94703,-14.475113 -72.947002,-14.475105 -72.946922,-14.475118 -72.946875,-14.475099 -72.946874,-14.475104 -72.946852,-14.475104 -72.946794,-14.475087 -72.946751,-14.475061 -72.946677,-14.475039 -72.946622,-14.475012 -72.946552,-14.474962 -72.946543,-14.474934 -72.946483,-14.474895 -72.94642,-14.474896 -72.946338,-14.474885 -72.946223,-14.474896 -72.946203,-14.474888 -72.946178,-14.474896 -72.946155,-14.47489 -72.946129,-14.474893 -72.946094,-14.474878 -72.946008,-14.474862 -72.94596,-14.474881 -72.94594,-14.474878 -72.945902,-14.474895 -72.945798,-14.474899 -72.945793,-14.474872 -72.945641,-14.474775 -72.945591,-14.474766 -72.945549,-14.474739 -72.945461,-14.474723 -72.945445,-14.474712 -72.945426,-14.474715 -72.945434,-14.47469 -72.945429,-14.474679 -72.945433,-14.474639 -72.945413,-14.474623 -72.945371,-14.474529 -72.945331,-14.474511 -72.945303,-14.474513 -72.94525,-14.474539 -72.945204,-14.474539 -72.945151,-14.4745 -72.945143,-14.47447 -72.945125,-14.47446 -72.945091,-14.474415 -72.945075,-14.474404 -72.945077,-14.474374 -72.945055,-14.474311 -72.945012,-14.474263 -72.945001,-14.474211 -72.944981,-14.474191 -72.944977,-14.474173 -72.944944,-14.47413 -72.944933,-14.474088 -72.944927,-14.47409 -72.944933,-14.474023 -72.94487,-14.473951 -72.944826,-14.473927 -72.944805,-14.473923 -72.944776,-14.473889 -72.944703,-14.473852 -72.944685,-14.473835 -72.944616,-14.473815 -72.944568,-14.47381 -72.944532,-14.473766 -72.944469,-14.473746 -72.944379,-14.473732 -72.944364,-14.473691 -72.944366,-14.473673 -72.944342,-14.473644 -72.944317,-14.473635 -72.944298,-14.473613 -72.944275,-14.473609 -72.944235,-14.473579 -72.944188,-14.473526 -72.94415,-14.473466 -72.944132,-14.473453 -72.944104,-14.473358 -72.944062,-14.473332 -72.944039,-14.473327 -72.94403,-14.473315 -72.94398,-14.473316 -72.94394,-14.473333 -72.943918,-14.47333 -72.94388,-14.473341 -72.94389,-14.473355 -72.943848,-14.473345 -72.943805,-14.473316 -72.94371,-14.473231 -72.943687,-14.473225 -72.943449,-14.473063 -72.943357,-14.472964 -72.943351,-14.472934 -72.94333,-14.472909 -72.943306,-14.472806 -72.943292,-14.472783 -72.94324,-14.472771 -72.943216,-14.472757 -72.94319,-14.472758 -72.943146,-14.472737 -72.943048,-14.472716 -72.943024,-14.472724 -72.942977,-14.472709 -72.942894,-14.472643 -72.942776,-14.472605 -72.942715,-14.472611 -72.942672,-14.472598 -72.942579,-14.472591 -72.942536,-14.472595 -72.9425,-14.472615 -72.942483,-14.472616 -72.942471,-14.472632 -72.942398,-14.472633 -72.942351,-14.472651 -72.942279,-14.472688 -72.942259,-14.472711 -72.942213,-14.472742 -72.942184,-14.472752 -72.942142,-14.47275 -72.942142,-14.472755 -72.942033,-14.472785 -72.942017,-14.472795 -72.941963,-14.472796 -72.941826,-14.472842 -72.94175,-14.472878 -72.941608,-14.472903 -72.941585,-14.47292 -72.941562,-14.472914 -72.941444,-14.472937 -72.941393,-14.472935 -72.941373,-14.472951 -72.941352,-14.472947 -72.941332,-14.472978 -72.941318,-14.472972 -72.941269,-14.472976 -72.941243,-14.472967 -72.941219,-14.472972 -72.941172,-14.473012 -72.941104,-14.473015 -72.941066,-14.47303 -72.940983,-14.473012 -72.940934,-14.473029 -72.940883,-14.47302 -72.940862,-14.473023 -72.940827,-14.473039 -72.940786,-14.473046 -72.940738,-14.473073 -72.940697,-14.47307 -72.940657,-14.473088 -72.940641,-14.473089 -72.940625,-14.473077 -72.940578,-14.473065 -72.940534,-14.473079 -72.94052,-14.473068 -72.940469,-14.473086 -72.94035,-14.473166 -72.940304,-14.473159 -72.940186,-14.473206 -72.940153,-14.473232 -72.940157,-14.473236 -72.940099,-14.473269 -72.940064,-14.473298 -72.940023,-14.473312 -72.939974,-14.47334 -72.939924,-14.473352 -72.93991,-14.473368 -72.939885,-14.473377 -72.939844,-14.473371 -72.939783,-14.473346 -72.939748,-14.473349 -72.939701,-14.473333 -72.939696,-14.473316 -72.939587,-14.473258 -72.939574,-14.473258 -72.939565,-14.473235 -72.939494,-14.473187 -72.939459,-14.473153 -72.939357,-14.473101 -72.939201,-14.473069 -72.93916,-14.473071 -72.939104,-14.473057 -72.939057,-14.473063 -72.939015,-14.473058 -72.938988,-14.473044 -72.938881,-14.473017 -72.938839,-14.472987 -72.938825,-14.47296 -72.938786,-14.472923 -72.938746,-14.472848 -72.938696,-14.472793 -72.938635,-14.472752 -72.938606,-14.472707 -72.938596,-14.472672 -72.938599,-14.472634 -72.938592,-14.472623 -72.938544,-14.472588 -72.93851,-14.472551 -72.938475,-14.472543 -72.938463,-14.472527 -72.938448,-14.472525 -72.938408,-14.472484 -72.938282,-14.472433 -72.938199,-14.472421 -72.938096,-14.472417 -72.938009,-14.472429 -72.937832,-14.472428 -72.93778,-14.472443 -72.937734,-14.472439 -72.93771,-14.472446 -72.93768,-14.472474 -72.937658,-14.47248 -72.937652,-14.47247 -72.937592,-14.47247 -72.937579,-14.472464 -72.937544,-14.472485 -72.937476,-14.472504 -72.937386,-14.472542 -72.93737,-14.472542 -72.937293,-14.472581 -72.93727,-14.472586 -72.937202,-14.472658 -72.937179,-14.472707 -72.937165,-14.472715 -72.937131,-14.472709 -72.93713,-14.472698 -72.937094,-14.472687 -72.937052,-14.472689 -72.937025,-14.472679 -72.936979,-14.472682 -72.936843,-14.472714 -72.936799,-14.472709 -72.936725,-14.47268 -72.936605,-14.472549 -72.936539,-14.472521 -72.936506,-14.472498 -72.936467,-14.472482 -72.936351,-14.472473 -72.936307,-14.472476 -72.936272,-14.472482 -72.936194,-14.472512 -72.936137,-14.472551 -72.936061,-14.472625 -72.936028,-14.472639 -72.936017,-14.472668 -72.935946,-14.472692 -72.935877,-14.472739 -72.93586,-14.472758 -72.935838,-14.47276 -72.935817,-14.472774 -72.935777,-14.472824 -72.935736,-14.472843 -72.935723,-14.472861 -72.935679,-14.472877 -72.935644,-14.472909 -72.935579,-14.472922 -72.935531,-14.472979 -72.935457,-14.47303 -72.935374,-14.473056 -72.935331,-14.473106 -72.935261,-14.473084 -72.935254,-14.473069 -72.93523,-14.473061 -72.935186,-14.473095 -72.935148,-14.473085 -72.9351,-14.473059 -72.934987,-14.473087 -72.934924,-14.473076 -72.934894,-14.473056 -72.934865,-14.473052 -72.93477,-14.473079 -72.934724,-14.473168 -72.934714,-14.473211 -72.934633,-14.473261 -72.934563,-14.473282 -72.934508,-14.473285 -72.934469,-14.473306 -72.934445,-14.473286 -72.934395,-14.473337 -72.934372,-14.473353 -72.93435,-14.473354 -72.934326,-14.47338 -72.934307,-14.473388 -72.93423,-14.473371 -72.934161,-14.473399 -72.934122,-14.473435 -72.934086,-14.473437 -72.934065,-14.473455 -72.933993,-14.473461 -72.933979,-14.473461 -72.933981,-14.473449 -72.933968,-14.473447 -72.933885,-14.473502 -72.933838,-14.473513 -72.933829,-14.473524 -72.933799,-14.473533 -72.933782,-14.473536 -72.933757,-14.47351 -72.933732,-14.473509 -72.933707,-14.473521 -72.933681,-14.473553 -72.933676,-14.473605 -72.93366,-14.473621 -72.933568,-14.473649 -72.933513,-14.473676 -72.933485,-14.473714 -72.933399,-14.473772 -72.933314,-14.473786 -72.933253,-14.473775 -72.933197,-14.473782 -72.933176,-14.473772 -72.933161,-14.473776 -72.933113,-14.473767 -72.933073,-14.473785 -72.933042,-14.473784 -72.932999,-14.473803 -72.932981,-14.4738 -72.932929,-14.473827 -72.932862,-14.47382 -72.932783,-14.473822 -72.932745,-14.473843 -72.932703,-14.473887 -72.93268,-14.47389 -72.932597,-14.473933 -72.932561,-14.473942 -72.932561,-14.47395 -72.932535,-14.473969 -72.932512,-14.473968 -72.932501,-14.473982 -72.932443,-14.474002 -72.932429,-14.474017 -72.932388,-14.474014 -72.932356,-14.474071 -72.932325,-14.474097 -72.932299,-14.474093 -72.93226,-14.474138 -72.932234,-14.474152 -72.932191,-14.474148 -72.932167,-14.474116 -72.932122,-14.474079 -72.932032,-14.474102 -72.93201,-14.474099 -72.931999,-14.474115 -72.931931,-14.474168 -72.931909,-14.474177 -72.931858,-14.474253 -72.931845,-14.474291 -72.931817,-14.47432 -72.931709,-14.474338 -72.93167,-14.474363 -72.931665,-14.474375 -72.931608,-14.474389 -72.931589,-14.474404 -72.931563,-14.474406 -72.931538,-14.474424 -72.931512,-14.47446 -72.931428,-14.474465 -72.931357,-14.474509 -72.931346,-14.474503 -72.931333,-14.474507 -72.93132,-14.474515 -72.931289,-14.474562 -72.931275,-14.474564 -72.931267,-14.474578 -72.931239,-14.474597 -72.931217,-14.474637 -72.931204,-14.474644 -72.93118,-14.474648 -72.931135,-14.474633 -72.931105,-14.474633 -72.931046,-14.474659 -72.931032,-14.474684 -72.930922,-14.474736 -72.930893,-14.474731 -72.930837,-14.474704 -72.930759,-14.47471 -72.930669,-14.474751 -72.930636,-14.47479 -72.930602,-14.47481 -72.93055,-14.474789 -72.93052,-14.474765 -72.930489,-14.474755 -72.930486,-14.47476 -72.930498,-14.474772 -72.930501,-14.474822 -72.93049,-14.474844 -72.930474,-14.474843 -72.930416,-14.474809 -72.930366,-14.474797 -72.930332,-14.474761 -72.930292,-14.474752 -72.930235,-14.474723 -72.930223,-14.474706 -72.930188,-14.474681 -72.930168,-14.474682 -72.930154,-14.474699 -72.930109,-14.474678 -72.930084,-14.474675 -72.930057,-14.474684 -72.930032,-14.474703 -72.929988,-14.474661 -72.929962,-14.474649 -72.929913,-14.474562 -72.929883,-14.47456 -72.929864,-14.474702 -72.929826,-14.474703 -72.929811,-14.474662 -72.929792,-14.474668 -72.929769,-14.474661 -72.929751,-14.474722 -72.929739,-14.474735 -72.929693,-14.474746 -72.92966,-14.474769 -72.92964,-14.474773 -72.929582,-14.474761 -72.929527,-14.474773 -72.929486,-14.474788 -72.929429,-14.474828 -72.929371,-14.474849 -72.929289,-14.47483 -72.929223,-14.474797 -72.929201,-14.474771 -72.929168,-14.474764 -72.929126,-14.474725 -72.929097,-14.474719 -72.929028,-14.474681 -72.928995,-14.474671 -72.928914,-14.474678 -72.928901,-14.474672 -72.928868,-14.474674 -72.928805,-14.474695 -72.928759,-14.474683 -72.928721,-14.474649 -72.928693,-14.474597 -72.928654,-14.474555 -72.928551,-14.474527 -72.928497,-14.474476 -72.928475,-14.474465 -72.928437,-14.47445 -72.92836,-14.474439 -72.92824,-14.474383 -72.92815,-14.474397 -72.928111,-14.474367 -72.928027,-14.474351 -72.927954,-14.47435 -72.927931,-14.474356 -72.927777,-14.474338 -72.927742,-14.474356 -72.92772,-14.474354 -72.927711,-14.474346 -72.927664,-14.474348 -72.927652,-14.474339 -72.927626,-14.474341 -72.927612,-14.474335 -72.92756,-14.474295 -72.927512,-14.474152 -72.927468,-14.474077 -72.927369,-14.474023 -72.92735,-14.474002 -72.927337,-14.473963 -72.927309,-14.473945 -72.927314,-14.473924 -72.927343,-14.473884 -72.927331,-14.473868 -72.927248,-14.473845 -72.927201,-14.473843 -72.927153,-14.47382 -72.927133,-14.473792 -72.927082,-14.473785 -72.927021,-14.473749 -72.926972,-14.473738 -72.926935,-14.473707 -72.926913,-14.473662 -72.926915,-14.473624 -72.92688,-14.473566 -72.926893,-14.473528 -72.926886,-14.473478 -72.926846,-14.473428 -72.926823,-14.473385 -72.926821,-14.473358 -72.92679,-14.47329 -72.926766,-14.473258 -72.926729,-14.473232 -72.926712,-14.473233 -72.926693,-14.473206 -72.926671,-14.473203 -72.926496,-14.473027 -72.926435,-14.47298 -72.926399,-14.472933 -72.926355,-14.472906 -72.926283,-14.472887 -72.926219,-14.472819 -72.926194,-14.472802 -72.926215,-14.472811 -72.926221,-14.472805 -72.926159,-14.472745 -72.926125,-14.472688 -72.926106,-14.472669 -72.926109,-14.47266 -72.926092,-14.472611 -72.926067,-14.47257 -72.926067,-14.472552 -72.926087,-14.472511 -72.926088,-14.472493 -72.926079,-14.472484 -72.926082,-14.472442 -72.926065,-14.472394 -72.926055,-14.472385 -72.926048,-14.472346 -72.926029,-14.4723 -72.925972,-14.472273 -72.925917,-14.472221 -72.925907,-14.472203 -72.925889,-14.472201 -72.925789,-14.472139 -72.92571,-14.472108 -72.925698,-14.472091 -72.92566,-14.472085 -72.925599,-14.472031 -72.925568,-14.472019 -72.925515,-14.471974 -72.925481,-14.471961 -72.925479,-14.471945 -72.925386,-14.471817 -72.925383,-14.471801 -72.925354,-14.471755 -72.925358,-14.471693 -72.925386,-14.47157 -72.925382,-14.471472 -72.925358,-14.471414 -72.925334,-14.471384 -72.925347,-14.471367 -72.925336,-14.471345 -72.925332,-14.471304 -72.925306,-14.471217 -72.925297,-14.4712 -72.925227,-14.471145 -72.925146,-14.471039 -72.925123,-14.471029 -72.925109,-14.471008 -72.925104,-14.470984 -72.925105,-14.470963 -72.925119,-14.470953 -72.925119,-14.470952 -72.92512,-14.470951 -72.92512,-14.47095 -72.92512,-14.470951 -72.925124,-14.47094 -72.925125,-14.470938 -72.925104,-14.470876 -72.925026,-14.470817 -72.925027,-14.470791 -72.925016,-14.470772 -72.924933,-14.470712 -72.924918,-14.470691 -72.924887,-14.470675 -72.924868,-14.470644 -72.924867,-14.470611 -72.924845,-14.470518 -72.92481,-14.470472 -72.924802,-14.470441 -72.924701,-14.470345 -72.924689,-14.47032 -72.924689,-14.470297 -72.924681,-14.470295 -72.924702,-14.470244 -72.92468,-14.470159 -72.924649,-14.470107 -72.924644,-14.470054 -72.924628,-14.470036 -72.924607,-14.46999 -72.924611,-14.469978 -72.924601,-14.469925 -72.924554,-14.469842 -72.924562,-14.469781 -72.924556,-14.469755 -72.924526,-14.469692 -72.924509,-14.469679 -72.92445,-14.469584 -72.924395,-14.469537 -72.924312,-14.4695 -72.924309,-14.469483 -72.924326,-14.469424 -72.924331,-14.469362 -72.924351,-14.469334 -72.924307,-14.469311 -72.924299,-14.46928 -72.924268,-14.469255 -72.924174,-14.469279 -72.924097,-14.469221 -72.924049,-14.469207 -72.924008,-14.469205 -72.923993,-14.46918 -72.923941,-14.46916 -72.923866,-14.4691 -72.923844,-14.469049 -72.923777,-14.469021 -72.92377,-14.469011 -72.92378,-14.468981 -72.923729,-14.468924 -72.923718,-14.468884 -72.923671,-14.468803 -72.923606,-14.468757 -72.923542,-14.468675 -72.923526,-14.468665 -72.923497,-14.468609 -72.923491,-14.468555 -72.923472,-14.468514 -72.92346,-14.468504 -72.923455,-14.468472 -72.923439,-14.468449 -72.923406,-14.46841 -72.923385,-14.468403 -72.923324,-14.468358 -72.923211,-14.468257 -72.923144,-14.46826 -72.923105,-14.468254 -72.923028,-14.468206 -72.92296,-14.468176 -72.922905,-14.468133 -72.922871,-14.468123 -72.922845,-14.468105 -72.922827,-14.468102 -72.922785,-14.468112 -72.922689,-14.468079 -72.922622,-14.46804 -72.922583,-14.468031 -72.922573,-14.468017 -72.922536,-14.468019 -72.922513,-14.468008 -72.922499,-14.467991 -72.922473,-14.467987 -72.922444,-14.468 -72.922419,-14.467975 -72.92235,-14.467944 -72.922327,-14.467924 -72.922298,-14.467911 -72.922249,-14.467855 -72.922229,-14.4678 -72.922204,-14.467792 -72.922137,-14.467735 -72.922096,-14.46767 -72.922041,-14.467613 -72.922007,-14.467604 -72.921985,-14.467586 -72.921984,-14.467566 -72.921949,-14.467551 -72.92192,-14.4675 -72.921931,-14.467489 -72.921917,-14.467458 -72.921878,-14.467433 -72.921859,-14.467412 -72.921809,-14.467318 -72.921704,-14.467213 -72.921698,-14.467193 -72.921649,-14.467139 -72.921615,-14.467069 -72.921608,-14.467022 -72.921597,-14.467015 -72.921595,-14.467 -72.921519,-14.466943 -72.921476,-14.466889 -72.921452,-14.46687 -72.921454,-14.46686 -72.921439,-14.466836 -72.921398,-14.466829 -72.921322,-14.466843 -72.921239,-14.46684 -72.921162,-14.466825 -72.921115,-14.466801 -72.921091,-14.4668 -72.921057,-14.46677 -72.921018,-14.466759 -72.920871,-14.466607 -72.920843,-14.466569 -72.920843,-14.46655 -72.920736,-14.466419 -72.920682,-14.466311 -72.920628,-14.466265 -72.920594,-14.46622 -72.920571,-14.466174 -72.920515,-14.466112 -72.920442,-14.466007 -72.920426,-14.465954 -72.92038,-14.465896 -72.920373,-14.465824 -72.920379,-14.465799 -72.920367,-14.465788 -72.920366,-14.465763 -72.920374,-14.465708 -72.920321,-14.465628 -72.920309,-14.465587 -72.920343,-14.46549 -72.920334,-14.465477 -72.920231,-14.465404 -72.920124,-14.465367 -72.92008,-14.465345 -72.920061,-14.465326 -72.920027,-14.465308 -72.920004,-14.465304 -72.919993,-14.465291 -72.919965,-14.465282 -72.919881,-14.465233 -72.919813,-14.465226 -72.919812,-14.46522 -72.919775,-14.465217 -72.919715,-14.465192 -72.919687,-14.465188 -72.919623,-14.46516 -72.919516,-14.465128 -72.919443,-14.465085 -72.91937,-14.465025 -72.919311,-14.46499 -72.919294,-14.464964 -72.919249,-14.464936 -72.919193,-14.464876 -72.919175,-14.464837 -72.919199,-14.464775 -72.919172,-14.464748 -72.919146,-14.464737 -72.919083,-14.464767 -72.919039,-14.464722 -72.918977,-14.464636 -72.91894,-14.464605 -72.918927,-14.464586 -72.918923,-14.464555 -72.91896,-14.464401 -72.918958,-14.464366 -72.918972,-14.464307 -72.918943,-14.464188 -72.918938,-14.464138 -72.918924,-14.464108 -72.91892,-14.464063 -72.918903,-14.464021 -72.918906,-14.46392 -72.918918,-14.46392 -72.918907,-14.463837 -72.918898,-14.463816 -72.918896,-14.463737 -72.918889,-14.463717 -72.91888,-14.463715 -72.918887,-14.463679 -72.918884,-14.463651 -72.918866,-14.463625 -72.918865,-14.463607 -72.918816,-14.463581 -72.918806,-14.463567 -72.918782,-14.463485 -72.91876,-14.463465 -72.91874,-14.463426 -72.918719,-14.463376 -72.918711,-14.463333 -72.918718,-14.463256 -72.918706,-14.463172 -72.918656,-14.463101 -72.918613,-14.463058 -72.918575,-14.463038 -72.918567,-14.463024 -72.918537,-14.463018 -72.918459,-14.462967 -72.918407,-14.462955 -72.918356,-14.462931 -72.918328,-14.4629 -72.918272,-14.462861 -72.918197,-14.462885 -72.918167,-14.462911 -72.918099,-14.462917 -72.918001,-14.462907 -72.917956,-14.462914 -72.917939,-14.462924 -72.917903,-14.462915 -72.917882,-14.462889 -72.917813,-14.462853 -72.917773,-14.462793 -72.917761,-14.46276 -72.917756,-14.462731 -72.917764,-14.462701 -72.917802,-14.46265 -72.917801,-14.462632 -72.917817,-14.462585 -72.917813,-14.462561 -72.91776,-14.462513 -72.917695,-14.462464 -72.917603,-14.462411 -72.917487,-14.462316 -72.917408,-14.462279 -72.917337,-14.462227 -72.917262,-14.462189 -72.917209,-14.462152 -72.917035,-14.462068 -72.916997,-14.46204 -72.916878,-14.461986 -72.916732,-14.461891 -72.916625,-14.461838 -72.916585,-14.461829 -72.916407,-14.461747 -72.91613,-14.461567 -72.916017,-14.461511 -72.915901,-14.461472 -72.91588,-14.461459 -72.91581,-14.461441 -72.915719,-14.461399 -72.915588,-14.461215 -72.91551,-14.461161 -72.915472,-14.461117 -72.915468,-14.461103 -72.915421,-14.461077 -72.915373,-14.461041 -72.915356,-14.461018 -72.915299,-14.460981 -72.915255,-14.460935 -72.915211,-14.460838 -72.915144,-14.460767 -72.915063,-14.460713 -72.91504,-14.460706 -72.914987,-14.460709 -72.914968,-14.4607 -72.914955,-14.460702 -72.914921,-14.460732 -72.914902,-14.460738 -72.914889,-14.460738 -72.914893,-14.460735 -72.914882,-14.460728 -72.914815,-14.460716 -72.914735,-14.460718 -72.914712,-14.46072 -72.914688,-14.46074 -72.914648,-14.460746 -72.914584,-14.460724 -72.914576,-14.460739 -72.914561,-14.460743 -72.914508,-14.460732 -72.914468,-14.460742 -72.91444,-14.460727 -72.914407,-14.460729 -72.914375,-14.460701 -72.914354,-14.460695 -72.914337,-14.460695 -72.914323,-14.460704 -72.914284,-14.460696 -72.914261,-14.460707 -72.914242,-14.460702 -72.914218,-14.460712 -72.914204,-14.460697 -72.914187,-14.460723 -72.914185,-14.460743 -72.914191,-14.460757 -72.914225,-14.460781 -72.914225,-14.460799 -72.914212,-14.460805 -72.914175,-14.460794 -72.914158,-14.460765 -72.914141,-14.460769 -72.914139,-14.460779 -72.914062,-14.460766 -72.914018,-14.460754 -72.913987,-14.460732 -72.913934,-14.460737 -72.913909,-14.460723 -72.913883,-14.460721 -72.913836,-14.460733 -72.91381,-14.460724 -72.913719,-14.460742 -72.913703,-14.460733 -72.913682,-14.460736 -72.913633,-14.460683 -72.913588,-14.460665 -72.913564,-14.46064 -72.913535,-14.460642 -72.913484,-14.460628 -72.913451,-14.460601 -72.913426,-14.460601 -72.913341,-14.460558 -72.913187,-14.460518 -72.913145,-14.460494 -72.913082,-14.460493 -72.913067,-14.460505 -72.913042,-14.46051 -72.912965,-14.460546 -72.912908,-14.460542 -72.912901,-14.460532 -72.912888,-14.46053 -72.912759,-14.46056 -72.912661,-14.460521 -72.912568,-14.460472 -72.912532,-14.460475 -72.912503,-14.460462 -72.912474,-14.460459 -72.912437,-14.460411 -72.912418,-14.460365 -72.912339,-14.460287 -72.912205,-14.460223 -72.912192,-14.460205 -72.912118,-14.460172 -72.912098,-14.460156 -72.911978,-14.460174 -72.911922,-14.460138 -72.911885,-14.460127 -72.911844,-14.460144 -72.911802,-14.460138 -72.911767,-14.460113 -72.911674,-14.460126 -72.911645,-14.460114 -72.911601,-14.460067 -72.911598,-14.460052 -72.911566,-14.460036 -72.911433,-14.460039 -72.911354,-14.460013 -72.91133,-14.459967 -72.911312,-14.459865 -72.911286,-14.4598 -72.911268,-14.459776 -72.911155,-14.45973 -72.911112,-14.459736 -72.91099,-14.459716 -72.910913,-14.459616 -72.910872,-14.459582 -72.910841,-14.459543 -72.910813,-14.459494 -72.910802,-14.459428 -72.910826,-14.459365 -72.910837,-14.459356 -72.910852,-14.459274 -72.910848,-14.459251 -72.910855,-14.459208 -72.910855,-14.459012 -72.910861,-14.458955 -72.910855,-14.458925 -72.910862,-14.458914 -72.910858,-14.458889 -72.910864,-14.458847 -72.910856,-14.458835 -72.91085,-14.45875 -72.910815,-14.458617 -72.910828,-14.458485 -72.910843,-14.458444 -72.910851,-14.458319 -72.910837,-14.458299 -72.910832,-14.458256 -72.910799,-14.458172 -72.910801,-14.458143 -72.910783,-14.458023 -72.910791,-14.458008 -72.910787,-14.457967 -72.910795,-14.457921 -72.910787,-14.457905 -72.91079,-14.457881 -72.910827,-14.457766 -72.910872,-14.457663 -72.910899,-14.457624 -72.910924,-14.457552 -72.91094,-14.457461 -72.910971,-14.45739 -72.910993,-14.457365 -72.910993,-14.457354 -72.911063,-14.45725 -72.911113,-14.457187 -72.911156,-14.457146 -72.911201,-14.457078 -72.911214,-14.457027 -72.911252,-14.456974 -72.911278,-14.45691 -72.911304,-14.456877 -72.911319,-14.456805 -72.911353,-14.456723 -72.911348,-14.456648 -72.91138,-14.456492 -72.911429,-14.45641 -72.911449,-14.456343 -72.911484,-14.456309 -72.911478,-14.456265 -72.911488,-14.456243 -72.911503,-14.456214 -72.911535,-14.456188 -72.911555,-14.456139 -72.911548,-14.456081 -72.911532,-14.456037 -72.911431,-14.455957 -72.911351,-14.455917 -72.911304,-14.45591 -72.911289,-14.455896 -72.911305,-14.455843 -72.91132,-14.455823 -72.911446,-14.455673 -72.9115,-14.455633 -72.911524,-14.455596 -72.911544,-14.455586 -72.911595,-14.45551 -72.911624,-14.45543 -72.911626,-14.455371 -72.911649,-14.455336 -72.911664,-14.45529 -72.911677,-14.455273 -72.911678,-14.455255 -72.911704,-14.455215 -72.911727,-14.455197 -72.911775,-14.455111 -72.911831,-14.455043 -72.911893,-14.454931 -72.911917,-14.454855 -72.911943,-14.454814 -72.912017,-14.454732 -72.91209,-14.454621 -72.912133,-14.454518 -72.912234,-14.45434 -72.912293,-14.454187 -72.912297,-14.45416 -72.91235,-14.454074 -72.912368,-14.454031 -72.912377,-14.454023 -72.912404,-14.454019 -72.9124,-14.453957 -72.912407,-14.453838 -72.912399,-14.453784 -72.912405,-14.453729 -72.912393,-14.45371 -72.912394,-14.453677 -72.912364,-14.45362 -72.912322,-14.453562 -72.912298,-14.453433 -72.912294,-14.453388 -72.912307,-14.453308 -72.912324,-14.453258 -72.912324,-14.453216 -72.912366,-14.453106 -72.912367,-14.453062 -72.912385,-14.453037 -72.912397,-14.453003 -72.912414,-14.452993 -72.912447,-14.452926 -72.912463,-14.4528 -72.912475,-14.452758 -72.912491,-14.452732 -72.912501,-14.452683 -72.912599,-14.452437 -72.9126,-14.452419 -72.91261,-14.452404 -72.912605,-14.452385 -72.912615,-14.452366 -72.912617,-14.452339 -72.912673,-14.452167 -72.912702,-14.452113 -72.912704,-14.452085 -72.91272,-14.452053 -72.91272,-14.452007 -72.912725,-14.451988 -72.912746,-14.451965 -72.912782,-14.451807 -72.912793,-14.451726 -72.91279,-14.451667 -72.912822,-14.451572 -72.912827,-14.451521 -72.912859,-14.451462 -72.912933,-14.45125 -72.912936,-14.451173 -72.912967,-14.451123 -72.912986,-14.451071 -72.912991,-14.45101 -72.913019,-14.450905 -72.913081,-14.450772 -72.91309,-14.45078 -72.913097,-14.45078 -72.913095,-14.450776 -72.913092,-14.450778 -72.913108,-14.450736 -72.913116,-14.450647 -72.913137,-14.45059 -72.913175,-14.450537 -72.913189,-14.450535 -72.913229,-14.450554 -72.913244,-14.450604 -72.91326,-14.450614</coordinates></LineString></MultiGeometry>
  </Placemark>
  <Placemark id="Route.11">
	<name>26 julio</name>
	<description>&lt;b&gt;Descripción:&lt;/b&gt; Vuelta&lt;br&gt;&lt;b&gt;Inicio:&lt;/b&gt; 2007-07-26 11:23:39&lt;br&gt;&lt;b&gt;Fin:&lt;/b&gt; 2007-07-26 14:01:17&lt;br&gt;&lt;b&gt;Duración:&lt;/b&gt; 2.6 horas&lt;br&gt;</description>
	<Style><LineStyle><color>FF1c1ae3</color><width>4.25196</width></LineStyle><PolyStyle><fill>0</fill></PolyStyle></Style>
	<ExtendedData><SchemaData schemaUrl="#Route">
		<SimpleData name="fid">2</SimpleData>
		<SimpleData name="duracion">2.63</SimpleData>
		<SimpleData name="inicio_local">2007-07-26 11:23:39</SimpleData>
		<SimpleData name="fin_local">2007-07-26 14:01:17</SimpleData>
		<SimpleData name="nombre">26 julio</SimpleData>
		<SimpleData name="descrip">Vuelta</SimpleData>
	</SchemaData></ExtendedData>
      <MultiGeometry><LineString><coordinates>-72.913274287291,-14.450638 -72.913251,-14.450586 -72.913236,-14.45057 -72.913188,-14.450551 -72.913175,-14.450555 -72.913127,-14.450609 -72.913106,-14.450654 -72.913105,-14.450671 -72.913089,-14.450685 -72.913076,-14.450715 -72.913065,-14.450816 -72.913044,-14.450851 -72.913029,-14.450924 -72.913013,-14.450934 -72.913007,-14.450954 -72.913007,-14.451041 -72.912985,-14.451072 -72.912991,-14.451096 -72.912976,-14.45113 -72.912952,-14.451156 -72.912931,-14.451211 -72.912933,-14.451229 -72.912919,-14.451283 -72.912857,-14.451428 -72.912867,-14.451444 -72.912854,-14.451528 -72.912827,-14.451576 -72.912795,-14.451697 -72.912798,-14.451717 -72.912785,-14.451784 -72.912793,-14.451824 -72.912769,-14.451888 -72.912747,-14.451913 -72.912725,-14.451961 -72.912737,-14.451978 -72.91269,-14.45208 -72.912679,-14.452138 -72.912665,-14.452164 -72.912666,-14.452186 -72.912639,-14.452244 -72.912641,-14.452286 -72.912586,-14.452318 -72.912567,-14.452359 -72.912577,-14.45238 -72.912574,-14.452416 -72.912584,-14.452435 -72.912585,-14.452457 -72.912564,-14.452483 -72.912553,-14.452532 -72.912537,-14.452558 -72.912497,-14.452704 -72.912497,-14.452756 -72.912455,-14.452848 -72.912425,-14.453078 -72.912376,-14.453237 -72.912376,-14.453266 -72.912352,-14.453303 -72.912316,-14.45346 -72.912319,-14.453507 -72.912403,-14.453674 -72.912419,-14.453833 -72.912406,-14.453918 -72.912364,-14.454008 -72.912338,-14.454106 -72.912284,-14.454196 -72.912265,-14.454243 -72.912245,-14.454262 -72.912204,-14.454343 -72.912177,-14.454376 -72.912161,-14.454423 -72.91209,-14.45454 -72.912056,-14.454609 -72.912041,-14.454668 -72.911907,-14.454855 -72.911848,-14.45497 -72.911714,-14.455147 -72.911645,-14.455322 -72.911631,-14.455389 -72.911605,-14.455443 -72.911593,-14.455499 -72.911567,-14.45555 -72.911459,-14.455672 -72.911378,-14.455726 -72.911354,-14.455752 -72.911328,-14.455758 -72.911306,-14.455781 -72.911267,-14.455802 -72.911232,-14.455845 -72.911182,-14.455865 -72.911157,-14.455884 -72.911098,-14.455943 -72.911061,-14.455999 -72.911044,-14.456049 -72.911001,-14.456125 -72.910945,-14.456194 -72.91086,-14.45635 -72.910845,-14.456395 -72.910853,-14.456413 -72.910818,-14.456439 -72.910773,-14.456498 -72.910745,-14.456563 -72.9106,-14.45679 -72.910591,-14.456837 -72.910575,-14.456857 -72.910576,-14.456917 -72.910565,-14.456995 -72.910512,-14.457137 -72.910496,-14.457156 -72.910471,-14.457169 -72.91046,-14.45719 -72.910384,-14.457251 -72.910367,-14.457274 -72.91034,-14.45729 -72.910324,-14.457318 -72.910277,-14.457336 -72.910197,-14.457386 -72.910102,-14.457469 -72.91005,-14.457549 -72.910021,-14.457576 -72.909987,-14.457636 -72.909956,-14.457796 -72.909904,-14.457986 -72.909898,-14.458036 -72.909908,-14.458153 -72.909904,-14.458214 -72.909877,-14.458313 -72.909879,-14.458364 -72.909864,-14.458432 -72.909862,-14.458492 -72.909819,-14.458583 -72.909785,-14.45868 -72.909764,-14.458703 -72.909767,-14.458756 -72.909749,-14.458804 -72.909752,-14.458824 -72.909735,-14.458853 -72.909732,-14.458927 -72.90969,-14.459074 -72.909613,-14.459262 -72.909568,-14.459327 -72.90957,-14.45935 -72.909534,-14.459427 -72.909506,-14.459471 -72.909441,-14.45954 -72.909433,-14.459563 -72.909397,-14.459606 -72.909394,-14.459628 -72.909369,-14.459674 -72.909347,-14.459738 -72.909347,-14.459761 -72.909304,-14.459857 -72.909311,-14.459979 -72.909302,-14.460017 -72.909384,-14.460255 -72.90943,-14.460324 -72.909472,-14.460409 -72.909498,-14.460429 -72.909527,-14.460466 -72.909551,-14.460485 -72.909599,-14.460505 -72.909682,-14.460509 -72.909697,-14.460498 -72.909693,-14.460495 -72.909692,-14.460493 -72.90972,-14.460509 -72.909811,-14.460517 -72.909886,-14.460538 -72.909944,-14.460541 -72.910131,-14.460575 -72.910177,-14.460614 -72.910272,-14.460638 -72.910352,-14.460705 -72.910413,-14.460717 -72.910468,-14.460744 -72.910514,-14.460806 -72.910556,-14.460832 -72.910575,-14.460865 -72.910595,-14.460884 -72.910662,-14.460926 -72.910693,-14.460966 -72.910712,-14.460974 -72.91074,-14.461013 -72.910805,-14.461063 -72.910712,-14.461052 -72.91064,-14.461055 -72.910534,-14.461048 -72.910513,-14.461037 -72.910416,-14.461027 -72.91038,-14.461011 -72.910293,-14.46099 -72.910277,-14.460974 -72.910202,-14.460938 -72.910119,-14.460923 -72.91008,-14.460908 -72.910125,-14.46094 -72.910192,-14.460958 -72.910194,-14.460993 -72.910203,-14.461008 -72.910186,-14.461008 -72.910166,-14.461035 -72.910133,-14.461034 -72.910097,-14.461047 -72.909997,-14.461039 -72.909921,-14.461073 -72.909893,-14.461097 -72.909883,-14.461126 -72.90987,-14.461132 -72.909866,-14.461145 -72.909826,-14.461168 -72.909798,-14.461201 -72.909759,-14.461218 -72.90974,-14.461242 -72.909709,-14.461257 -72.909536,-14.461389 -72.909438,-14.461441 -72.909287,-14.46148 -72.909252,-14.461521 -72.909174,-14.461584 -72.909141,-14.46163 -72.909119,-14.461706 -72.909072,-14.46181 -72.909032,-14.46187 -72.908999,-14.461891 -72.908986,-14.461909 -72.908916,-14.461952 -72.908884,-14.461993 -72.908752,-14.462188 -72.908718,-14.462277 -72.90864,-14.462418 -72.908624,-14.46247 -72.908596,-14.462486 -72.908583,-14.462505 -72.908573,-14.46253 -72.908571,-14.462577 -72.908557,-14.462605 -72.908516,-14.462765 -72.908454,-14.462842 -72.908448,-14.462866 -72.908452,-14.462915 -72.908433,-14.462992 -72.908432,-14.463076 -72.908405,-14.463141 -72.908404,-14.46316 -72.90838,-14.463205 -72.908364,-14.463265 -72.90834,-14.463274 -72.908351,-14.46332 -72.908334,-14.46337 -72.908323,-14.463453 -72.908304,-14.463508 -72.908285,-14.463519 -72.908274,-14.463537 -72.908266,-14.463588 -72.908244,-14.463607 -72.908255,-14.463639 -72.908254,-14.463688 -72.908259,-14.463704 -72.908285,-14.46373 -72.908294,-14.463777 -72.908368,-14.463865 -72.908416,-14.463902 -72.908442,-14.463997 -72.908442,-14.464024 -72.908401,-14.464089 -72.908401,-14.464109 -72.908411,-14.464124 -72.908424,-14.464131 -72.908426,-14.464122 -72.908441,-14.464136 -72.908447,-14.464161 -72.908445,-14.464206 -72.908429,-14.464246 -72.908412,-14.464324 -72.908389,-14.464358 -72.908392,-14.464375 -72.908377,-14.464399 -72.908388,-14.464472 -72.908385,-14.464569 -72.908407,-14.464633 -72.908404,-14.464657 -72.908422,-14.464752 -72.9085,-14.464961 -72.908515,-14.465039 -72.90853,-14.465058 -72.908551,-14.465118 -72.908572,-14.465216 -72.90855,-14.46532 -72.908566,-14.465382 -72.908568,-14.465422 -72.908533,-14.465532 -72.90853,-14.465563 -72.908544,-14.465679 -72.908543,-14.465835 -72.90855,-14.465878 -72.908501,-14.466114 -72.908497,-14.466177 -72.908506,-14.466243 -72.908487,-14.466318 -72.908486,-14.46636 -72.908463,-14.466405 -72.90846,-14.466436 -72.908441,-14.466476 -72.908451,-14.466497 -72.908451,-14.466549 -72.90846,-14.466573 -72.908455,-14.466614 -72.908434,-14.466664 -72.908434,-14.466724 -72.908439,-14.466792 -72.908452,-14.466802 -72.908461,-14.466828 -72.908454,-14.466939 -72.908447,-14.46696 -72.908458,-14.467012 -72.908483,-14.467073 -72.908472,-14.467143 -72.908443,-14.467193 -72.908422,-14.467273 -72.908401,-14.467295 -72.908347,-14.467398 -72.908329,-14.467448 -72.908331,-14.467466 -72.908286,-14.467579 -72.908261,-14.467611 -72.90825,-14.467654 -72.908234,-14.467674 -72.908116,-14.467769 -72.908031,-14.467889 -72.90795,-14.46793 -72.907932,-14.467946 -72.907889,-14.467954 -72.907868,-14.467965 -72.907816,-14.468036 -72.907781,-14.468071 -72.907732,-14.468108 -72.907709,-14.4681 -72.907694,-14.468105 -72.907704,-14.46814 -72.907707,-14.46822 -72.907722,-14.468233 -72.907724,-14.468282 -72.907715,-14.46831 -72.907689,-14.468326 -72.907679,-14.468345 -72.90766,-14.468429 -72.907619,-14.46855 -72.907621,-14.468616 -72.907606,-14.468652 -72.907604,-14.468722 -72.907569,-14.468805 -72.907595,-14.468949 -72.907573,-14.469022 -72.907588,-14.469083 -72.907573,-14.469135 -72.907577,-14.469156 -72.907565,-14.469198 -72.907545,-14.469234 -72.907501,-14.469399 -72.907472,-14.469449 -72.907457,-14.46957 -72.907462,-14.46961 -72.907444,-14.469667 -72.907406,-14.469729 -72.907401,-14.46976 -72.90741,-14.469781 -72.907293,-14.469913 -72.907202,-14.470046 -72.907178,-14.470062 -72.907147,-14.470109 -72.907127,-14.470159 -72.907107,-14.47018 -72.907083,-14.470225 -72.907075,-14.470268 -72.907087,-14.470311 -72.907055,-14.470346 -72.907034,-14.470384 -72.907006,-14.470406 -72.906917,-14.470554 -72.906906,-14.470565 -72.906845,-14.470587 -72.90678,-14.470636 -72.906722,-14.470696 -72.906706,-14.470767 -72.906679,-14.470804 -72.906683,-14.47083 -72.90667,-14.470862 -72.906615,-14.470957 -72.906611,-14.471001 -72.906598,-14.47104 -72.90657,-14.471096 -72.906549,-14.471122 -72.90653,-14.471159 -72.906529,-14.471182 -72.906519,-14.471191 -72.906508,-14.471236 -72.906512,-14.47128 -72.906494,-14.47134 -72.906457,-14.471409 -72.906448,-14.471502 -72.90639,-14.471588 -72.906372,-14.471659 -72.906356,-14.471688 -72.906359,-14.471749 -72.906351,-14.471786 -72.906328,-14.471857 -72.906311,-14.471882 -72.906328,-14.471933 -72.90632,-14.471967 -72.9063,-14.471989 -72.906249,-14.47202 -72.906219,-14.472083 -72.906179,-14.472109 -72.906136,-14.472157 -72.906111,-14.472218 -72.906075,-14.47228 -72.90603,-14.472339 -72.905968,-14.472393 -72.905962,-14.472414 -72.90592,-14.472451 -72.905848,-14.472536 -72.905798,-14.472579 -72.905734,-14.472696 -72.905703,-14.472733 -72.905671,-14.472788 -72.905607,-14.472855 -72.905582,-14.472911 -72.905564,-14.472934 -72.905526,-14.473037 -72.905489,-14.47309 -72.905444,-14.473176 -72.905431,-14.473225 -72.905409,-14.473259 -72.905395,-14.47331 -72.905372,-14.473349 -72.905357,-14.473405 -72.905353,-14.473444 -72.905365,-14.473477 -72.905365,-14.473522 -72.905355,-14.473548 -72.905362,-14.473598 -72.905373,-14.47361 -72.90538,-14.473641 -72.905405,-14.473688 -72.905395,-14.473721 -72.905397,-14.473844 -72.905425,-14.473929 -72.905472,-14.473994 -72.90549,-14.474056 -72.905524,-14.474109 -72.905532,-14.474158 -72.905542,-14.474171 -72.905577,-14.474275 -72.90558,-14.474295 -72.905568,-14.474349 -72.905594,-14.474596 -72.90562,-14.474645 -72.905625,-14.47468 -72.905663,-14.474744 -72.905679,-14.474789 -72.905678,-14.474814 -72.905696,-14.474846 -72.905701,-14.474906 -72.905788,-14.475134 -72.905796,-14.47518 -72.905852,-14.475355 -72.905869,-14.475432 -72.905865,-14.475463 -72.905895,-14.475536 -72.905911,-14.475682 -72.905934,-14.475719 -72.905945,-14.475781 -72.905991,-14.475888 -72.905985,-14.475974 -72.906001,-14.476055 -72.905989,-14.476166 -72.905966,-14.476271 -72.905962,-14.476383 -72.905987,-14.476478 -72.905989,-14.476521 -72.906033,-14.476642 -72.906031,-14.476676 -72.90604,-14.476697 -72.906037,-14.476722 -72.906045,-14.476768 -72.906097,-14.476938 -72.906096,-14.476966 -72.906061,-14.477067 -72.906052,-14.477134 -72.90603,-14.477197 -72.906018,-14.477219 -72.906001,-14.477229 -72.905967,-14.477271 -72.905935,-14.477349 -72.905918,-14.477348 -72.905927,-14.477369 -72.905927,-14.477396 -72.905954,-14.477437 -72.905988,-14.477465 -72.906002,-14.477504 -72.906017,-14.477522 -72.906031,-14.477581 -72.906014,-14.477684 -72.906019,-14.477801 -72.905986,-14.477859 -72.905937,-14.477923 -72.905929,-14.477947 -72.905933,-14.478021 -72.905928,-14.478063 -72.905906,-14.478079 -72.905897,-14.478102 -72.90588,-14.478188 -72.905886,-14.478208 -72.905868,-14.478245 -72.905817,-14.478284 -72.905738,-14.478413 -72.905733,-14.478434 -72.905744,-14.478497 -72.90574,-14.478515 -72.905776,-14.478614 -72.905832,-14.478711 -72.905874,-14.478751 -72.90588,-14.478806 -72.905905,-14.47887 -72.905978,-14.479007 -72.906021,-14.479111 -72.906053,-14.479153 -72.906124,-14.479287 -72.906166,-14.479385 -72.906188,-14.47941 -72.906211,-14.479399 -72.906216,-14.479408 -72.906237,-14.479408 -72.906249,-14.479424 -72.906251,-14.479446 -72.906275,-14.479504 -72.906295,-14.479536 -72.906417,-14.479606 -72.906514,-14.479676 -72.906558,-14.479697 -72.906614,-14.479746 -72.90675,-14.479892 -72.906802,-14.47993 -72.906821,-14.479958 -72.90687,-14.480003 -72.906923,-14.480038 -72.906952,-14.480075 -72.906989,-14.480148 -72.90697,-14.480215 -72.906972,-14.480236 -72.906948,-14.48031 -72.90695,-14.480362 -72.906904,-14.480452 -72.90688,-14.480512 -72.906869,-14.480563 -72.90689,-14.480647 -72.906909,-14.480686 -72.906978,-14.480787 -72.907008,-14.480807 -72.907011,-14.480822 -72.907011,-14.480858 -72.906975,-14.480933 -72.906975,-14.481002 -72.90695,-14.481084 -72.90695,-14.481134 -72.906982,-14.481293 -72.906983,-14.481399 -72.906993,-14.481442 -72.906988,-14.48154 -72.906995,-14.481585 -72.906996,-14.481696 -72.90698,-14.481763 -72.906978,-14.481834 -72.906937,-14.481983 -72.906933,-14.482046 -72.906941,-14.482122 -72.906936,-14.482149 -72.906899,-14.482216 -72.906895,-14.482236 -72.906885,-14.482414 -72.906871,-14.482473 -72.906829,-14.482565 -72.906797,-14.482621 -72.906776,-14.482641 -72.906748,-14.482716 -72.906753,-14.482729 -72.906732,-14.482769 -72.906704,-14.482804 -72.906659,-14.48283 -72.906625,-14.482897 -72.906613,-14.482907 -72.906613,-14.482925 -72.906602,-14.482942 -72.90653,-14.482997 -72.906508,-14.483036 -72.906445,-14.483084 -72.906415,-14.483127 -72.906376,-14.483162 -72.906292,-14.483308 -72.906214,-14.483391 -72.906102,-14.483467 -72.906088,-14.483482 -72.906069,-14.483535 -72.905979,-14.483595 -72.905915,-14.483676 -72.905898,-14.483688 -72.905795,-14.483826 -72.905779,-14.48387 -72.905776,-14.483909 -72.905781,-14.483928 -72.905814,-14.483978 -72.905857,-14.484091 -72.905897,-14.484158 -72.905923,-14.484183 -72.905946,-14.484259 -72.905959,-14.484275 -72.90598,-14.48428 -72.905985,-14.484319 -72.906088,-14.484503 -72.906124,-14.484555 -72.906212,-14.484654 -72.906236,-14.484697 -72.906285,-14.484759 -72.906294,-14.484789 -72.906328,-14.484836 -72.906362,-14.484932 -72.906407,-14.484982 -72.90654,-14.485074 -72.906564,-14.485111 -72.906627,-14.485174 -72.906629,-14.485186 -72.906684,-14.485209 -72.90679,-14.485234 -72.906834,-14.48523 -72.906904,-14.485245 -72.906974,-14.485242 -72.907065,-14.485214 -72.907128,-14.485181 -72.907282,-14.485165 -72.907389,-14.485123 -72.907418,-14.485101 -72.907469,-14.485081 -72.907505,-14.485058 -72.907516,-14.48506 -72.907566,-14.485032 -72.907623,-14.484979 -72.907672,-14.484984 -72.907706,-14.485022 -72.907736,-14.485037 -72.907818,-14.485108 -72.907858,-14.485152 -72.907914,-14.485195 -72.907956,-14.485216 -72.908007,-14.48522 -72.908146,-14.485273 -72.908233,-14.485295 -72.908261,-14.485331 -72.908332,-14.485361 -72.908359,-14.485365 -72.908427,-14.485402 -72.908458,-14.485434 -72.908482,-14.485445 -72.908566,-14.485509 -72.908609,-14.485567 -72.908636,-14.48558 -72.90864,-14.485593 -72.908655,-14.485599 -72.908718,-14.485675 -72.908806,-14.485746 -72.908845,-14.485769 -72.908879,-14.485804 -72.908915,-14.485807 -72.908976,-14.485847 -72.908987,-14.485878 -72.909096,-14.486011 -72.909167,-14.486042 -72.909237,-14.486135 -72.909335,-14.486223 -72.909357,-14.486255 -72.909362,-14.486252 -72.909439,-14.486352 -72.909594,-14.48653 -72.909654,-14.486565 -72.909682,-14.486592 -72.909689,-14.486612 -72.90971,-14.486628 -72.909735,-14.486664 -72.909757,-14.486705 -72.909757,-14.486719 -72.909802,-14.486767 -72.909832,-14.48682 -72.909867,-14.486852 -72.909871,-14.486871 -72.909861,-14.486904 -72.909869,-14.486938 -72.909933,-14.487057 -72.909972,-14.487097 -72.90999,-14.487129 -72.910053,-14.487279 -72.910111,-14.487364 -72.910172,-14.48748 -72.910187,-14.487538 -72.910202,-14.487559 -72.910221,-14.487569 -72.910229,-14.487546 -72.910224,-14.487542 -72.910212,-14.487558 -72.910199,-14.487574 -72.910218,-14.487648 -72.910255,-14.487683 -72.910277,-14.487682 -72.910316,-14.487698 -72.910309,-14.487706 -72.910315,-14.487701 -72.910331,-14.487718 -72.91033,-14.48775 -72.910346,-14.487765 -72.910352,-14.487783 -72.910342,-14.487878 -72.910348,-14.487961 -72.910336,-14.488041 -72.910311,-14.488084 -72.910301,-14.488149 -72.910303,-14.488245 -72.91031,-14.488269 -72.910286,-14.488335 -72.910248,-14.488396 -72.910211,-14.488486 -72.910202,-14.488548 -72.910219,-14.488591 -72.910205,-14.488679 -72.910198,-14.488809 -72.910183,-14.488875 -72.910188,-14.488918 -72.91018,-14.488954 -72.910188,-14.488975 -72.910181,-14.489036 -72.910153,-14.489066 -72.910147,-14.489084 -72.910153,-14.489098 -72.910141,-14.489123 -72.910081,-14.489205 -72.910062,-14.48922 -72.910045,-14.489292 -72.910045,-14.489342 -72.910036,-14.489363 -72.910037,-14.489476 -72.910044,-14.489489 -72.910037,-14.489548 -72.910054,-14.489592 -72.910065,-14.489655 -72.910074,-14.489763 -72.910098,-14.489835 -72.910101,-14.489901 -72.91009,-14.489937 -72.910095,-14.489975 -72.910088,-14.490055 -72.910073,-14.490104 -72.910038,-14.490167 -72.910036,-14.490239 -72.910046,-14.490259 -72.910042,-14.490273 -72.909982,-14.490371 -72.909949,-14.490445 -72.909921,-14.490476 -72.909896,-14.490492 -72.909883,-14.490514 -72.909833,-14.490635 -72.909838,-14.490645 -72.909829,-14.490689 -72.909836,-14.490729 -72.909851,-14.490767 -72.909906,-14.490818 -72.909933,-14.490857 -72.90994,-14.490926 -72.909961,-14.490995 -72.909963,-14.491033 -72.909991,-14.491071 -72.910043,-14.491093 -72.910059,-14.491127 -72.910047,-14.491191 -72.910009,-14.49123 -72.910001,-14.491262 -72.910016,-14.49135 -72.910017,-14.491428 -72.910051,-14.491482 -72.910075,-14.491506 -72.910129,-14.491538 -72.910229,-14.491623 -72.910237,-14.491619 -72.910255,-14.491628 -72.910296,-14.491676 -72.910343,-14.491797 -72.910382,-14.491932 -72.910402,-14.491971 -72.910451,-14.492023 -72.910452,-14.492037 -72.910471,-14.492063 -72.91047,-14.492083 -72.9105,-14.492156 -72.910532,-14.492186 -72.910537,-14.492218 -72.91057,-14.492297 -72.910617,-14.492352 -72.910615,-14.49236 -72.910626,-14.492362 -72.910678,-14.492411 -72.910688,-14.492429 -72.910738,-14.492447 -72.910763,-14.492435 -72.910779,-14.492407 -72.910831,-14.492369 -72.910889,-14.492342 -72.910946,-14.492326 -72.911028,-14.492252 -72.911188,-14.492176 -72.911196,-14.492183 -72.911237,-14.492187 -72.911303,-14.492177 -72.911379,-14.492176 -72.91143,-14.492143 -72.911473,-14.492162 -72.911514,-14.492163 -72.911599,-14.492151 -72.911741,-14.492165 -72.911804,-14.492219 -72.911856,-14.49231 -72.911855,-14.492331 -72.911871,-14.49237 -72.911915,-14.492409 -72.911924,-14.492434 -72.911952,-14.492441 -72.911964,-14.492461 -72.912018,-14.492508 -72.912062,-14.492561 -72.912123,-14.492601 -72.91217,-14.492621 -72.912213,-14.492671 -72.912216,-14.492713 -72.912271,-14.492829 -72.912278,-14.492876 -72.912291,-14.492898 -72.912314,-14.492914 -72.912317,-14.492926 -72.912349,-14.492958 -72.912355,-14.49298 -72.912453,-14.493074 -72.912463,-14.493098 -72.912492,-14.493129 -72.91254,-14.493167 -72.912606,-14.493206 -72.912642,-14.49325 -72.912701,-14.493292 -72.912776,-14.493329 -72.912798,-14.493335 -72.912806,-14.493329 -72.912841,-14.49336 -72.912891,-14.493378 -72.912923,-14.493409 -72.91293,-14.493429 -72.912977,-14.493462 -72.913029,-14.493467 -72.913051,-14.493479 -72.913134,-14.493499 -72.913147,-14.493509 -72.913225,-14.493521 -72.913275,-14.493552 -72.913299,-14.493553 -72.913311,-14.493565 -72.913344,-14.493578 -72.913381,-14.493581 -72.913398,-14.493594 -72.913446,-14.49361 -72.913503,-14.493656 -72.913558,-14.493713 -72.913589,-14.493732 -72.913642,-14.493822 -72.91366,-14.493841 -72.913696,-14.493937 -72.913692,-14.493961 -72.913707,-14.49402 -72.913697,-14.494086 -72.913708,-14.494113 -72.913697,-14.49416 -72.913709,-14.494201 -72.913711,-14.494246 -72.913725,-14.494264 -72.913727,-14.494306 -72.913709,-14.494355 -72.913684,-14.494382 -72.913694,-14.49443 -72.913703,-14.494437 -72.913673,-14.49451 -72.913703,-14.494554 -72.9137,-14.494571 -72.913729,-14.494601 -72.913704,-14.494683 -72.913702,-14.49474 -72.913673,-14.494837 -72.913673,-14.494887 -72.913665,-14.494909 -72.913671,-14.495025 -72.913692,-14.495079 -72.913698,-14.495128 -72.91369,-14.495206 -72.913664,-14.495279 -72.913608,-14.495357 -72.913549,-14.495501 -72.913536,-14.495583 -72.913544,-14.495684 -72.913564,-14.495751 -72.913563,-14.495798 -72.913592,-14.495859 -72.913616,-14.495885 -72.913627,-14.495943 -72.913674,-14.496042 -72.913689,-14.496192 -72.91372,-14.496288 -72.913742,-14.496324 -72.913782,-14.496349 -72.913794,-14.496368 -72.913832,-14.496399 -72.913845,-14.496435 -72.91388,-14.496487 -72.913887,-14.496522 -72.913926,-14.496593 -72.913929,-14.496623 -72.913943,-14.496632 -72.91395,-14.496664 -72.913985,-14.496737 -72.913984,-14.496763 -72.914038,-14.496856 -72.914048,-14.496982 -72.913982,-14.497187 -72.913954,-14.497233 -72.913955,-14.497253 -72.913907,-14.497371 -72.913893,-14.49739 -72.913868,-14.497521 -72.913854,-14.497533 -72.913843,-14.497562 -72.913835,-14.497706 -72.913792,-14.497814 -72.913797,-14.497837 -72.913785,-14.497881 -72.91377,-14.497895 -72.913751,-14.497936 -72.913743,-14.498005 -72.913748,-14.498029 -72.913717,-14.498112 -72.913717,-14.498141 -72.913703,-14.498167 -72.91371,-14.498191 -72.913706,-14.49824 -72.913696,-14.498254 -72.913703,-14.498313 -72.913675,-14.498383 -72.913673,-14.498407 -72.913635,-14.498473 -72.913632,-14.498569 -72.91362,-14.498638 -72.913623,-14.498683 -72.913611,-14.498748 -72.913613,-14.498817 -72.913605,-14.498832 -72.913608,-14.498859 -72.913595,-14.498918 -72.913611,-14.498985 -72.913611,-14.499025 -72.913589,-14.499091 -72.913585,-14.499154 -72.91362,-14.499238 -72.913615,-14.499269 -72.913621,-14.49929 -72.913615,-14.499307 -72.913619,-14.499366 -72.913628,-14.499382 -72.913619,-14.499424 -72.913636,-14.499457 -72.913627,-14.499471 -72.913631,-14.499497 -72.913645,-14.499506 -72.913664,-14.499538 -72.913712,-14.499558 -72.913782,-14.499608 -72.913914,-14.499657 -72.913933,-14.499676 -72.914009,-14.499765 -72.914011,-14.499782 -72.914047,-14.499819 -72.91407,-14.499865 -72.914129,-14.499937 -72.914153,-14.500006 -72.9142,-14.500041 -72.914208,-14.500062 -72.914284,-14.500129 -72.914311,-14.50018 -72.91434,-14.500195 -72.914345,-14.500211 -72.9144,-14.500278 -72.914412,-14.500283 -72.914416,-14.500304 -72.914431,-14.500326 -72.914484,-14.50037 -72.914528,-14.500395 -72.914545,-14.500429 -72.914567,-14.500442 -72.914657,-14.500465 -72.914706,-14.500516 -72.914716,-14.500548 -72.914733,-14.500569 -72.914759,-14.500579 -72.914821,-14.500635 -72.914971,-14.50074 -72.914986,-14.500764 -72.915057,-14.500818 -72.915072,-14.500845 -72.915064,-14.500861 -72.915068,-14.500872 -72.915099,-14.500903 -72.915089,-14.500914 -72.915094,-14.500921 -72.915085,-14.50096 -72.915124,-14.500973 -72.915323,-14.500997 -72.915373,-14.500974 -72.915435,-14.500976 -72.915466,-14.500968 -72.915493,-14.500974 -72.915525,-14.501004 -72.915628,-14.501066 -72.915644,-14.501117 -72.915637,-14.501141 -72.915639,-14.501183 -72.915651,-14.501207 -72.915737,-14.501263 -72.915781,-14.501273 -72.915792,-14.501292 -72.915827,-14.501315 -72.915903,-14.501387 -72.915925,-14.501392 -72.915938,-14.501408 -72.915967,-14.501413 -72.916018,-14.501453 -72.916065,-14.501478 -72.916062,-14.501496 -72.916086,-14.501525 -72.916111,-14.501609 -72.916167,-14.501658 -72.916202,-14.501675 -72.9162,-14.501685 -72.916248,-14.501682 -72.916272,-14.501665</coordinates></LineString></MultiGeometry>
  </Placemark>
  <Placemark id="Route.12">
	<name>27 julio</name>
	<description>&lt;b&gt;Descripción:&lt;/b&gt; Vuelta&lt;br&gt;&lt;b&gt;Inicio:&lt;/b&gt; 2007-07-27 05:53:48&lt;br&gt;&lt;b&gt;Fin:&lt;/b&gt; 2007-07-27 14:07:18&lt;br&gt;&lt;b&gt;Duración:&lt;/b&gt; 8.2 horas&lt;br&gt;</description>
	<Style><LineStyle><color>FF1c1ae3</color><width>4.25196</width></LineStyle><PolyStyle><fill>0</fill></PolyStyle></Style>
	<ExtendedData><SchemaData schemaUrl="#Route">
		<SimpleData name="fid">3</SimpleData>
		<SimpleData name="duracion">8.23</SimpleData>
		<SimpleData name="inicio_local">2007-07-27 05:53:48</SimpleData>
		<SimpleData name="fin_local">2007-07-27 14:07:18</SimpleData>
		<SimpleData name="nombre">27 julio</SimpleData>
		<SimpleData name="descrip">Vuelta</SimpleData>
	</SchemaData></ExtendedData>
      <MultiGeometry><LineString><coordinates>-72.9161133914845,-14.5016582434062 -72.9161,-14.501668 -72.916089,-14.50166 -72.916065,-14.501633 -72.916053,-14.501594 -72.91601,-14.50157 -72.915961,-14.501528 -72.915848,-14.50148 -72.915783,-14.501436 -72.915725,-14.501408 -72.915654,-14.501318 -72.915619,-14.501283 -72.915608,-14.501282 -72.915589,-14.501261 -72.915567,-14.501186 -72.915571,-14.501154 -72.915578,-14.50116 -72.915583,-14.501156 -72.91559,-14.501126 -72.915583,-14.501079 -72.915566,-14.501065 -72.9155,-14.50102 -72.915467,-14.501007 -72.915434,-14.50101 -72.91538,-14.501049 -72.915359,-14.501059 -72.915335,-14.50106 -72.915322,-14.501048 -72.915328,-14.501009 -72.915299,-14.500995 -72.915212,-14.500992 -72.915139,-14.500923 -72.915122,-14.500882 -72.915088,-14.500836 -72.91505,-14.500877 -72.915013,-14.500886 -72.915011,-14.500898 -72.914996,-14.500903 -72.91497,-14.500889 -72.91492,-14.500898 -72.914906,-14.50092 -72.914916,-14.500945 -72.91489,-14.500955 -72.91487,-14.500957 -72.91478,-14.500932 -72.914734,-14.500947 -72.914669,-14.500937 -72.914634,-14.500943 -72.914623,-14.500951 -72.914622,-14.50097 -72.914585,-14.50102 -72.914565,-14.501029 -72.914557,-14.501025 -72.914555,-14.501033 -72.914567,-14.501034 -72.91457,-14.501098 -72.914551,-14.501149 -72.914587,-14.501158 -72.914623,-14.501177 -72.914653,-14.501221 -72.914689,-14.501249 -72.914694,-14.501264 -72.914722,-14.501274 -72.914752,-14.501323 -72.914785,-14.501324 -72.914809,-14.501338 -72.914827,-14.501382 -72.914819,-14.50146 -72.914779,-14.501493 -72.914826,-14.501529 -72.914852,-14.501562 -72.914865,-14.501594 -72.914884,-14.501676 -72.914905,-14.501718 -72.914916,-14.501829 -72.914957,-14.501932 -72.914953,-14.501975 -72.914942,-14.502 -72.91495,-14.502041 -72.91499,-14.502115 -72.915032,-14.502139 -72.915049,-14.502206 -72.915051,-14.502253 -72.915021,-14.502281 -72.914982,-14.502351 -72.914986,-14.502415 -72.915016,-14.502536 -72.915014,-14.502585 -72.915001,-14.502612 -72.915001,-14.502633 -72.915077,-14.502617 -72.915202,-14.502635 -72.915211,-14.502655 -72.915233,-14.502653 -72.915244,-14.502659 -72.915271,-14.502689 -72.915314,-14.502714 -72.91534,-14.502772 -72.91534,-14.502847 -72.915354,-14.502904 -72.915358,-14.502961 -72.91532,-14.503069 -72.915299,-14.503104 -72.915292,-14.5032 -72.915302,-14.503256 -72.915298,-14.50327 -72.915316,-14.50331 -72.915332,-14.503378 -72.91534,-14.503381 -72.915342,-14.503392 -72.915336,-14.503418 -72.915343,-14.503439 -72.915341,-14.503483 -72.915308,-14.503602 -72.91532,-14.503642 -72.915315,-14.503692 -72.915267,-14.503776 -72.915232,-14.503868 -72.91524,-14.503932 -72.915211,-14.504005 -72.915198,-14.504009 -72.915184,-14.504035 -72.915197,-14.504101 -72.915175,-14.504155 -72.915175,-14.504175 -72.91516,-14.504191 -72.915153,-14.504208 -72.915156,-14.504222 -72.915138,-14.504258 -72.915116,-14.50427 -72.915087,-14.50427 -72.915078,-14.504263 -72.915067,-14.504268 -72.914966,-14.504239 -72.914939,-14.50422 -72.914911,-14.504273 -72.914932,-14.504363 -72.914918,-14.504392 -72.914881,-14.504377 -72.914859,-14.504357 -72.914846,-14.504356 -72.914834,-14.50434 -72.914782,-14.504307 -72.91473,-14.504302 -72.914709,-14.504272 -72.914569,-14.504287 -72.914544,-14.504303 -72.914523,-14.504305 -72.914516,-14.504326 -72.914475,-14.504332 -72.91446,-14.504358 -72.91442,-14.504393 -72.914408,-14.50439 -72.914363,-14.504404 -72.914338,-14.504426 -72.914276,-14.504435 -72.914241,-14.504485 -72.914141,-14.50456 -72.914107,-14.504595 -72.91403,-14.504648 -72.913968,-14.504681 -72.913885,-14.504705 -72.913865,-14.504704 -72.913856,-14.504712 -72.913856,-14.504738 -72.913844,-14.504749 -72.913813,-14.504756 -72.913764,-14.50476 -72.913729,-14.504742 -72.913707,-14.50474 -72.913612,-14.504765 -72.9136,-14.504764 -72.91359,-14.504752 -72.913553,-14.504753 -72.913514,-14.504759 -72.913482,-14.504775 -72.913435,-14.504786 -72.913402,-14.504788 -72.913371,-14.504778 -72.913312,-14.5048 -72.913255,-14.504785 -72.91323,-14.50477 -72.913154,-14.504808 -72.913123,-14.504841 -72.913117,-14.504865 -72.913101,-14.504881 -72.913084,-14.504881 -72.913077,-14.504879 -72.913071,-14.504854 -72.913072,-14.5048 -72.913062,-14.504772 -72.913036,-14.504735 -72.913018,-14.504727 -72.913014,-14.504718 -72.913002,-14.504766 -72.912983,-14.504759 -72.91296,-14.504768 -72.912952,-14.50475 -72.91293,-14.504733 -72.912911,-14.504763 -72.91286,-14.504789 -72.912817,-14.504801 -72.912801,-14.504821 -72.912785,-14.504812 -72.912756,-14.504779 -72.91275,-14.504774 -72.912757,-14.504773 -72.912753,-14.504778 -72.912752,-14.504789 -72.912728,-14.50482 -72.912692,-14.50484 -72.912684,-14.504823 -72.91263,-14.50484 -72.912549,-14.50478 -72.912515,-14.504779 -72.912408,-14.504728 -72.912375,-14.50472 -72.912347,-14.504695 -72.912271,-14.504657 -72.912151,-14.504612 -72.912125,-14.504573 -72.912086,-14.504548 -72.912067,-14.504546 -72.912014,-14.504561 -72.911955,-14.504566 -72.911872,-14.504538 -72.911845,-14.50456 -72.911844,-14.504588 -72.911895,-14.504678 -72.911909,-14.504696 -72.911934,-14.504711 -72.911934,-14.504719 -72.911892,-14.504736 -72.911832,-14.504741 -72.911797,-14.504759 -72.911755,-14.504769 -72.91168,-14.504768 -72.911657,-14.504774 -72.911618,-14.504753 -72.911551,-14.504762 -72.911521,-14.504758 -72.911463,-14.504732 -72.91145,-14.504707 -72.911433,-14.504702 -72.911404,-14.504711 -72.911252,-14.504678 -72.911208,-14.504654 -72.91118,-14.504627 -72.911094,-14.504621 -72.911015,-14.504604 -72.910895,-14.504599 -72.91083,-14.504563 -72.910789,-14.504556 -72.910778,-14.504548 -72.910747,-14.504551 -72.910712,-14.504496 -72.910641,-14.504463 -72.910604,-14.504462 -72.910526,-14.504475 -72.910494,-14.50447 -72.910493,-14.504465 -72.910502,-14.504467 -72.910519,-14.504428 -72.910513,-14.504388 -72.910519,-14.504376 -72.910492,-14.504381 -72.910501,-14.504339 -72.910498,-14.504322 -72.91049,-14.504298 -72.910467,-14.504266 -72.910373,-14.50429 -72.910325,-14.504235 -72.910317,-14.504205 -72.910299,-14.504178 -72.910269,-14.504161 -72.910262,-14.504064 -72.910272,-14.504045 -72.910271,-14.504021 -72.910241,-14.503962 -72.910245,-14.503948 -72.910239,-14.503932 -72.910219,-14.503909 -72.910214,-14.503772 -72.910233,-14.503714 -72.91023,-14.503636 -72.910211,-14.503615 -72.910183,-14.503555 -72.91015,-14.503551 -72.910094,-14.503496 -72.910046,-14.503473 -72.910028,-14.503452 -72.909984,-14.503422 -72.909959,-14.503422 -72.909884,-14.503443 -72.909867,-14.503489 -72.909854,-14.503479 -72.909843,-14.503482 -72.90984,-14.503476 -72.909815,-14.503473 -72.909789,-14.50348 -72.90977,-14.503497 -72.909759,-14.503496 -72.909728,-14.503536 -72.909637,-14.50357 -72.9096,-14.503592 -72.909526,-14.503609 -72.90949,-14.503627 -72.909441,-14.503619 -72.909383,-14.503561 -72.909349,-14.503557 -72.909331,-14.503544 -72.909282,-14.503593 -72.909239,-14.503624 -72.909175,-14.503639 -72.90916,-14.503607 -72.909162,-14.503571 -72.909151,-14.503542 -72.90914,-14.503583 -72.909113,-14.503615 -72.909096,-14.503665 -72.909069,-14.50369 -72.909012,-14.503784 -72.908996,-14.503785 -72.908958,-14.50381 -72.908867,-14.503852 -72.908861,-14.503786 -72.908872,-14.50373 -72.908867,-14.503728 -72.908879,-14.503695 -72.90887,-14.503645 -72.908851,-14.503609 -72.908843,-14.503608 -72.908844,-14.503574 -72.908835,-14.503569 -72.908813,-14.503576 -72.908782,-14.50354 -72.908641,-14.503458 -72.908609,-14.503424 -72.908555,-14.503392 -72.908538,-14.503371 -72.908494,-14.503358 -72.908427,-14.503366 -72.908398,-14.503349 -72.908347,-14.503339 -72.908273,-14.503308 -72.908246,-14.503311 -72.908238,-14.503369 -72.908217,-14.503385 -72.908198,-14.503388 -72.908187,-14.503403 -72.908179,-14.503449 -72.908163,-14.503474 -72.908127,-14.503485 -72.908102,-14.503508 -72.908062,-14.503496 -72.908003,-14.503514 -72.907944,-14.50356 -72.907841,-14.503603 -72.907825,-14.503622 -72.907768,-14.503661 -72.907739,-14.503661 -72.907682,-14.503721 -72.907626,-14.503724 -72.907589,-14.503736 -72.907542,-14.503725 -72.907416,-14.503724 -72.907366,-14.503736 -72.907312,-14.503762 -72.907285,-14.503732 -72.907264,-14.503744 -72.907212,-14.503747 -72.907153,-14.503765 -72.907097,-14.503757 -72.907056,-14.503739 -72.907016,-14.503741 -72.906923,-14.50373 -72.906896,-14.503734 -72.90685,-14.503756 -72.90682,-14.503742 -72.906787,-14.503706 -72.906773,-14.503683 -72.906774,-14.503667 -72.906763,-14.503644 -72.906752,-14.503639 -72.906618,-14.503621 -72.906569,-14.503637 -72.906484,-14.503647 -72.906409,-14.50354 -72.906411,-14.503499 -72.906334,-14.503548 -72.906305,-14.503547 -72.906275,-14.503622 -72.906239,-14.503662 -72.906227,-14.503696 -72.906224,-14.503734 -72.906169,-14.503793 -72.90611,-14.503813 -72.906099,-14.50383 -72.906108,-14.503851 -72.906166,-14.50391 -72.906183,-14.503946 -72.906181,-14.50398 -72.90617,-14.504028 -72.90614,-14.504059 -72.90614,-14.504117 -72.906105,-14.504218 -72.906092,-14.504235 -72.906095,-14.504278 -72.906061,-14.504373 -72.905952,-14.504518 -72.90584,-14.504625 -72.905792,-14.504707 -72.905661,-14.504793 -72.905647,-14.504817 -72.90558,-14.50488 -72.905548,-14.504925 -72.905547,-14.504938 -72.905528,-14.504956 -72.905507,-14.505054 -72.905463,-14.505189 -72.905459,-14.505226 -72.905475,-14.505294 -72.905467,-14.505341 -72.905477,-14.505454 -72.905471,-14.505483 -72.905464,-14.505514 -72.905446,-14.505533 -72.905383,-14.505552 -72.90537,-14.5056 -72.905358,-14.505721 -72.905369,-14.50577 -72.905411,-14.505815 -72.90543,-14.505858 -72.905432,-14.505902 -72.905417,-14.505943 -72.905423,-14.505954 -72.905476,-14.506008 -72.905489,-14.506053 -72.905575,-14.506097 -72.90568,-14.506248 -72.905702,-14.506314 -72.905756,-14.506423 -72.905768,-14.506476 -72.905764,-14.50653 -72.905772,-14.506586 -72.90581,-14.506644 -72.9058,-14.506691 -72.905776,-14.506713 -72.905758,-14.506743 -72.905731,-14.506759 -72.905646,-14.506842 -72.90563,-14.506965 -72.905643,-14.507027 -72.905628,-14.507054 -72.905675,-14.507103 -72.905719,-14.507127 -72.905772,-14.507169 -72.90579,-14.507206 -72.905799,-14.507261 -72.905853,-14.507324 -72.905859,-14.507358 -72.905851,-14.507414 -72.905856,-14.507473 -72.905876,-14.507512 -72.905878,-14.507545 -72.905903,-14.507569 -72.905873,-14.507626 -72.905889,-14.507651 -72.90589,-14.507717 -72.905915,-14.50778 -72.905914,-14.507811 -72.905925,-14.507861 -72.905925,-14.507964 -72.905931,-14.507992 -72.905914,-14.508032 -72.905903,-14.508153 -72.905959,-14.508191 -72.905984,-14.508249 -72.906011,-14.508269 -72.906012,-14.508278 -72.905991,-14.508311 -72.905986,-14.508337 -72.905948,-14.508328 -72.905904,-14.508339 -72.905871,-14.508357 -72.905868,-14.508384 -72.905847,-14.50839 -72.905837,-14.508389 -72.905828,-14.508373 -72.905791,-14.50837 -72.905779,-14.508401 -72.905843,-14.508441 -72.905844,-14.508455 -72.90587,-14.508483 -72.905894,-14.508531 -72.905933,-14.508558 -72.905947,-14.508584 -72.905977,-14.508601 -72.906042,-14.508614 -72.906068,-14.508638 -72.906068,-14.508655 -72.906022,-14.508642 -72.905988,-14.508665 -72.905963,-14.508672 -72.905957,-14.508682 -72.90597,-14.508707 -72.906008,-14.508731 -72.906054,-14.508776 -72.906063,-14.508813 -72.906116,-14.508855 -72.906117,-14.508877 -72.906191,-14.508887 -72.906235,-14.508885 -72.906255,-14.508919 -72.906283,-14.508928 -72.906305,-14.508967 -72.906307,-14.508993 -72.906321,-14.509019 -72.90633,-14.509093 -72.906343,-14.50911 -72.906354,-14.509105 -72.906339,-14.509155 -72.906346,-14.509181 -72.906337,-14.509255 -72.906319,-14.509277 -72.906293,-14.509364 -72.906269,-14.509371 -72.906261,-14.509407 -72.906222,-14.509406 -72.906186,-14.509383 -72.906167,-14.50938 -72.906123,-14.509378 -72.9061,-14.509386 -72.906064,-14.509415 -72.906061,-14.509441 -72.906041,-14.50946 -72.90603,-14.509498 -72.905988,-14.509534 -72.905947,-14.50959 -72.905935,-14.509599 -72.905859,-14.509593 -72.905815,-14.509617 -72.905783,-14.509648 -72.905784,-14.509687 -72.905757,-14.509704 -72.905748,-14.509727 -72.905723,-14.509746 -72.905675,-14.509755 -72.905649,-14.509809 -72.905581,-14.509857 -72.905558,-14.50991 -72.905553,-14.509955 -72.905514,-14.510015 -72.905509,-14.51008 -72.905505,-14.510089 -72.905483,-14.5101 -72.90547,-14.510124 -72.905486,-14.510185 -72.905476,-14.510253 -72.905485,-14.510299 -72.905456,-14.510377 -72.905448,-14.510384 -72.905413,-14.510387 -72.905399,-14.510412 -72.905351,-14.510446 -72.905347,-14.510464 -72.905277,-14.510476 -72.905234,-14.510498 -72.905231,-14.510534 -72.905206,-14.510568 -72.905205,-14.510589 -72.905197,-14.510596 -72.9052,-14.510634 -72.905224,-14.51069 -72.905215,-14.510777 -72.905281,-14.510805 -72.905315,-14.510835 -72.90533,-14.510895 -72.905363,-14.510919 -72.905372,-14.510938 -72.905372,-14.510965 -72.905356,-14.511021 -72.905322,-14.511049 -72.90532,-14.511068 -72.905308,-14.511077 -72.905288,-14.511125 -72.905226,-14.511144 -72.905183,-14.511203 -72.905132,-14.511231 -72.90511,-14.511229 -72.905096,-14.511245 -72.905081,-14.511302 -72.905078,-14.511481 -72.905048,-14.511557 -72.905051,-14.511606 -72.90504,-14.511642 -72.905021,-14.511668 -72.905001,-14.511744 -72.905005,-14.511798 -72.904995,-14.51181 -72.904994,-14.511857 -72.905004,-14.511899 -72.904999,-14.511925 -72.904985,-14.511943 -72.904976,-14.511972 -72.904972,-14.512008 -72.904955,-14.51202 -72.904954,-14.512032 -72.904944,-14.512028 -72.904928,-14.512009 -72.904923,-14.51198 -72.904909,-14.511961 -72.904904,-14.51192 -72.904891,-14.5119 -72.90483,-14.511849 -72.9048,-14.511845 -72.904774,-14.511824 -72.904749,-14.511817 -72.904671,-14.511819 -72.904578,-14.511858 -72.904559,-14.511858 -72.904541,-14.51185 -72.904524,-14.511829 -72.904486,-14.511825 -72.904447,-14.5118 -72.904436,-14.511818 -72.904437,-14.511845 -72.904427,-14.511859 -72.904402,-14.511871 -72.904394,-14.511884 -72.904369,-14.511887 -72.904351,-14.511926 -72.904313,-14.512142 -72.904294,-14.512161 -72.904291,-14.512279 -72.904309,-14.512376 -72.904282,-14.512464 -72.904289,-14.512577 -72.904233,-14.512608 -72.904221,-14.512625 -72.904189,-14.512631 -72.90415,-14.512622 -72.904127,-14.512624 -72.904101,-14.512588 -72.904059,-14.512553 -72.90404,-14.512558 -72.904008,-14.512549 -72.903978,-14.512556 -72.903978,-14.512641 -72.903988,-14.51267 -72.903982,-14.512687 -72.903928,-14.512694 -72.903927,-14.512713 -72.903936,-14.51273 -72.903911,-14.512746 -72.903885,-14.512751 -72.90383,-14.512743 -72.903795,-14.512756 -72.903794,-14.512783 -72.903815,-14.512812 -72.903812,-14.512839 -72.903822,-14.51288 -72.903806,-14.512898 -72.903805,-14.512922 -72.903792,-14.512926 -72.903799,-14.51295 -72.903797,-14.513031 -72.903807,-14.513092 -72.903821,-14.513115 -72.903834,-14.51317 -72.903833,-14.513209 -72.903849,-14.51323 -72.903851,-14.513257 -72.903861,-14.513274 -72.90383,-14.513279 -72.90382,-14.513332 -72.903893,-14.513424 -72.903921,-14.513518 -72.903908,-14.513593 -72.903916,-14.513673 -72.903901,-14.51372 -72.903844,-14.51377 -72.903828,-14.513806 -72.903793,-14.513822 -72.903771,-14.513843 -72.903704,-14.513864 -72.903675,-14.513885 -72.903616,-14.513909 -72.903581,-14.513939 -72.90357,-14.51396 -72.903574,-14.513978 -72.903564,-14.514017 -72.903535,-14.51406 -72.903521,-14.514105 -72.903511,-14.514114 -72.90347,-14.514116 -72.90343,-14.514134 -72.90341,-14.514132 -72.903362,-14.514106 -72.903341,-14.514106 -72.903286,-14.514051 -72.903229,-14.51404 -72.903176,-14.514067 -72.903144,-14.514065 -72.903104,-14.514076 -72.903088,-14.514096 -72.90304,-14.514125 -72.902975,-14.514147 -72.902901,-14.514203 -72.902868,-14.514257 -72.902848,-14.514309 -72.902755,-14.514427 -72.902741,-14.514469 -72.902709,-14.514503 -72.902708,-14.514537 -72.902689,-14.514586 -72.902711,-14.514624 -72.902713,-14.514664 -72.902702,-14.514692 -72.90271,-14.514733 -72.902701,-14.514847 -72.902669,-14.514954 -72.90267,-14.514979 -72.902626,-14.515081 -72.902582,-14.515133 -72.902563,-14.515139 -72.902547,-14.515168 -72.90251,-14.515174 -72.902499,-14.515187 -72.902459,-14.515189 -72.902421,-14.51522 -72.902386,-14.515219 -72.902348,-14.515165 -72.902336,-14.515174 -72.902294,-14.515138 -72.9023,-14.51516 -72.902296,-14.515188 -72.90232,-14.515221 -72.902324,-14.515252 -72.902221,-14.515507 -72.902213,-14.515607 -72.9022,-14.51563 -72.902182,-14.515698 -72.902173,-14.515752 -72.902176,-14.515779 -72.902128,-14.515966 -72.9021,-14.516037 -72.902055,-14.516107 -72.902033,-14.516179 -72.901971,-14.516256 -72.901911,-14.516286 -72.901874,-14.516328 -72.901821,-14.516362 -72.901783,-14.516369 -72.901746,-14.516424 -72.901663,-14.516483 -72.901638,-14.516518 -72.901612,-14.516589 -72.901589,-14.51662 -72.901571,-14.516671 -72.901456,-14.516755 -72.901416,-14.516795 -72.901386,-14.516839 -72.901386,-14.516882 -72.901373,-14.516923 -72.901335,-14.516953 -72.901301,-14.516962 -72.901247,-14.516991 -72.901222,-14.517022 -72.901207,-14.517061 -72.9012,-14.517122 -72.901179,-14.517163 -72.901168,-14.517179 -72.901124,-14.517203 -72.901118,-14.517219 -72.901104,-14.517262 -72.901096,-14.517329 -72.901058,-14.51742 -72.901024,-14.517565 -72.901003,-14.517615 -72.900957,-14.517671 -72.900938,-14.517676 -72.900884,-14.517741 -72.900846,-14.517769 -72.900811,-14.517835 -72.900759,-14.517883 -72.900722,-14.517907 -72.900685,-14.517953 -72.900642,-14.517988 -72.900589,-14.518064 -72.900573,-14.518075 -72.900496,-14.518218 -72.900489,-14.518256 -72.900425,-14.518366 -72.900422,-14.518388 -72.900435,-14.518384 -72.900431,-14.518398 -72.900369,-14.518517 -72.900318,-14.518594 -72.900269,-14.518646 -72.900228,-14.518668 -72.900096,-14.518778 -72.900056,-14.518835 -72.900051,-14.518855 -72.899973,-14.518945 -72.899916,-14.518986 -72.899852,-14.519051 -72.899817,-14.51907 -72.899772,-14.519119 -72.899689,-14.51918 -72.899616,-14.519264 -72.899484,-14.519472 -72.899474,-14.519499 -72.899475,-14.519533 -72.899462,-14.519603 -72.899406,-14.519677 -72.899399,-14.51972 -72.899363,-14.519754 -72.899304,-14.519831 -72.899275,-14.519884 -72.899222,-14.519943 -72.899146,-14.519994 -72.899098,-14.520041 -72.899032,-14.520061 -72.899011,-14.52008 -72.898931,-14.520117 -72.898867,-14.520131 -72.8988,-14.520175 -72.898769,-14.520183 -72.898744,-14.520211 -72.898693,-14.520253 -72.898659,-14.520269 -72.898592,-14.520329 -72.898544,-14.520389 -72.898437,-14.520557 -72.898367,-14.520809 -72.89834,-14.520854 -72.898313,-14.520936 -72.89828,-14.520996 -72.898264,-14.52112 -72.898273,-14.521239 -72.898258,-14.521257 -72.898264,-14.521314 -72.898259,-14.521342 -72.898246,-14.521375 -72.898223,-14.521385 -72.898173,-14.521459 -72.898131,-14.521572 -72.898112,-14.521667 -72.898097,-14.521704 -72.898074,-14.521844 -72.898073,-14.521862 -72.898081,-14.521862 -72.898077,-14.521884 -72.89804,-14.521984 -72.897986,-14.522188 -72.897955,-14.522269 -72.897889,-14.522335 -72.897869,-14.522381 -72.897826,-14.522413 -72.897755,-14.522513 -72.897701,-14.522632 -72.897655,-14.522695 -72.897617,-14.522777 -72.89759,-14.522811 -72.897529,-14.522876 -72.897493,-14.522897 -72.897417,-14.522979 -72.897384,-14.523001 -72.897325,-14.523067 -72.897253,-14.523117 -72.89719,-14.523172 -72.89707,-14.523313 -72.897061,-14.523332 -72.89706,-14.523362 -72.897044,-14.523396 -72.897053,-14.523398 -72.897039,-14.523419 -72.897021,-14.523484 -72.896979,-14.523552 -72.896972,-14.523582 -72.896977,-14.523652 -72.896968,-14.523673 -72.896925,-14.523736 -72.896879,-14.523831 -72.896835,-14.523877 -72.896808,-14.52394 -72.896766,-14.523998 -72.896721,-14.524036 -72.896648,-14.524118 -72.896623,-14.524156 -72.896564,-14.524209 -72.896504,-14.524291 -72.896449,-14.524318 -72.89641,-14.524357 -72.896387,-14.524367 -72.896348,-14.524369 -72.8963,-14.524398 -72.896264,-14.524406 -72.896171,-14.524476 -72.896134,-14.524525 -72.896124,-14.524552 -72.895999,-14.524622 -72.895935,-14.524674 -72.895936,-14.524685 -72.895905,-14.524719 -72.895862,-14.524751 -72.895775,-14.524776 -72.89572,-14.524828 -72.895685,-14.524813 -72.895635,-14.524837 -72.895578,-14.524878 -72.895517,-14.524941 -72.895373,-14.525068 -72.895347,-14.525088 -72.895305,-14.525104 -72.895229,-14.525149 -72.895157,-14.525212 -72.895117,-14.525261 -72.895048,-14.525298 -72.895001,-14.525369 -72.894982,-14.52538 -72.894966,-14.525405 -72.894928,-14.525433 -72.89483,-14.525529 -72.894671,-14.525739 -72.894544,-14.52586 -72.894475,-14.525971 -72.894429,-14.52601 -72.894377,-14.526083 -72.894355,-14.526125 -72.89429,-14.526211 -72.89425,-14.526284 -72.8942,-14.526338 -72.894162,-14.52641 -72.894126,-14.526456 -72.894061,-14.526504 -72.894029,-14.526538 -72.893944,-14.52665 -72.89391,-14.526714 -72.893896,-14.526727 -72.893859,-14.526815 -72.893845,-14.526836 -72.893825,-14.526843 -72.893773,-14.526924 -72.893774,-14.526952 -72.893752,-14.526982 -72.893742,-14.527005 -72.893741,-14.527023 -72.893744,-14.527025 -72.89372,-14.52706 -72.893705,-14.527131 -72.893576,-14.527279 -72.893561,-14.527285 -72.893519,-14.527378 -72.893477,-14.527432 -72.89346,-14.527491 -72.893468,-14.527508 -72.893425,-14.527629 -72.893437,-14.527704 -72.89343,-14.527748 -72.893401,-14.52785 -72.893374,-14.527907 -72.893344,-14.527999 -72.893336,-14.528063 -72.8933,-14.528183 -72.89328,-14.528279 -72.893287,-14.528354 -72.893278,-14.528389 -72.89315,-14.528593 -72.893135,-14.528634 -72.893101,-14.528673 -72.893074,-14.52876 -72.893055,-14.528788 -72.893052,-14.528816 -72.893017,-14.528864 -72.892964,-14.528994 -72.892897,-14.529036 -72.892861,-14.529076 -72.892833,-14.529123 -72.892781,-14.529152 -72.892689,-14.529259 -72.89268,-14.529283 -72.892664,-14.529292 -72.892654,-14.529311 -72.892572,-14.529397 -72.892521,-14.529432 -72.89248,-14.52951 -72.892431,-14.529573 -72.892411,-14.52964 -72.892424,-14.529683 -72.892432,-14.529801 -72.892432,-14.529871 -72.89242,-14.529949 -72.892354,-14.530076 -72.892333,-14.530183 -72.892296,-14.53026 -72.892295,-14.530292 -72.892284,-14.530326 -72.892277,-14.530435 -72.892227,-14.530562 -72.892197,-14.530622 -72.892155,-14.530683 -72.89211,-14.530776 -72.892108,-14.530796 -72.892042,-14.530884 -72.892016,-14.530947 -72.891981,-14.530983 -72.891955,-14.531026 -72.891902,-14.531117 -72.891865,-14.531204 -72.891814,-14.531296 -72.891788,-14.531425 -72.891767,-14.531486 -72.891726,-14.531549 -72.891708,-14.531628 -72.891683,-14.531675 -72.891644,-14.531707 -72.891625,-14.531777 -72.891597,-14.531825 -72.891564,-14.531915 -72.891518,-14.531996 -72.891484,-14.532016 -72.891458,-14.532058 -72.891417,-14.5321 -72.8914,-14.532134 -72.891334,-14.532185 -72.891276,-14.532242 -72.891154,-14.532334 -72.891108,-14.532389 -72.891043,-14.532404 -72.891015,-14.532425 -72.890984,-14.532434 -72.890949,-14.532422 -72.890905,-14.532423 -72.890843,-14.532466 -72.89081,-14.532473 -72.890775,-14.532492 -72.89066,-14.532494 -72.8906,-14.532505 -72.890559,-14.532523 -72.890526,-14.532516 -72.890487,-14.532525 -72.890463,-14.532545 -72.890391,-14.532639 -72.890324,-14.5327 -72.890287,-14.532719 -72.890162,-14.532748 -72.890147,-14.532775 -72.890099,-14.532806 -72.890056,-14.532822 -72.890015,-14.532826 -72.889971,-14.532852 -72.889874,-14.532862 -72.889834,-14.532859 -72.889798,-14.532869 -72.889739,-14.532849 -72.889683,-14.532841 -72.889615,-14.532805 -72.889508,-14.532807 -72.889428,-14.532778 -72.88931,-14.532776 -72.889279,-14.532766 -72.889169,-14.532784 -72.889133,-14.532796 -72.889098,-14.532819 -72.889046,-14.532831 -72.888934,-14.532889 -72.888787,-14.532925 -72.888762,-14.532918 -72.888674,-14.532924 -72.888639,-14.532948 -72.888613,-14.532949 -72.888569,-14.532973 -72.888462,-14.533055 -72.888423,-14.533067 -72.888384,-14.533092 -72.888343,-14.533162 -72.88834,-14.533197 -72.888349,-14.533207 -72.88834,-14.533224 -72.88834,-14.533251 -72.888352,-14.533301 -72.888381,-14.533337 -72.888463,-14.533485 -72.888477,-14.533582 -72.888469,-14.533687 -72.888476,-14.533701 -72.888527,-14.533743 -72.888576,-14.533774 -72.888589,-14.533794 -72.888601,-14.533848 -72.888594,-14.533902 -72.888605,-14.533944 -72.888629,-14.533983 -72.888626,-14.534001 -72.888658,-14.5341 -72.888689,-14.534138 -72.888826,-14.534198 -72.888922,-14.53426 -72.888941,-14.534279 -72.888942,-14.534368 -72.88893,-14.534441 -72.888949,-14.534499 -72.888878,-14.534628 -72.888857,-14.534691 -72.888864,-14.534735 -72.88891,-14.534826 -72.889005,-14.534962 -72.889012,-14.534984 -72.889079,-14.535027 -72.889114,-14.535075 -72.889165,-14.535125 -72.889216,-14.535161 -72.889252,-14.535212 -72.889245,-14.53522 -72.88926,-14.535273 -72.889303,-14.535351 -72.889365,-14.535408 -72.889381,-14.535442 -72.889393,-14.535454 -72.88946,-14.53548 -72.88946,-14.535488 -72.889515,-14.535504 -72.88957,-14.535554 -72.889596,-14.5356 -72.889597,-14.535627 -72.889623,-14.535724 -72.889639,-14.535754 -72.88965,-14.535812 -72.889663,-14.535845 -72.8897,-14.535891 -72.889711,-14.535945 -72.889733,-14.535997 -72.88977,-14.53605 -72.889795,-14.536071 -72.889881,-14.536243 -72.889934,-14.536301 -72.889943,-14.536334 -72.889991,-14.53641 -72.890025,-14.536504 -72.890035,-14.536584 -72.890071,-14.53667 -72.890072,-14.536702 -72.89012,-14.536786 -72.890139,-14.536836 -72.890193,-14.536898 -72.890227,-14.536912 -72.890266,-14.536971 -72.890318,-14.537094 -72.890339,-14.537119 -72.890339,-14.537138 -72.890354,-14.537177 -72.890355,-14.537222 -72.890409,-14.537421 -72.890517,-14.537591 -72.890596,-14.537701 -72.890627,-14.537716 -72.890683,-14.537783 -72.890737,-14.537817 -72.890759,-14.537842 -72.890767,-14.537856 -72.890746,-14.537901 -72.890751,-14.537923 -72.890741,-14.537961 -72.890742,-14.537978 -72.890755,-14.537996 -72.890815,-14.538059 -72.89083,-14.53806 -72.890846,-14.538082 -72.890867,-14.538095 -72.89095,-14.538195 -72.890989,-14.538224 -72.891021,-14.538271 -72.89106,-14.538302 -72.891085,-14.53836 -72.891105,-14.538377 -72.89114,-14.538356 -72.89115,-14.538341 -72.891187,-14.538387 -72.891191,-14.538396 -72.891155,-14.538456 -72.891171,-14.538485 -72.891194,-14.538486 -72.891203,-14.538492 -72.891203,-14.538501 -72.891211,-14.538498 -72.891215,-14.538534 -72.891203,-14.538554 -72.891168,-14.538572 -72.891158,-14.538631 -72.891169,-14.538642 -72.891169,-14.538664 -72.891185,-14.538704 -72.891206,-14.538703 -72.891227,-14.538685 -72.891237,-14.538692 -72.891254,-14.538687 -72.891275,-14.538694 -72.891286,-14.538712 -72.891286,-14.538768 -72.891297,-14.538781 -72.891302,-14.538838 -72.8913,-14.538859 -72.891288,-14.538876 -72.89128,-14.539047 -72.891232,-14.539177 -72.891248,-14.539207 -72.891251,-14.539229 -72.891236,-14.539266 -72.891204,-14.539312 -72.891201,-14.539395 -72.891168,-14.539469 -72.891136,-14.53957 -72.891128,-14.539653 -72.891142,-14.53976 -72.891136,-14.539828 -72.8911,-14.53991 -72.891065,-14.539961 -72.891007,-14.539995 -72.890964,-14.540049 -72.890955,-14.540072 -72.890939,-14.540148 -72.890918,-14.540183 -72.890869,-14.540311 -72.890859,-14.54039 -72.890838,-14.540453 -72.890792,-14.540535 -72.890799,-14.540585 -72.89079,-14.540605 -72.890788,-14.540646 -72.890803,-14.540684 -72.890775,-14.540718 -72.890746,-14.540854 -72.890769,-14.54098 -72.890802,-14.541031 -72.890833,-14.541119 -72.890835,-14.541157 -72.890866,-14.541231 -72.890861,-14.541241 -72.890888,-14.54128 -72.890897,-14.541334 -72.890887,-14.541351 -72.890887,-14.541416 -72.890904,-14.541434 -72.890933,-14.541426 -72.890974,-14.541445 -72.891073,-14.54158 -72.891093,-14.541665 -72.89119,-14.541878 -72.891193,-14.541967 -72.891233,-14.542148 -72.891232,-14.542197 -72.891239,-14.542228 -72.89127,-14.542287 -72.891303,-14.54239 -72.891328,-14.542421 -72.891346,-14.542478 -72.89135,-14.542547 -72.891369,-14.542635 -72.891396,-14.542707 -72.891412,-14.54273 -72.891416,-14.542755 -72.891433,-14.542775 -72.891459,-14.542846 -72.891471,-14.542857 -72.891483,-14.542889 -72.891507,-14.543037 -72.891517,-14.543061 -72.891517,-14.543111 -72.891549,-14.543181 -72.891583,-14.543222 -72.891587,-14.543236 -72.891578,-14.543271 -72.891542,-14.543317 -72.891522,-14.543363 -72.891504,-14.543379 -72.891498,-14.543445 -72.891442,-14.543476 -72.891397,-14.543532 -72.891374,-14.543693 -72.891379,-14.543784 -72.891406,-14.543824 -72.891418,-14.543856 -72.891441,-14.543932 -72.891443,-14.543992 -72.891498,-14.544147 -72.891542,-14.544166 -72.891555,-14.544178 -72.891611,-14.544178 -72.891562,-14.54414 -72.891564,-14.544152 -72.891553,-14.544173 -72.891554,-14.544181 -72.891563,-14.544213 -72.891621,-14.544204 -72.891671,-14.544234 -72.891695,-14.544291 -72.891729,-14.544431 -72.891796,-14.544597 -72.891836,-14.544651 -72.891865,-14.544718 -72.891892,-14.544737 -72.891925,-14.54478 -72.891951,-14.544781 -72.891919,-14.544809 -72.891918,-14.544851 -72.891906,-14.544868 -72.891901,-14.544918 -72.891939,-14.54497 -72.89193,-14.545001 -72.891931,-14.545048 -72.891948,-14.545093 -72.891954,-14.545143 -72.891939,-14.545212 -72.891941,-14.54523 -72.891914,-14.545283 -72.89191,-14.545322 -72.891859,-14.545356 -72.891843,-14.545404 -72.891818,-14.545437 -72.89182,-14.545466 -72.891807,-14.545515 -72.891852,-14.545595 -72.891877,-14.545623 -72.891908,-14.545649 -72.891957,-14.545671 -72.892005,-14.545815 -72.892012,-14.545881 -72.892,-14.545954 -72.891989,-14.545972 -72.892025,-14.546163 -72.892015,-14.546277 -72.891997,-14.546292 -72.891984,-14.546345 -72.891994,-14.546423 -72.892006,-14.546457 -72.891967,-14.546588 -72.891971,-14.546623 -72.892016,-14.546736 -72.892092,-14.54683 -72.892129,-14.546897 -72.892181,-14.546947 -72.892229,-14.547015 -72.892285,-14.54707 -72.892335,-14.547135 -72.892381,-14.547232 -72.892465,-14.547307 -72.892497,-14.547326 -72.892536,-14.547332 -72.892565,-14.547329 -72.89257,-14.547325 -72.892569,-14.547332 -72.892567,-14.547324 -72.892568,-14.547323 -72.892567,-14.547323 -72.892567,-14.547323 -72.892567,-14.547323 -72.892567,-14.547323 -72.892573,-14.547329 -72.892582,-14.54734 -72.892599,-14.547363 -72.892625,-14.547389 -72.892672,-14.547471 -72.892765,-14.547561 -72.892803,-14.547629 -72.892862,-14.547684 -72.892932,-14.547788 -72.89297,-14.547829 -72.892986,-14.547863 -72.892954,-14.547926 -72.892939,-14.54802 -72.892944,-14.548057 -72.892959,-14.548073 -72.893013,-14.5481 -72.893074,-14.548159 -72.893136,-14.548195 -72.89323,-14.548286 -72.893279,-14.548312 -72.893276,-14.548319 -72.89337,-14.548344 -72.893437,-14.548391 -72.893475,-14.548407 -72.893601,-14.548505 -72.893621,-14.548511 -72.893689,-14.548576 -72.893797,-14.54865 -72.893889,-14.548739 -72.893976,-14.548873 -72.893992,-14.548912 -72.89399,-14.548924 -72.894017,-14.548977 -72.89406,-14.549027 -72.894075,-14.549063 -72.894123,-14.549125 -72.894086,-14.549181 -72.894081,-14.549234 -72.894065,-14.549257 -72.894077,-14.549293 -72.894108,-14.549328 -72.894135,-14.549428 -72.894195,-14.549533 -72.894201,-14.549558 -72.894213,-14.549567 -72.894244,-14.549622 -72.89425,-14.549663 -72.894267,-14.549702 -72.894292,-14.54973 -72.894324,-14.549739 -72.894404,-14.549744 -72.894431,-14.549755 -72.894471,-14.549746 -72.894534,-14.549751 -72.894559,-14.549765 -72.894689,-14.5498 -72.894727,-14.549836 -72.89476,-14.549848 -72.894786,-14.549833 -72.894812,-14.549836 -72.894842,-14.549895 -72.894857,-14.549908 -72.894885,-14.549923 -72.894895,-14.549925 -72.894893,-14.549925 -72.894898,-14.549925 -72.894898,-14.549926 -72.894899,-14.549914 -72.894878,-14.549888 -72.894873,-14.549888 -72.894873,-14.549891 -72.894876,-14.549892 -72.894875,-14.549894 -72.894876,-14.549894 -72.894886,-14.549916 -72.894888,-14.549917 -72.894888,-14.549918 -72.894889,-14.549919 -72.894889,-14.54992 -72.89489,-14.549922 -72.894893,-14.549927 -72.894932,-14.54996 -72.895009,-14.550057 -72.895094,-14.550115 -72.89512,-14.550167 -72.895134,-14.550172 -72.895181,-14.550238 -72.895203,-14.550253 -72.895212,-14.550273 -72.895332,-14.550347 -72.895483,-14.550428 -72.89556,-14.550446 -72.895611,-14.550436 -72.895708,-14.550468 -72.895742,-14.550468 -72.89573,-14.550463 -72.895728,-14.550434 -72.89571,-14.550415 -72.895691,-14.550436 -72.89567,-14.55044 -72.895651,-14.550404 -72.895586,-14.550382 -72.895583,-14.550366 -72.8956,-14.550355 -72.89563,-14.550352 -72.895662,-14.550339 -72.895685,-14.55034 -72.895744,-14.550373 -72.89576,-14.550371 -72.895835,-14.550462 -72.895979,-14.550523 -72.896243,-14.550682 -72.896286,-14.550699 -72.89631,-14.550722 -72.896363,-14.550737 -72.896429,-14.550782 -72.896517,-14.550793 -72.896565,-14.550814 -72.896723,-14.550917 -72.896783,-14.550921 -72.896874,-14.550943 -72.896972,-14.550987 -72.896995,-14.551013 -72.897015,-14.551014 -72.897095,-14.551044 -72.897139,-14.551044 -72.897194,-14.551062 -72.897237,-14.551085 -72.897279,-14.551091 -72.897335,-14.551084 -72.897351,-14.551072 -72.897421,-14.551078 -72.897507,-14.551099 -72.897621,-14.5511 -72.897657,-14.551093 -72.897701,-14.551107 -72.897724,-14.551121 -72.897763,-14.551181 -72.897833,-14.551234 -72.897852,-14.551241 -72.897875,-14.551282 -72.8979,-14.551296 -72.897953,-14.551295 -72.897964,-14.551321 -72.897953,-14.551341 -72.897954,-14.551384 -72.897983,-14.551427 -72.897986,-14.551466 -72.898009,-14.551501 -72.898026,-14.551505 -72.898049,-14.551525 -72.898121,-14.551559 -72.89822,-14.551579 -72.89834,-14.551631 -72.898482,-14.551747 -72.898604,-14.551781 -72.89868,-14.551819 -72.898809,-14.551902 -72.898893,-14.551928 -72.898967,-14.551988 -72.899013,-14.552007 -72.899056,-14.552044 -72.899159,-14.552095 -72.899238,-14.55216 -72.899277,-14.55217 -72.899326,-14.552206 -72.899365,-14.552221 -72.899399,-14.552245 -72.899419,-14.552249 -72.899446,-14.552273 -72.899626,-14.552363 -72.899649,-14.552386 -72.899744,-14.552419 -72.899871,-14.552478 -72.90008,-14.552528 -72.900102,-14.552544 -72.900299,-14.552621 -72.900341,-14.552644 -72.900395,-14.552658 -72.900422,-14.552658 -72.900442,-14.552671 -72.900544,-14.552692 -72.900645,-14.552726 -72.900718,-14.552766 -72.900766,-14.552777 -72.900781,-14.552774 -72.900861,-14.552799 -72.900918,-14.552829 -72.90097,-14.552874 -72.901015,-14.552902 -72.901031,-14.552924 -72.901051,-14.552925 -72.901054,-14.552941 -72.901119,-14.552998 -72.901145,-14.553048 -72.901176,-14.55307 -72.901197,-14.553107 -72.901221,-14.553118 -72.901246,-14.553143 -72.901285,-14.553217 -72.901295,-14.553285 -72.901269,-14.553314 -72.901269,-14.553332 -72.901294,-14.553392 -72.901294,-14.553414 -72.90131,-14.553446 -72.901355,-14.553486 -72.90136,-14.553508 -72.901378,-14.553536 -72.901414,-14.553652 -72.901437,-14.553776 -72.901455,-14.553807 -72.901457,-14.553851 -72.901522,-14.554012 -72.901521,-14.554039 -72.901542,-14.554053 -72.901529,-14.554177 -72.901506,-14.554192 -72.901488,-14.554225 -72.901485,-14.554248 -72.901484,-14.554266 -72.901493,-14.554286 -72.901507,-14.554281 -72.90152,-14.554354 -72.901562,-14.554395 -72.901578,-14.554395 -72.901599,-14.55441 -72.901634,-14.554412 -72.901661,-14.554434 -72.901686,-14.554442 -72.901713,-14.554462 -72.901752,-14.554521 -72.901833,-14.554569 -72.901866,-14.554622 -72.901869,-14.554654 -72.901881,-14.554677 -72.90195,-14.554792 -72.90195,-14.554819 -72.901971,-14.554854 -72.901988,-14.554909 -72.902019,-14.554943 -72.90203,-14.554984 -72.902041,-14.554995 -72.902063,-14.555001 -72.902128,-14.555094 -72.902186,-14.555123 -72.902245,-14.555114 -72.902329,-14.555157 -72.90236,-14.555181 -72.902471,-14.555222 -72.902492,-14.555238 -72.902505,-14.555269 -72.902583,-14.555312 -72.902611,-14.555357 -72.902661,-14.555406 -72.902672,-14.555439 -72.902715,-14.555491 -72.90277,-14.555664 -72.902794,-14.5557 -72.902838,-14.555745 -72.902881,-14.555857 -72.902941,-14.555929 -72.902966,-14.555975 -72.903024,-14.556027 -72.903051,-14.556066 -72.903183,-14.556179 -72.903204,-14.556236 -72.903229,-14.556263 -72.903268,-14.556416 -72.903264,-14.556438 -72.903284,-14.55649 -72.90329,-14.556553 -72.903305,-14.556581 -72.903305,-14.556649 -72.903333,-14.55674 -72.903355,-14.556767 -72.903369,-14.5568 -72.903372,-14.556852 -72.903384,-14.556878 -72.903393,-14.55695 -72.903463,-14.557026 -72.903577,-14.55712 -72.903651,-14.557144 -72.903671,-14.557163 -72.903743,-14.557184 -72.903779,-14.557208 -72.90379,-14.557224 -72.903841,-14.557235 -72.903868,-14.557255 -72.903904,-14.55729 -72.903908,-14.55731 -72.903925,-14.557315 -72.903933,-14.55735 -72.903966,-14.55736 -72.904042,-14.557427 -72.90405,-14.557444 -72.904047,-14.557482 -72.904088,-14.55753 -72.904105,-14.55756 -72.904116,-14.5576 -72.904146,-14.557633 -72.904196,-14.557652 -72.904218,-14.557676 -72.904321,-14.557807 -72.904375,-14.557851 -72.904379,-14.557875 -72.904448,-14.557968 -72.90449,-14.558 -72.904567,-14.55804 -72.904625,-14.558059 -72.904673,-14.558097 -72.904745,-14.558131 -72.904769,-14.55816 -72.904805,-14.558178 -72.90482,-14.558202 -72.904848,-14.558213 -72.904886,-14.558236 -72.904908,-14.558259 -72.90493,-14.558267 -72.904973,-14.558312 -72.905037,-14.558356 -72.905068,-14.558391 -72.905103,-14.558413 -72.905102,-14.558421 -72.905157,-14.558465 -72.905174,-14.558529 -72.905197,-14.558553 -72.905215,-14.558607 -72.905248,-14.558652 -72.905258,-14.558703 -72.905255,-14.558747 -72.905279,-14.558776 -72.905281,-14.558797 -72.905324,-14.55885 -72.90532,-14.5589 -72.905348,-14.55894 -72.90538,-14.558969 -72.905431,-14.558995 -72.905495,-14.55904 -72.905494,-14.559047 -72.905516,-14.559071 -72.905522,-14.559095 -72.905515,-14.559106 -72.905501,-14.559104 -72.905502,-14.559106 -72.905552,-14.559125 -72.9056,-14.559167 -72.90562,-14.5592 -72.905633,-14.559248 -72.905646,-14.559267 -72.905712,-14.559321 -72.905721,-14.559355 -72.90578,-14.559406 -72.905797,-14.559437 -72.905832,-14.55947 -72.90586,-14.559491 -72.905905,-14.55951 -72.905923,-14.559545 -72.905972,-14.559596 -72.90599,-14.55963 -72.906011,-14.559652 -72.906052,-14.559688 -72.906069,-14.559693 -72.906106,-14.559721 -72.906175,-14.559786 -72.906217,-14.55987 -72.906261,-14.55993 -72.906303,-14.559964 -72.906353,-14.560025 -72.906362,-14.560041 -72.906381,-14.560132 -72.906446,-14.560235 -72.906459,-14.560267 -72.906479,-14.560358 -72.906507,-14.560398 -72.906513,-14.560423 -72.906509,-14.560439 -72.906538,-14.560484 -72.906543,-14.56052 -72.906535,-14.560543 -72.906556,-14.560607 -72.906558,-14.560644 -72.906573,-14.560687 -72.906572,-14.560717 -72.906595,-14.560757 -72.90662,-14.560782 -72.906644,-14.56086 -72.906682,-14.560913 -72.906683,-14.560956 -72.906674,-14.560997 -72.906681,-14.561034 -72.906704,-14.561085 -72.906703,-14.561117 -72.906732,-14.561159 -72.906729,-14.561172 -72.906742,-14.561206 -72.906837,-14.561379 -72.90686,-14.561476 -72.906925,-14.561546 -72.906984,-14.561595 -72.906981,-14.561614 -72.906988,-14.561631 -72.907009,-14.561675 -72.907041,-14.561716 -72.907083,-14.561803 -72.907156,-14.561884 -72.907175,-14.561931 -72.907203,-14.561956 -72.907209,-14.561974 -72.907271,-14.562059 -72.907282,-14.562106 -72.907335,-14.562198 -72.907372,-14.562223 -72.907442,-14.562302 -72.907488,-14.56233 -72.907525,-14.562381 -72.907556,-14.562399 -72.907587,-14.562445 -72.907664,-14.562508 -72.907719,-14.562535 -72.907761,-14.562585 -72.907906,-14.562653 -72.907986,-14.562659 -72.907984,-14.56265 -72.908048,-14.562693 -72.908068,-14.562714 -72.908137,-14.562741 -72.90821,-14.562796 -72.908259,-14.562812 -72.908291,-14.562838 -72.908372,-14.562861 -72.908424,-14.562909 -72.908447,-14.56294 -72.908544,-14.562986 -72.908626,-14.563044 -72.908663,-14.563092 -72.90873,-14.563133 -72.908794,-14.5632 -72.908836,-14.563218 -72.908909,-14.563265 -72.908966,-14.563286 -72.90909,-14.56337 -72.909121,-14.563404 -72.909278,-14.563475 -72.909378,-14.563552 -72.909434,-14.563575 -72.909487,-14.563583 -72.909539,-14.563606 -72.909581,-14.563644 -72.909592,-14.563666 -72.909665,-14.563724 -72.90972,-14.563739 -72.909783,-14.563776 -72.909806,-14.563782 -72.90987,-14.563739 -72.909908,-14.563734 -72.909945,-14.56376 -72.909982,-14.563766 -72.910053,-14.563793 -72.910093,-14.563827 -72.910147,-14.563825 -72.910189,-14.56381 -72.910243,-14.563821 -72.910289,-14.56382 -72.910333,-14.563848 -72.910347,-14.563864 -72.910351,-14.563883 -72.910382,-14.563908 -72.910448,-14.56392 -72.910492,-14.563946 -72.91052,-14.563942 -72.910543,-14.563949 -72.910567,-14.563966 -72.910574,-14.563984 -72.910645,-14.564036 -72.910717,-14.564038 -72.910802,-14.564068 -72.910913,-14.564089 -72.910926,-14.564086 -72.910992,-14.564119 -72.911073,-14.564139 -72.911128,-14.564168 -72.911156,-14.564191 -72.911275,-14.564242 -72.911332,-14.564335 -72.91138,-14.564356 -72.911416,-14.564386 -72.911491,-14.564417 -72.911598,-14.564511 -72.911684,-14.564532 -72.911742,-14.564582 -72.911787,-14.564599 -72.911831,-14.564672 -72.911853,-14.56469 -72.91193,-14.564729 -72.911954,-14.564759 -72.911972,-14.564802 -72.911974,-14.564837 -72.911991,-14.56487 -72.912002,-14.564944 -72.912021,-14.56499 -72.912037,-14.565007 -72.912101,-14.565039 -72.912123,-14.565061 -72.912139,-14.565098 -72.912172,-14.565128 -72.912221,-14.565146 -72.912293,-14.565149 -72.912331,-14.565165 -72.912383,-14.565197 -72.912422,-14.565241 -72.912458,-14.565355 -72.912459,-14.565411 -72.912448,-14.565487 -72.912415,-14.565567 -72.912387,-14.565592 -72.912355,-14.565674 -72.912316,-14.56572 -72.912311,-14.565779 -72.912327,-14.565821 -72.912308,-14.565838 -72.912333,-14.565864 -72.912347,-14.565869 -72.912346,-14.565889 -72.912438,-14.565934 -72.912479,-14.565965 -72.912506,-14.566023 -72.912558,-14.566035 -72.912584,-14.566068 -72.912621,-14.566095 -72.912654,-14.566095 -72.912774,-14.56607 -72.912861,-14.566027 -72.912943,-14.56601 -72.91304,-14.566027 -72.913118,-14.565998 -72.913231,-14.565982 -72.91325,-14.565973 -72.913334,-14.565972 -72.913431,-14.565948 -72.91349,-14.56595 -72.913529,-14.565973 -72.913572,-14.565984 -72.913588,-14.565979 -72.913654,-14.565987 -72.91374,-14.566019 -72.913797,-14.566032 -72.913863,-14.566071 -72.913962,-14.566098 -72.914082,-14.566156 -72.914151,-14.566172 -72.914233,-14.566176 -72.914306,-14.566193 -72.914353,-14.566214 -72.914384,-14.566249 -72.914417,-14.566271 -72.914487,-14.566289 -72.914949,-14.566331 -72.915034,-14.566327 -72.91513,-14.566333 -72.91524,-14.566324 -72.915254,-14.566331 -72.915319,-14.566337 -72.915504,-14.566385 -72.915599,-14.566432 -72.915642,-14.566445 -72.915714,-14.566445 -72.915823,-14.566459 -72.915949,-14.566458 -72.916053,-14.566506 -72.916152,-14.566509 -72.916209,-14.566529 -72.916283,-14.56653 -72.916312,-14.566537 -72.91644,-14.566534 -72.91651,-14.566548 -72.916628,-14.566517 -72.916723,-14.566541 -72.916808,-14.566539 -72.916913,-14.566562 -72.91704,-14.566569 -72.91709,-14.566579 -72.917154,-14.566613 -72.917207,-14.566613 -72.917251,-14.566625 -72.917281,-14.56665 -72.917312,-14.566734 -72.917394,-14.566876 -72.917437,-14.566974 -72.91752,-14.567031 -72.917592,-14.56711 -72.917726,-14.567198 -72.917793,-14.567281 -72.917828,-14.567297 -72.917867,-14.567364 -72.91789,-14.567494 -72.917904,-14.567614 -72.917891,-14.567731 -72.917949,-14.567809 -72.917983,-14.567917 -72.918007,-14.567963 -72.918039,-14.568004 -72.918107,-14.568061 -72.918254,-14.568211 -72.918341,-14.568335 -72.918399,-14.568441 -72.918442,-14.568499 -72.918459,-14.568518 -72.918497,-14.568533 -72.91854,-14.568583 -72.918562,-14.568656 -72.918561,-14.568674 -72.91858,-14.568702 -72.918585,-14.568752 -72.918572,-14.568792 -72.918572,-14.568835 -72.918594,-14.568961 -72.918623,-14.569071 -72.918632,-14.569149 -72.918665,-14.569225 -72.918679,-14.569345 -72.918693,-14.569388 -72.91873,-14.569448 -72.918709,-14.569568 -72.91873,-14.569631 -72.918745,-14.56973 -72.918707,-14.569912 -72.91873,-14.569941 -72.918742,-14.569972 -72.918733,-14.570049 -72.918738,-14.570119 -72.918791,-14.570233 -72.918763,-14.570259 -72.918779,-14.570277 -72.91878,-14.570293 -72.91876,-14.570506 -72.918738,-14.570557 -72.918687,-14.570617 -72.91863,-14.570705 -72.918603,-14.570722 -72.918579,-14.570723 -72.918557,-14.570733 -72.918522,-14.570762 -72.918492,-14.570824 -72.918431,-14.570868 -72.9184,-14.570939 -72.918307,-14.571067 -72.9183,-14.571123 -72.918264,-14.571188 -72.918202,-14.571259 -72.918174,-14.571305 -72.918117,-14.571355 -72.918079,-14.571458 -72.918032,-14.571531 -72.917961,-14.571586 -72.917878,-14.571668 -72.917816,-14.5717 -72.917806,-14.571714 -72.917783,-14.57172 -72.917775,-14.571738 -72.917761,-14.571744 -72.917728,-14.571783 -72.917665,-14.571817 -72.917564,-14.571903 -72.917517,-14.571962 -72.917425,-14.572043 -72.917376,-14.572068 -72.917341,-14.5721 -72.917242,-14.572165 -72.917172,-14.572251 -72.917122,-14.572344 -72.917097,-14.572438 -72.917063,-14.572514 -72.917025,-14.572636 -72.917027,-14.572676 -72.916957,-14.572813 -72.916939,-14.572863 -72.91692,-14.572884 -72.916894,-14.572965 -72.916837,-14.573084 -72.916819,-14.573151 -72.91679,-14.573204 -72.916758,-14.573294 -72.916697,-14.573387 -72.916658,-14.573469 -72.916544,-14.573647 -72.916525,-14.573664 -72.916491,-14.57377 -72.916405,-14.573855 -72.916374,-14.573903 -72.916352,-14.573976 -72.916325,-14.574024 -72.916311,-14.574113 -72.916301,-14.574129 -72.916291,-14.574181 -72.916269,-14.574224 -72.916249,-14.574315 -72.91625,-14.574369 -72.916284,-14.574525 -72.916277,-14.574577 -72.916284,-14.574629 -72.916303,-14.574687 -72.916338,-14.574735 -72.916356,-14.574778 -72.916375,-14.574794 -72.916383,-14.574819 -72.916378,-14.574832 -72.916425,-14.574916 -72.916415,-14.574932 -72.916415,-14.574952 -72.916432,-14.575018 -72.916429,-14.57505 -72.916413,-14.575081 -72.9164,-14.575135 -72.916398,-14.575228 -72.916368,-14.575299 -72.916348,-14.575396 -72.916359,-14.575418 -72.916428,-14.575467 -72.916441,-14.575484 -72.91648,-14.575587 -72.916558,-14.575717 -72.916576,-14.57578 -72.916574,-14.5758 -72.916555,-14.575836 -72.916566,-14.575884 -72.916565,-14.575937 -72.916527,-14.576034 -72.916527,-14.576058 -72.916536,-14.576103 -72.916551,-14.576116 -72.9166,-14.576306 -72.916605,-14.576352 -72.916596,-14.576424 -72.916601,-14.576585 -72.916593,-14.576641 -72.916565,-14.576706 -72.916565,-14.57678 -72.916554,-14.576832 -72.916559,-14.576883 -72.916542,-14.576919 -72.916537,-14.576946 -72.916542,-14.576966 -72.916506,-14.577118 -72.916494,-14.577258 -72.916495,-14.57728 -72.916545,-14.577328 -72.916551,-14.577357 -72.916556,-14.577384 -72.916544,-14.57744 -72.916552,-14.577532 -72.916548,-14.577554 -72.91657,-14.577612 -72.916573,-14.577651 -72.916524,-14.577758 -72.916509,-14.577893 -72.916482,-14.577996 -72.916443,-14.578057 -72.916438,-14.578079 -72.916436,-14.578097 -72.916475,-14.578124 -72.916492,-14.578168 -72.916429,-14.578294 -72.916393,-14.578317 -72.916358,-14.578361 -72.916324,-14.578462 -72.91633,-14.578509 -72.916349,-14.578542 -72.916397,-14.578585 -72.916434,-14.578639 -72.916474,-14.578681 -72.916483,-14.57875 -72.916499,-14.578791 -72.916501,-14.578847 -72.916529,-14.57889 -72.916536,-14.578922 -72.916519,-14.578971 -72.916478,-14.57905 -72.916474,-14.579072 -72.916477,-14.579114 -72.916459,-14.579219 -72.91646,-14.579239 -72.91648,-14.579273 -72.916487,-14.579303 -72.916478,-14.579367 -72.91642,-14.579406 -72.916283,-14.579434 -72.91622,-14.579471 -72.916188,-14.579512 -72.916167,-14.579582 -72.916183,-14.579666 -72.916182,-14.579707 -72.916227,-14.579801 -72.916259,-14.57984 -72.916266,-14.579856 -72.916265,-14.579885 -72.916247,-14.579919 -72.916196,-14.579983 -72.916136,-14.580033 -72.916119,-14.580058 -72.916087,-14.580076 -72.916076,-14.58009 -72.916036,-14.58018 -72.916001,-14.580229 -72.915964,-14.580318 -72.91596,-14.580428 -72.915935,-14.580586 -72.915946,-14.580656 -72.91597,-14.580694 -72.916006,-14.580726 -72.916061,-14.58076 -72.916143,-14.580872 -72.916166,-14.580959 -72.91618,-14.581068 -72.916271,-14.581204 -72.916315,-14.58131 -72.916315,-14.581382 -72.916305,-14.581424 -72.916307,-14.58146 -72.916323,-14.581512 -72.916329,-14.581693 -72.91634,-14.581769 -72.916334,-14.581852 -72.916323,-14.5819 -72.916333,-14.582009 -72.916321,-14.582059 -72.916297,-14.582113 -72.916231,-14.582194 -72.916145,-14.582377 -72.916166,-14.582546 -72.916158,-14.582588 -72.916183,-14.58264 -72.916207,-14.582729 -72.91623,-14.582767 -72.916357,-14.582928 -72.916365,-14.582944 -72.916361,-14.582953 -72.916413,-14.58305 -72.916501,-14.58316 -72.916541,-14.583237 -72.916558,-14.583244 -72.916576,-14.583268 -72.916596,-14.583324 -72.916615,-14.583475 -72.916606,-14.583568 -72.916618,-14.583681 -72.916613,-14.583722 -72.91662,-14.583793 -72.916603,-14.583894 -72.916545,-14.584014 -72.916532,-14.584106 -72.916515,-14.584138 -72.916505,-14.584188 -72.916456,-14.584246 -72.91643,-14.58429 -72.916339,-14.584376 -72.916315,-14.584424 -72.91628,-14.584468 -72.916228,-14.584558 -72.916202,-14.584626 -72.916146,-14.584728 -72.916133,-14.58477 -72.916091,-14.584849 -72.916075,-14.584926 -72.916066,-14.585041 -72.916046,-14.58511 -72.916003,-14.585187 -72.915989,-14.585246 -72.91597,-14.585407 -72.915948,-14.585452 -72.915938,-14.585498 -72.915896,-14.585557 -72.915869,-14.585638 -72.915871,-14.585855 -72.915828,-14.58594 -72.915813,-14.585985 -72.915804,-14.586074 -72.915793,-14.586107 -72.915787,-14.586263 -72.915728,-14.586439 -72.915734,-14.586458 -72.915727,-14.586479 -72.915745,-14.586539 -72.915747,-14.586576 -72.91576,-14.586593 -72.915784,-14.58668 -72.91582,-14.58675 -72.915842,-14.586835 -72.915887,-14.586915 -72.915959,-14.586963 -72.916064,-14.587096 -72.916103,-14.587134 -72.916162,-14.587222 -72.916232,-14.587376 -72.916243,-14.58745 -72.916223,-14.587627 -72.916228,-14.58765 -72.916207,-14.587754 -72.916215,-14.587779 -72.916198,-14.587837 -72.916182,-14.587995 -72.916164,-14.588026 -72.916199,-14.588169 -72.916202,-14.588216 -72.916196,-14.588244 -72.916228,-14.588498 -72.916212,-14.588579 -72.916209,-14.588665 -72.916178,-14.588793 -72.916157,-14.588824 -72.916111,-14.588849 -72.916072,-14.588921 -72.916016,-14.588987 -72.916007,-14.58901 -72.916008,-14.589049 -72.915966,-14.589127 -72.915973,-14.589159 -72.916012,-14.589226 -72.916087,-14.589301 -72.916121,-14.589375 -72.916135,-14.589475 -72.916166,-14.589595 -72.916196,-14.589695 -72.916234,-14.589776 -72.916282,-14.589921 -72.91627,-14.590004 -72.916281,-14.590075 -72.916314,-14.590135 -72.916333,-14.590218 -72.916394,-14.590305 -72.916441,-14.590442 -72.916478,-14.590497 -72.916485,-14.590539 -72.916527,-14.590666 -72.916528,-14.590706 -72.916509,-14.590758 -72.916453,-14.590849 -72.916375,-14.591014 -72.916367,-14.591064 -72.916366,-14.591203 -72.916392,-14.591297 -72.916433,-14.591383 -72.916468,-14.591417 -72.91654,-14.591514 -72.916576,-14.591589 -72.916597,-14.591655 -72.916676,-14.591779 -72.916691,-14.591788 -72.916696,-14.591821 -72.916605,-14.592071 -72.916602,-14.592186 -72.916616,-14.592261 -72.916629,-14.592283 -72.916633,-14.592339 -72.916659,-14.592403 -72.916802,-14.592648 -72.916853,-14.592695 -72.916833,-14.592819 -72.9168,-14.592931 -72.916814,-14.59298 -72.916813,-14.593016 -72.916842,-14.59303 -72.916829,-14.59303 -72.916799,-14.59305 -72.916782,-14.593072 -72.916771,-14.593073 -72.916841,-14.593163 -72.916897,-14.593208 -72.916964,-14.593282 -72.917076,-14.593323 -72.917164,-14.593389 -72.917226,-14.593453 -72.917249,-14.593504 -72.917252,-14.593535 -72.917268,-14.59356 -72.917341,-14.593644 -72.917411,-14.593739 -72.917435,-14.593755 -72.917478,-14.593823 -72.917519,-14.593847 -72.917557,-14.593883 -72.917586,-14.593937 -72.917571,-14.594052 -72.91758,-14.594161 -72.917573,-14.594179 -72.917583,-14.594243 -72.917555,-14.594315 -72.917533,-14.594336 -72.917494,-14.594402 -72.917496,-14.594433 -72.917479,-14.594483 -72.917477,-14.594524 -72.917491,-14.594653 -72.917484,-14.59474 -72.917497,-14.59485 -72.917486,-14.594987 -72.917493,-14.595069 -72.917514,-14.595154 -72.917509,-14.595169 -72.917517,-14.595188 -72.917509,-14.595241 -72.917516,-14.595321 -72.917557,-14.595478 -72.917538,-14.595577 -72.917543,-14.595595 -72.917532,-14.595657 -72.917583,-14.595797 -72.917588,-14.595851 -72.917636,-14.595904 -72.917677,-14.595999 -72.917684,-14.596066 -72.917676,-14.596154 -72.917633,-14.59623 -72.917622,-14.596296 -72.91759,-14.5964 -72.917593,-14.596461 -72.917582,-14.596496 -72.917587,-14.596582 -72.917578,-14.596634 -72.91758,-14.596743 -72.917596,-14.5968 -72.917612,-14.596817 -72.91762,-14.59687 -72.917615,-14.596901 -72.917628,-14.59692 -72.917631,-14.596942 -72.917626,-14.597023 -72.917614,-14.597077 -72.917616,-14.597322 -72.917585,-14.597453 -72.91754,-14.597518 -72.917446,-14.597736 -72.917434,-14.597776 -72.917434,-14.597805 -72.917414,-14.597843 -72.917414,-14.597972 -72.917381,-14.598047 -72.917378,-14.598072 -72.917388,-14.598128 -72.917376,-14.598196 -72.917376,-14.598269 -72.917394,-14.598305 -72.917406,-14.598356 -72.917457,-14.598493 -72.917507,-14.598595 -72.917509,-14.598684 -72.917518,-14.598711 -72.917512,-14.598776 -72.917517,-14.598792 -72.917501,-14.598853 -72.917499,-14.598917 -72.917516,-14.598981 -72.917508,-14.599017 -72.917518,-14.599067 -72.917495,-14.59913 -72.917477,-14.599223 -72.917481,-14.599255 -72.917467,-14.599273 -72.91745,-14.599332 -72.917448,-14.59936 -72.917462,-14.599383 -72.917461,-14.599402 -72.917436,-14.599471 -72.917428,-14.599602 -72.917412,-14.599662 -72.917416,-14.599696 -72.917355,-14.599842 -72.917345,-14.599906 -72.917351,-14.599901 -72.917367,-14.599968 -72.917346,-14.600004 -72.917309,-14.600108 -72.917308,-14.600165 -72.917322,-14.600219 -72.917402,-14.600332 -72.917396,-14.600503 -72.917411,-14.600531 -72.917409,-14.600555 -72.91742,-14.600601 -72.917456,-14.600666 -72.917462,-14.600739 -72.917499,-14.600823 -72.917535,-14.600939 -72.917584,-14.601002 -72.917615,-14.601087 -72.917755,-14.601272 -72.917846,-14.601289 -72.91792,-14.601325 -72.918013,-14.601447 -72.918046,-14.601521 -72.918048,-14.601598 -72.91808,-14.601641 -72.918125,-14.601677 -72.918143,-14.601735 -72.918182,-14.601786 -72.918207,-14.601836 -72.918217,-14.601851 -72.91825,-14.601869 -72.918289,-14.60193 -72.918314,-14.602015 -72.918354,-14.602093 -72.918364,-14.602129 -72.918362,-14.602183 -72.918376,-14.602209 -72.918394,-14.602218 -72.918417,-14.602264 -72.918547,-14.602422 -72.918636,-14.602475 -72.918671,-14.60251 -72.918687,-14.602557 -72.918755,-14.602625 -72.918778,-14.602663 -72.918796,-14.602679 -72.918876,-14.602725 -72.918902,-14.602731 -72.918984,-14.60273 -72.919017,-14.602761 -72.919039,-14.602831 -72.919026,-14.602886 -72.919038,-14.602968 -72.919079,-14.603054 -72.919109,-14.603085 -72.919146,-14.603099 -72.919172,-14.603132 -72.919178,-14.603207 -72.919172,-14.603223 -72.919141,-14.603253 -72.919111,-14.603298 -72.919089,-14.603339 -72.919084,-14.603377 -72.919047,-14.603432 -72.919039,-14.603485 -72.919048,-14.603536 -72.919042,-14.603609 -72.919047,-14.603623 -72.919025,-14.60369 -72.919035,-14.603744 -72.919021,-14.603779 -72.919009,-14.603862 -72.91902,-14.603898 -72.919061,-14.60393 -72.919079,-14.60396 -72.919016,-14.604017 -72.919003,-14.604039 -72.918977,-14.604127 -72.918986,-14.604169 -72.918977,-14.604226 -72.918986,-14.604264 -72.91898,-14.604284 -72.918984,-14.60433 -72.919003,-14.604395 -72.919044,-14.60443 -72.919152,-14.604576 -72.919201,-14.604625 -72.919257,-14.604652 -72.919308,-14.604715 -72.919304,-14.604784 -72.919313,-14.604818 -72.919285,-14.604884 -72.919284,-14.604914 -72.919297,-14.604969 -72.919292,-14.60501 -72.919307,-14.605048 -72.919296,-14.605072 -72.919308,-14.605201 -72.919302,-14.605233 -72.919312,-14.605281 -72.919352,-14.605378 -72.919349,-14.605406 -72.919366,-14.605474 -72.919417,-14.60553 -72.919493,-14.605586 -72.919533,-14.605602 -72.919562,-14.605631 -72.919683,-14.605669 -72.919735,-14.605727 -72.919798,-14.605777 -72.91982,-14.605816 -72.919839,-14.60588 -72.919875,-14.605927 -72.919881,-14.605965 -72.919895,-14.605976 -72.919919,-14.606042 -72.919933,-14.606145 -72.919965,-14.606199 -72.919968,-14.606234 -72.919986,-14.606269 -72.919993,-14.60636 -72.919986,-14.606378 -72.920036,-14.606521 -72.9202,-14.606599 -72.920251,-14.606586 -72.920259,-14.606591 -72.92026,-14.606613 -72.920293,-14.606652 -72.920306,-14.606754 -72.920221,-14.60693 -72.920213,-14.606956 -72.920216,-14.606985 -72.920197,-14.607033 -72.920209,-14.607079 -72.920212,-14.607161 -72.920202,-14.607211 -72.920223,-14.607292 -72.920217,-14.607373 -72.92023,-14.607443 -72.920227,-14.607463 -72.920236,-14.607504 -72.920257,-14.607534 -72.92029,-14.607613 -72.920298,-14.607691 -72.920337,-14.607772 -72.920378,-14.607824 -72.9204,-14.607878 -72.920418,-14.607899 -72.920435,-14.607982 -72.920521,-14.608107 -72.92053,-14.608148 -72.920579,-14.608208 -72.920584,-14.608236 -72.920631,-14.60828 -72.920648,-14.60828 -72.920671,-14.608323 -72.920679,-14.608358 -72.920703,-14.608395 -72.920767,-14.608455 -72.920782,-14.60846 -72.920792,-14.608484 -72.920794,-14.608523 -72.920849,-14.608612 -72.920866,-14.608671 -72.920885,-14.6087 -72.920896,-14.60876 -72.920916,-14.608775 -72.920978,-14.608794 -72.921039,-14.608824 -72.921077,-14.608866 -72.921106,-14.608884 -72.921148,-14.608949 -72.921196,-14.608991 -72.921229,-14.609041 -72.921305,-14.609108 -72.921329,-14.609159 -72.921405,-14.609253 -72.921416,-14.60928 -72.921436,-14.609301 -72.921515,-14.609426 -72.921552,-14.60946 -72.921601,-14.609524 -72.921625,-14.609583 -72.921681,-14.609664 -72.921779,-14.609787 -72.921817,-14.609903 -72.921817,-14.609935 -72.921869,-14.610093 -72.921897,-14.610136 -72.921939,-14.610228 -72.921975,-14.610267 -72.92198,-14.610327 -72.921989,-14.610352 -72.922041,-14.610434 -72.922063,-14.610488 -72.922066,-14.610547 -72.922098,-14.610584 -72.922126,-14.610673 -72.922181,-14.610754 -72.922208,-14.610809 -72.922234,-14.610914 -72.922254,-14.61096 -72.922265,-14.611042 -72.922291,-14.611086 -72.922286,-14.611112 -72.922293,-14.611138 -72.922286,-14.611165 -72.922318,-14.61124 -72.922322,-14.611278 -72.922365,-14.611337 -72.922388,-14.611415 -72.922384,-14.611462 -72.92243,-14.611577 -72.922446,-14.611599 -72.922508,-14.611652 -72.922509,-14.61168 -72.922537,-14.611723 -72.922579,-14.611751 -72.922633,-14.611772 -72.922633,-14.611789 -72.922647,-14.611793 -72.922639,-14.612023 -72.922655,-14.61207 -72.922648,-14.612092 -72.922668,-14.612276 -72.922697,-14.612406 -72.922727,-14.612429 -72.922738,-14.612448 -72.92278,-14.612536 -72.922784,-14.612568 -72.922813,-14.612617 -72.922806,-14.612662 -72.922822,-14.612681 -72.922786,-14.612701 -72.922779,-14.612735 -72.92278,-14.612799 -72.9228,-14.612886 -72.922816,-14.6129 -72.922817,-14.612929 -72.92281,-14.612935 -72.922822,-14.612959 -72.922817,-14.613042 -72.922834,-14.613103 -72.922852,-14.613138 -72.922862,-14.613194 -72.922892,-14.613244 -72.922897,-14.613266 -72.922891,-14.61329 -72.922897,-14.613338 -72.922878,-14.613375 -72.922863,-14.61347 -72.922869,-14.613541 -72.922889,-14.613595 -72.922874,-14.613671 -72.922879,-14.613683 -72.92283,-14.613789 -72.922811,-14.613824 -72.922797,-14.613835 -72.922803,-14.613952 -72.922779,-14.614008 -72.922737,-14.614056 -72.922717,-14.614114 -72.92272,-14.614214 -72.922757,-14.614277 -72.922782,-14.614374 -72.922799,-14.614395 -72.92285,-14.614579 -72.922856,-14.614648 -72.92285,-14.614684 -72.922872,-14.614759 -72.922872,-14.614784 -72.922908,-14.614877 -72.922914,-14.61494 -72.922932,-14.615009 -72.922922,-14.615042 -72.922918,-14.615153 -72.922945,-14.615261 -72.922944,-14.615347 -72.922968,-14.615391 -72.923002,-14.615432 -72.923021,-14.61545 -72.923028,-14.615446 -72.923076,-14.615499 -72.923144,-14.615597 -72.923168,-14.615718 -72.923166,-14.615795 -72.923172,-14.615831 -72.923197,-14.61588 -72.92325,-14.615961 -72.923278,-14.61597 -72.92328,-14.615971 -72.923281,-14.615971 -72.923281,-14.615972 -72.923287,-14.615973 -72.92329,-14.615976 -72.923294,-14.615972 -72.923306,-14.615961 -72.923315,-14.615957 -72.923301,-14.615969 -72.923276,-14.615971 -72.923272,-14.615982 -72.923251,-14.615982 -72.923216,-14.616114 -72.923215,-14.616218 -72.923232,-14.616282 -72.923232,-14.61634 -72.923241,-14.616393 -72.923284,-14.616522 -72.923308,-14.616562 -72.923315,-14.616635 -72.923295,-14.616699 -72.923305,-14.616753 -72.923295,-14.616811 -72.923299,-14.61687 -72.923307,-14.616887 -72.923302,-14.616949 -72.923362,-14.617094 -72.923365,-14.617115 -72.923394,-14.61715 -72.923414,-14.617204 -72.923457,-14.617258 -72.923464,-14.617278 -72.923422,-14.617365 -72.923411,-14.617406 -72.923412,-14.617489 -72.923402,-14.617527 -72.9234,-14.61758 -72.923381,-14.617613 -72.923383,-14.617701 -72.923408,-14.617753 -72.923432,-14.61777 -72.923463,-14.617913 -72.923453,-14.617944 -72.923453,-14.618019 -72.923489,-14.61812 -72.923508,-14.618199 -72.923523,-14.618228 -72.923561,-14.618267 -72.923593,-14.618344 -72.92366,-14.618418 -72.923684,-14.618461 -72.923717,-14.618491 -72.923745,-14.618504 -72.923783,-14.618617 -72.923777,-14.618662 -72.923745,-14.618697 -72.923753,-14.61878 -72.923751,-14.618856 -72.923759,-14.61889 -72.923783,-14.618913 -72.923833,-14.619 -72.923839,-14.61902 -72.923841,-14.61904 -72.923847,-14.61906 -72.923859,-14.61907 -72.923862,-14.619081 -72.923866,-14.619091 -72.923866,-14.619091 -72.923866,-14.619091 -72.923866,-14.619092 -72.923866,-14.619092 -72.923866,-14.619092 -72.923866,-14.619092 -72.923866,-14.619092 -72.923866,-14.619092 -72.923866,-14.619092 -72.923866,-14.619092 -72.923866,-14.619092 -72.923866,-14.619092 -72.923866,-14.619093 -72.923866,-14.619093 -72.923866,-14.619092 -72.923865,-14.619089 -72.923863,-14.619081 -72.923861,-14.619077 -72.92386,-14.61906 -72.923847,-14.619049 -72.923817,-14.619043 -72.923794,-14.619038 -72.92378,-14.619059 -72.923765,-14.619066 -72.923759,-14.61909 -72.9237513340916,-14.6190917331817</coordinates></LineString></MultiGeometry>
  </Placemark>
  <Placemark id="Route.13">
	<name>28 julio</name>
	<description>&lt;b&gt;Descripción:&lt;/b&gt; Vuelta&lt;br&gt;&lt;b&gt;Inicio:&lt;/b&gt; 2007-07-28 05:40:49&lt;br&gt;&lt;b&gt;Fin:&lt;/b&gt; 2007-07-28 14:38:47&lt;br&gt;&lt;b&gt;Duración:&lt;/b&gt; 9 horas&lt;br&gt;</description>
	<Style><LineStyle><color>FF1c1ae3</color><width>4.25196</width></LineStyle><PolyStyle><fill>0</fill></PolyStyle></Style>
	<ExtendedData><SchemaData schemaUrl="#Route">
		<SimpleData name="fid">4</SimpleData>
		<SimpleData name="duracion">8.97</SimpleData>
		<SimpleData name="inicio_local">2007-07-28 05:40:49</SimpleData>
		<SimpleData name="fin_local">2007-07-28 14:38:47</SimpleData>
		<SimpleData name="nombre">28 julio</SimpleData>
		<SimpleData name="descrip">Vuelta</SimpleData>
	</SchemaData></ExtendedData>
      <MultiGeometry><LineString><coordinates>-72.9236984143121,-14.6190981214682 -72.92371,-14.619128 -72.923724,-14.619135 -72.923719,-14.61916 -72.923733,-14.6192 -72.923737,-14.619244 -72.923714,-14.619364 -72.923736,-14.619456 -72.923738,-14.619494 -72.923762,-14.619555 -72.923744,-14.61963 -72.923752,-14.619656 -72.923739,-14.619674 -72.923739,-14.619694 -72.923757,-14.619715 -72.923757,-14.619746 -72.923776,-14.619838 -72.923768,-14.619849 -72.923749,-14.619844 -72.923725,-14.619859 -72.923694,-14.619904 -72.923623,-14.619918 -72.923585,-14.619939 -72.923514,-14.61992 -72.92347,-14.619921 -72.923406,-14.61995 -72.923329,-14.620021 -72.9233,-14.620069 -72.923249,-14.620131 -72.923223,-14.620146 -72.923093,-14.620269 -72.923071,-14.620306 -72.923071,-14.620355 -72.92302,-14.620392 -72.922999,-14.620422 -72.922896,-14.620513 -72.922871,-14.620549 -72.922782,-14.620622 -72.922699,-14.620715 -72.922657,-14.620743 -72.922578,-14.620857 -72.922558,-14.620897 -72.922506,-14.620942 -72.922506,-14.620967 -72.922497,-14.620975 -72.922504,-14.620971 -72.922504,-14.620972 -72.922497,-14.620977 -72.922503,-14.620973 -72.922504,-14.620972 -72.922501,-14.620962 -72.922466,-14.620991 -72.922429,-14.621114 -72.922385,-14.621184 -72.922288,-14.621376 -72.922287,-14.6214 -72.922271,-14.62144 -72.922202,-14.62158 -72.922197,-14.621624 -72.922173,-14.621658 -72.922145,-14.621798 -72.92211,-14.621878 -72.922098,-14.621938 -72.92207,-14.621974 -72.922057,-14.622041 -72.922053,-14.62213 -72.92202,-14.622206 -72.922022,-14.62228 -72.921996,-14.622387 -72.922001,-14.622408 -72.922042,-14.622431 -72.922134,-14.622534 -72.922218,-14.622554 -72.922255,-14.622544 -72.92233,-14.622615 -72.922332,-14.622633 -72.922358,-14.622661 -72.922405,-14.622707 -72.922453,-14.622741 -72.922489,-14.622791 -72.922511,-14.622801 -72.92253,-14.622821 -72.922523,-14.622833 -72.922524,-14.622859 -72.922507,-14.62289 -72.92251,-14.622936 -72.922521,-14.623009 -72.922555,-14.623054 -72.922555,-14.623066 -72.922544,-14.623061 -72.922524,-14.623069 -72.922475,-14.623124 -72.922476,-14.62314 -72.922495,-14.623166 -72.922439,-14.623258 -72.922422,-14.623319 -72.922442,-14.623364 -72.922445,-14.623429 -72.92249,-14.623475 -72.922519,-14.623548 -72.922561,-14.623603 -72.92257,-14.623651 -72.922602,-14.623687 -72.922662,-14.6238 -72.92285,-14.623991 -72.922883,-14.624053 -72.922887,-14.624077 -72.922867,-14.624104 -72.922855,-14.624106 -72.922848,-14.624093 -72.922856,-14.624086 -72.922843,-14.62409 -72.92279,-14.624133 -72.922806,-14.624168 -72.9228,-14.624185 -72.922764,-14.624227 -72.922753,-14.624257 -72.922746,-14.624315 -72.922761,-14.624319 -72.922758,-14.624335 -72.922755,-14.624335 -72.922754,-14.624334 -72.922754,-14.624334 -72.922754,-14.624334 -72.922752,-14.624333 -72.922735,-14.624352 -72.922694,-14.624345 -72.92269,-14.624346 -72.922687,-14.624352 -72.922673,-14.62434 -72.922691,-14.624344 -72.922687,-14.624355 -72.922667,-14.624344 -72.922584,-14.624361 -72.922573,-14.624358 -72.922554,-14.624385 -72.922554,-14.624397 -72.92253,-14.624425 -72.922501,-14.624405 -72.922473,-14.624402 -72.922456,-14.624412 -72.922436,-14.624444 -72.922403,-14.624473 -72.922363,-14.624494 -72.922323,-14.624501 -72.922321,-14.624522 -72.922374,-14.624586 -72.922384,-14.624624 -72.922452,-14.624717 -72.922484,-14.624805 -72.922507,-14.624828 -72.922547,-14.624894 -72.922588,-14.624935 -72.922642,-14.624967 -72.922707,-14.625028 -72.922761,-14.625109 -72.922826,-14.625264 -72.922822,-14.62527 -72.922829,-14.62527 -72.922844,-14.625328 -72.922869,-14.625371 -72.92288,-14.625437 -72.922894,-14.625454 -72.922918,-14.625518 -72.922938,-14.625611 -72.922951,-14.625629 -72.92296,-14.625672 -72.922971,-14.625688 -72.92296,-14.625817 -72.922968,-14.625836 -72.922967,-14.625862 -72.923004,-14.625944 -72.923014,-14.62608 -72.923037,-14.626181 -72.923021,-14.626219 -72.923001,-14.626232 -72.923004,-14.626312 -72.922991,-14.626357 -72.922967,-14.626397 -72.922956,-14.626441 -72.922952,-14.626524 -72.922943,-14.626548 -72.922896,-14.626624 -72.922848,-14.626683 -72.922815,-14.62671 -72.922788,-14.626752 -72.922748,-14.626786 -72.922712,-14.626831 -72.922642,-14.626969 -72.922639,-14.626999 -72.922615,-14.62704 -72.922575,-14.627145 -72.922574,-14.62717 -72.922524,-14.62723 -72.92249,-14.627303 -72.922461,-14.6274 -72.922479,-14.627601 -72.92247,-14.627645 -72.922475,-14.627671 -72.922471,-14.627805 -72.92248,-14.627841 -72.922473,-14.627878 -72.922498,-14.62791 -72.922515,-14.627988 -72.922564,-14.628058 -72.922563,-14.628108 -72.922546,-14.628123 -72.922541,-14.628146 -72.922456,-14.628258 -72.922444,-14.628291 -72.922407,-14.628344 -72.922359,-14.628395 -72.922334,-14.628408 -72.922342,-14.62841 -72.922297,-14.628483 -72.922295,-14.628516 -72.922285,-14.628535 -72.922242,-14.628578 -72.922215,-14.628661 -72.922198,-14.628692 -72.922144,-14.628749 -72.922135,-14.628782 -72.922093,-14.628801 -72.922072,-14.628833 -72.92202,-14.628879 -72.92198,-14.628892 -72.921893,-14.629 -72.921877,-14.629052 -72.921851,-14.629082 -72.921833,-14.629072 -72.921817,-14.6291 -72.921732,-14.629167 -72.92169,-14.62917 -72.92162,-14.629192 -72.921604,-14.629209 -72.921537,-14.629248 -72.921485,-14.629267 -72.921421,-14.629274 -72.921337,-14.629319 -72.921299,-14.629322 -72.921284,-14.629346 -72.92124,-14.629379 -72.921186,-14.629406 -72.921135,-14.629412 -72.921084,-14.629406 -72.921014,-14.629429 -72.920957,-14.629463 -72.920917,-14.629472 -72.920904,-14.629468 -72.920748,-14.629511 -72.920707,-14.62951 -72.920628,-14.629528 -72.920491,-14.629611 -72.920455,-14.629613 -72.92041,-14.629629 -72.92039,-14.629626 -72.920361,-14.629644 -72.920325,-14.629691 -72.920297,-14.629709 -72.920242,-14.629717 -72.920105,-14.629755 -72.92009,-14.629765 -72.920037,-14.629762 -72.91998,-14.629774 -72.919884,-14.629763 -72.919852,-14.629739 -72.919831,-14.629733 -72.919789,-14.629687 -72.919742,-14.629657 -72.9197,-14.629651 -72.919672,-14.629637 -72.919632,-14.62964 -72.919572,-14.629617 -72.919532,-14.629622 -72.919416,-14.62961 -72.91944,-14.629601 -72.919456,-14.62958 -72.919468,-14.629576 -72.919476,-14.629573 -72.919491,-14.62957 -72.919478,-14.629578 -72.919458,-14.629571 -72.919449,-14.629568 -72.919447,-14.629566 -72.919442,-14.629568 -72.919454,-14.629566 -72.919467,-14.629565 -72.91948,-14.629566 -72.919495,-14.629548 -72.919509,-14.629544 -72.919455,-14.629534 -72.919408,-14.629528 -72.919339,-14.629547 -72.919292,-14.629571 -72.919243,-14.629622 -72.919199,-14.629632 -72.919133,-14.629617 -72.919094,-14.629623 -72.919063,-14.629607 -72.919019,-14.6296 -72.918916,-14.62961 -72.918855,-14.629655 -72.91883,-14.629682 -72.918788,-14.629704 -72.918706,-14.62971 -72.918688,-14.629743 -72.918623,-14.629786 -72.918541,-14.629809 -72.918456,-14.629848 -72.918412,-14.629889 -72.918373,-14.629899 -72.918359,-14.630056 -72.918367,-14.630116 -72.91836,-14.630117 -72.918347,-14.630187 -72.918324,-14.630215 -72.918304,-14.630266 -72.918309,-14.63031 -72.918304,-14.630343 -72.918329,-14.630376 -72.918374,-14.630397 -72.918389,-14.630445 -72.918417,-14.630478 -72.91842,-14.6305 -72.918433,-14.630519 -72.918435,-14.630606 -72.9185,-14.63059 -72.918533,-14.630598 -72.918613,-14.630657 -72.918672,-14.630717 -72.918765,-14.630751 -72.918769,-14.630761 -72.918864,-14.630765 -72.918872,-14.630772 -72.918875,-14.630768 -72.918877,-14.630769 -72.918877,-14.630768 -72.918878,-14.630769 -72.918878,-14.630768 -72.918879,-14.630768 -72.91888,-14.630768 -72.918979,-14.63078 -72.919055,-14.630771 -72.919076,-14.630774 -72.919103,-14.63079 -72.919117,-14.630805 -72.91912,-14.630926 -72.919145,-14.63097 -72.919191,-14.631016 -72.919215,-14.631054 -72.919246,-14.631078 -72.91925,-14.631094 -72.919272,-14.631121 -72.919312,-14.631154 -72.919362,-14.63118 -72.919422,-14.631182 -72.919507,-14.631233 -72.919549,-14.631234 -72.919567,-14.631241 -72.91964,-14.631331 -72.919638,-14.631346 -72.919648,-14.631364 -72.919692,-14.631383 -72.919743,-14.631382 -72.919793,-14.631421 -72.919805,-14.631467 -72.919821,-14.63149 -72.919817,-14.63154 -72.919826,-14.631549 -72.919821,-14.631553 -72.91984,-14.63163 -72.919874,-14.631643 -72.919923,-14.631705 -72.919938,-14.631745 -72.919942,-14.63184 -72.919976,-14.631954 -72.919957,-14.632139 -72.919988,-14.632286 -72.920004,-14.632321 -72.920002,-14.632353 -72.920026,-14.63252 -72.920018,-14.63258 -72.920027,-14.632597 -72.920049,-14.632717 -72.92005,-14.63283 -72.920094,-14.63298 -72.920118,-14.633242 -72.920154,-14.633338 -72.920178,-14.633471 -72.920222,-14.633552 -72.920221,-14.633587 -72.920232,-14.633633 -72.920207,-14.633785 -72.920212,-14.633848 -72.920196,-14.633888 -72.920184,-14.633971 -72.920188,-14.63405 -72.920167,-14.634113 -72.920186,-14.634137 -72.920197,-14.634235 -72.920234,-14.634386 -72.920239,-14.634442 -72.920269,-14.634531 -72.920275,-14.634644 -72.920269,-14.634698 -72.920278,-14.634717 -72.920282,-14.634774 -72.920305,-14.634821 -72.9203,-14.634851 -72.920319,-14.634905 -72.920321,-14.634943 -72.920332,-14.634959 -72.92032,-14.635037 -72.920324,-14.635165 -72.920315,-14.635178 -72.92034,-14.63529 -72.920341,-14.635335 -72.92033,-14.635451 -72.92031,-14.635513 -72.920321,-14.635566 -72.920315,-14.635662 -72.920322,-14.635702 -72.920307,-14.635835 -72.920334,-14.635958 -72.920327,-14.636023 -72.920332,-14.636035 -72.920323,-14.636073 -72.920346,-14.636136 -72.920332,-14.636167 -72.920361,-14.636247 -72.920369,-14.63635 -72.920356,-14.636414 -72.920321,-14.636483 -72.920319,-14.636511 -72.92031,-14.636526 -72.920305,-14.636524 -72.9203,-14.636526 -72.920312,-14.636542 -72.920316,-14.636587 -72.920338,-14.636667 -72.920358,-14.63671 -72.920355,-14.63674 -72.920368,-14.636852 -72.920397,-14.636892 -72.920437,-14.637011 -72.920473,-14.63706 -72.920489,-14.637159 -72.920527,-14.637279 -72.920532,-14.637332 -72.920541,-14.637346 -72.920525,-14.637394 -72.920531,-14.637544 -72.920543,-14.637626 -72.920611,-14.637911 -72.920604,-14.63799 -72.920625,-14.638052 -72.920664,-14.638099 -72.920683,-14.638159 -72.920685,-14.638197 -72.920683,-14.638214 -72.920659,-14.638244 -72.920586,-14.638289 -72.920518,-14.638292 -72.92049,-14.638345 -72.920502,-14.638357 -72.92051,-14.638411 -72.9205,-14.638439 -72.920502,-14.63848 -72.920486,-14.638534 -72.920492,-14.638606 -72.920482,-14.638634 -72.920512,-14.638713 -72.920506,-14.638735 -72.920512,-14.638771 -72.920491,-14.638812 -72.920498,-14.638843 -72.920481,-14.638907 -72.920472,-14.638913 -72.920469,-14.639011 -72.920485,-14.639091 -72.920502,-14.639131 -72.920492,-14.639197 -72.920499,-14.639224 -72.920486,-14.639276 -72.920492,-14.639316 -72.920487,-14.639331 -72.92043,-14.639382 -72.92043,-14.639403 -72.92042,-14.639425 -72.920425,-14.63943 -72.920385,-14.639506 -72.920381,-14.639548 -72.92036,-14.639607 -72.92035,-14.639722 -72.920364,-14.639744 -72.920362,-14.639879 -72.92037,-14.639905 -72.920343,-14.639941 -72.920328,-14.639995 -72.920344,-14.640025 -72.920326,-14.640094 -72.920334,-14.640127 -72.920319,-14.640164 -72.920308,-14.640176 -72.920261,-14.640198 -72.920215,-14.640255 -72.920213,-14.640269 -72.920247,-14.640291 -72.920279,-14.640335 -72.920293,-14.640382 -72.920327,-14.640403 -72.920345,-14.640497 -72.920309,-14.64055 -72.920297,-14.64059 -72.920293,-14.640617 -72.9203,-14.640652 -72.920291,-14.640695 -72.920277,-14.640703 -72.920266,-14.640791 -72.920275,-14.640852 -72.920269,-14.640913 -72.920246,-14.640972 -72.920245,-14.641131 -72.920227,-14.641158 -72.920214,-14.641206 -72.920224,-14.641214 -72.920207,-14.641248 -72.920205,-14.641291 -72.920176,-14.641392 -72.920169,-14.641455 -72.920169,-14.641525 -72.920185,-14.641538 -72.920192,-14.641572 -72.920177,-14.64171 -72.920178,-14.641815 -72.920197,-14.641874 -72.9202,-14.641909 -72.920177,-14.641969 -72.920152,-14.642006 -72.920139,-14.642087 -72.920173,-14.642221 -72.920187,-14.642315 -72.920191,-14.642358 -72.920175,-14.642454 -72.920186,-14.642547 -72.920202,-14.642578 -72.920203,-14.642612 -72.920173,-14.642702 -72.920148,-14.642729 -72.920095,-14.642826 -72.920083,-14.642919 -72.920123,-14.643095 -72.920127,-14.643093 -72.920134,-14.643121 -72.920157,-14.643147 -72.920159,-14.643162 -72.920173,-14.643183 -72.920182,-14.643196 -72.92018,-14.643259 -72.920191,-14.64331 -72.920201,-14.643321 -72.920228,-14.643407 -72.920257,-14.643452 -72.920264,-14.643476 -72.920297,-14.643504 -72.920326,-14.64355 -72.920406,-14.643587 -72.920418,-14.6436 -72.920435,-14.643638 -72.920436,-14.643661 -72.920465,-14.643706 -72.920523,-14.643757 -72.920529,-14.643838 -72.920543,-14.643836 -72.92054,-14.643848 -72.920528,-14.643887 -72.920484,-14.643938 -72.920472,-14.643993 -72.920446,-14.644049 -72.920545,-14.64409 -72.920594,-14.644095 -72.92065,-14.644082 -72.920674,-14.644086 -72.920742,-14.644065 -72.92075,-14.644074 -72.920791,-14.644088 -72.920841,-14.644181 -72.92084,-14.644196 -72.920853,-14.644202 -72.920849,-14.644239 -72.920879,-14.644267 -72.920895,-14.644305 -72.920912,-14.644324 -72.921009,-14.644399 -72.921024,-14.644428 -72.921043,-14.644446 -72.92109,-14.644462 -72.921126,-14.644503 -72.921168,-14.644526 -72.921198,-14.644552 -72.921218,-14.644558 -72.921216,-14.644569 -72.921237,-14.644577 -72.921219,-14.644695 -72.921215,-14.644685 -72.921216,-14.644722 -72.921229,-14.644774 -72.921222,-14.644786 -72.921231,-14.644792 -72.921228,-14.644827 -72.92124,-14.644881 -72.921236,-14.644933 -72.921244,-14.644938 -72.921242,-14.644933 -72.921243,-14.644934 -72.921241,-14.644953 -72.921228,-14.644954 -72.921248,-14.645004 -72.921275,-14.645114 -72.921303,-14.645179 -72.921296,-14.645195 -72.921327,-14.645246 -72.921341,-14.645291 -72.921356,-14.645307 -72.921362,-14.64533 -72.921395,-14.645384 -72.921429,-14.645473 -72.921428,-14.645488 -72.921441,-14.645509 -72.921444,-14.645527 -72.921439,-14.645537 -72.921436,-14.645533 -72.921451,-14.645609 -72.921484,-14.645657 -72.921521,-14.645825 -72.921514,-14.64582 -72.921568,-14.645885 -72.921598,-14.645948 -72.92163,-14.645989 -72.921664,-14.646015 -72.921704,-14.646072 -72.921752,-14.646112 -72.921777,-14.64616 -72.921811,-14.646181 -72.921823,-14.646204 -72.921896,-14.646276 -72.921925,-14.64632 -72.92195,-14.646379 -72.922074,-14.646539 -72.922075,-14.646616 -72.922099,-14.646679 -72.922106,-14.646723 -72.922166,-14.646785 -72.922171,-14.646823 -72.922177,-14.646825 -72.922171,-14.64688 -72.922175,-14.646912 -72.922187,-14.646932 -72.922184,-14.647069 -72.922202,-14.64721 -72.922228,-14.647289 -72.922269,-14.647355 -72.922277,-14.647399 -72.922301,-14.64746 -72.922338,-14.647521 -72.922343,-14.64761 -72.922362,-14.647679 -72.922334,-14.647753 -72.922317,-14.647763 -72.92231,-14.647848 -72.922293,-14.647885 -72.922287,-14.647929 -72.922252,-14.648019 -72.922233,-14.648098 -72.922215,-14.648126 -72.922204,-14.648175 -72.922213,-14.648247 -72.922182,-14.648279 -72.922127,-14.648312 -72.922097,-14.648352 -72.922039,-14.648394 -72.921939,-14.648523 -72.921929,-14.648526 -72.921856,-14.648608 -72.921851,-14.648626 -72.92177,-14.648689 -72.921749,-14.648726 -72.921711,-14.648749 -72.921678,-14.648736 -72.921672,-14.648741 -72.921648,-14.648787 -72.921576,-14.648842 -72.921541,-14.648904 -72.921476,-14.648971 -72.921357,-14.649073 -72.921306,-14.649105 -72.921273,-14.64916 -72.921226,-14.649198 -72.921223,-14.649213 -72.92119,-14.649242 -72.921151,-14.649296 -72.921127,-14.649302 -72.921097,-14.649325 -72.921024,-14.649417 -72.920988,-14.649476 -72.920956,-14.649606 -72.920939,-14.649629 -72.920934,-14.649649 -72.920939,-14.649669 -72.920908,-14.649715 -72.920884,-14.649769 -72.920894,-14.649793 -72.920885,-14.649838 -72.920887,-14.649891 -72.920875,-14.649916 -72.92085,-14.650028 -72.920835,-14.650056 -72.920833,-14.650097 -72.920783,-14.650146 -72.920749,-14.650198 -72.920712,-14.650229 -72.920707,-14.650284 -72.920669,-14.650359 -72.920671,-14.650389 -72.92065,-14.650463 -72.920627,-14.650485 -72.920624,-14.650505 -72.920601,-14.650546 -72.920598,-14.650569 -72.920579,-14.650593 -72.920574,-14.65063 -72.92056,-14.650657 -72.920564,-14.650699 -72.920558,-14.650729 -72.920538,-14.650763 -72.920518,-14.650827 -72.920506,-14.650834 -72.920494,-14.650856 -72.920485,-14.650938 -72.920471,-14.650977 -72.920471,-14.651111 -72.920456,-14.65113 -72.920444,-14.651201 -72.920411,-14.651271 -72.920403,-14.651331 -72.920396,-14.651347 -72.920351,-14.651388 -72.920336,-14.651458 -72.920321,-14.651485 -72.92031,-14.65149 -72.920301,-14.651513 -72.920301,-14.651538 -72.920284,-14.651599 -72.920231,-14.65168 -72.920211,-14.651724 -72.920212,-14.651749 -72.920188,-14.651818 -72.920173,-14.651891 -72.92016,-14.651905 -72.92014,-14.651949 -72.920142,-14.651966 -72.920126,-14.652005 -72.920084,-14.652083 -72.920059,-14.652232 -72.920057,-14.652282 -72.920043,-14.65231 -72.920012,-14.652441 -72.920008,-14.652532 -72.919996,-14.652583 -72.919946,-14.652695 -72.919963,-14.6527 -72.919935,-14.652789 -72.919886,-14.652879 -72.919881,-14.652922 -72.91985,-14.653007 -72.919833,-14.65311 -72.919808,-14.653165 -72.919788,-14.653282 -72.919744,-14.653381 -72.919747,-14.653403 -72.919737,-14.653474 -72.919711,-14.653521 -72.919702,-14.653569 -72.919673,-14.653634 -72.919657,-14.65371 -72.9196,-14.653847 -72.919597,-14.653973 -72.91958,-14.65404 -72.919553,-14.654091 -72.919536,-14.65416 -72.919493,-14.654243 -72.919456,-14.654361 -72.91941,-14.654418 -72.919384,-14.65449 -72.919353,-14.654543 -72.919287,-14.654746 -72.91918,-14.65493 -72.919162,-14.654989 -72.919136,-14.655033 -72.919131,-14.655094 -72.919118,-14.655116 -72.919104,-14.655192 -72.919088,-14.655236 -72.919083,-14.655299 -72.919043,-14.65542 -72.918951,-14.655578 -72.91894,-14.655615 -72.9189,-14.655692 -72.918883,-14.655786 -72.918855,-14.655819 -72.918827,-14.655872 -72.91879,-14.655959 -72.918771,-14.656027 -72.918729,-14.656118 -72.918695,-14.656168 -72.918629,-14.656233 -72.918582,-14.656326 -72.918578,-14.656349 -72.918564,-14.656367 -72.918573,-14.656387 -72.918561,-14.65643 -72.91853,-14.656501 -72.918508,-14.656529 -72.918503,-14.656564 -72.918471,-14.656633 -72.918469,-14.6567 -72.918443,-14.656777 -72.918408,-14.656944 -72.918378,-14.657035 -72.918364,-14.657054 -72.918348,-14.65714 -72.918339,-14.657169 -72.918299,-14.657227 -72.918281,-14.657319 -72.918281,-14.657339 -72.918278,-14.657358 -72.918279,-14.65736 -72.918278,-14.657368 -72.918276,-14.657371 -72.918278,-14.65737 -72.918278,-14.657369 -72.918278,-14.657369 -72.918278,-14.657369 -72.918277,-14.657369 -72.918273,-14.657364 -72.918268,-14.657351 -72.918257,-14.657346 -72.918241,-14.657354 -72.918231,-14.657376 -72.918234,-14.657382 -72.918253,-14.657349 -72.918285,-14.657343 -72.918307,-14.65735 -72.918358,-14.657403 -72.918394,-14.657422 -72.918422,-14.657459 -72.918427,-14.657518 -72.918434,-14.657529 -72.918428,-14.657564 -72.918411,-14.657606 -72.918385,-14.657641 -72.918388,-14.657649 -72.918368,-14.657697 -72.918375,-14.657754 -72.918402,-14.657804 -72.918422,-14.657867 -72.918417,-14.657889 -72.918388,-14.657922 -72.918379,-14.657967 -72.918357,-14.658006 -72.918362,-14.65802 -72.918357,-14.658059 -72.918326,-14.658126 -72.918311,-14.658267 -72.918295,-14.658318 -72.91829,-14.658373 -72.918227,-14.658655 -72.918212,-14.658691 -72.91821,-14.658739 -72.918173,-14.658877 -72.918176,-14.658887 -72.918155,-14.658894 -72.918151,-14.658885 -72.918143,-14.658886 -72.918074,-14.658929 -72.917988,-14.65895 -72.917992,-14.658985 -72.918,-14.658995 -72.918,-14.659067 -72.918025,-14.659134 -72.918019,-14.659176 -72.917987,-14.659245 -72.917952,-14.659273 -72.917923,-14.659315 -72.917924,-14.659333 -72.917901,-14.65938 -72.917902,-14.659444 -72.917891,-14.65946 -72.917865,-14.659672 -72.917869,-14.659853 -72.917852,-14.659934 -72.917859,-14.660086 -72.917848,-14.660133 -72.917866,-14.660213 -72.917864,-14.660238 -72.917844,-14.660368 -72.917809,-14.660518 -72.917817,-14.660675 -72.91783,-14.660742 -72.917819,-14.660867 -72.917829,-14.660955 -72.917812,-14.661078 -72.917801,-14.661103 -72.917788,-14.661181 -72.917785,-14.661331 -72.917764,-14.661442 -72.917754,-14.661463 -72.917752,-14.661525 -72.917716,-14.661653 -72.917721,-14.661697 -72.917739,-14.661753 -72.917735,-14.66184 -72.917745,-14.661905 -72.917765,-14.661954 -72.917763,-14.661995 -72.917746,-14.662073 -72.917748,-14.662094 -72.917717,-14.662141 -72.917665,-14.662298 -72.91765,-14.66245 -72.91762,-14.662569 -72.917604,-14.662606 -72.9176,-14.662643 -72.917566,-14.662718 -72.917554,-14.662773 -72.917524,-14.662846 -72.917465,-14.662966 -72.917454,-14.663115 -72.917432,-14.663159 -72.917403,-14.66325 -72.917388,-14.663357 -72.917393,-14.663427 -72.917377,-14.663492 -72.917383,-14.663631 -72.917362,-14.663813 -72.917354,-14.663831 -72.917352,-14.663896 -72.917373,-14.664031 -72.917358,-14.664122 -72.917371,-14.664159 -72.917369,-14.664217 -72.917388,-14.66428 -72.917415,-14.664428 -72.917414,-14.664474 -72.917442,-14.664558 -72.917461,-14.664651 -72.917459,-14.664699 -72.917467,-14.664742 -72.917457,-14.664786 -72.917482,-14.664921 -72.917522,-14.665017 -72.917545,-14.665141 -72.917549,-14.665243 -72.917581,-14.665444 -72.917571,-14.665549 -72.917584,-14.665622 -72.917582,-14.665685 -72.91757,-14.665736 -72.917576,-14.66579 -72.917567,-14.665864 -72.917575,-14.666025 -72.917593,-14.666133 -72.917592,-14.666183 -72.917604,-14.666232 -72.917616,-14.66625 -72.917608,-14.666348 -72.917617,-14.666476 -72.917648,-14.666655 -72.917676,-14.666759 -72.917705,-14.666819 -72.91772,-14.666886 -72.917714,-14.666948 -72.917726,-14.667116 -72.917765,-14.667254 -72.917784,-14.667295 -72.917809,-14.667396 -72.917837,-14.667454 -72.917844,-14.667531 -72.91793,-14.667691 -72.917938,-14.667692 -72.917984,-14.667793 -72.918015,-14.66794 -72.918017,-14.668009 -72.918027,-14.668042 -72.918023,-14.668067 -72.918082,-14.668312 -72.918086,-14.668388 -72.91808,-14.66843 -72.918095,-14.668494 -72.918096,-14.668608 -72.918113,-14.668685 -72.91811,-14.66872 -72.918139,-14.668862 -72.918137,-14.668879 -72.918168,-14.668985 -72.918166,-14.669088 -72.918199,-14.669242 -72.91819,-14.669283 -72.918191,-14.669376 -72.918173,-14.669424 -72.918156,-14.669554 -72.918158,-14.66968 -72.918151,-14.669723 -72.918169,-14.669798 -72.918146,-14.670034 -72.918174,-14.670171 -72.918226,-14.670319 -72.918244,-14.670407 -72.918286,-14.6705 -72.918307,-14.670587 -72.918326,-14.670634 -72.918331,-14.670701 -72.918366,-14.670781 -72.918408,-14.671036 -72.918474,-14.671188 -72.918474,-14.671219 -72.918489,-14.67126 -72.918497,-14.671325 -72.91853,-14.671431 -72.918534,-14.671542 -72.918564,-14.671628 -72.918576,-14.671698 -72.918658,-14.671916 -72.91867,-14.672006 -72.918711,-14.672126 -72.918745,-14.672281 -72.918764,-14.672309 -72.918779,-14.672395 -72.918798,-14.67241 -72.918803,-14.672477 -72.918826,-14.672552 -72.918932,-14.672808 -72.918937,-14.672929 -72.918949,-14.672987 -72.918946,-14.673005 -72.918962,-14.673043 -72.918965,-14.673148 -72.918975,-14.673176 -72.918968,-14.67318 -72.918972,-14.673195 -72.918958,-14.673294 -72.918988,-14.673407 -72.918978,-14.673455 -72.91898,-14.673567 -72.918993,-14.673621 -72.918989,-14.673659 -72.918997,-14.673704 -72.918995,-14.673792 -72.918984,-14.673839 -72.919007,-14.67406 -72.919029,-14.674134 -72.919039,-14.674213 -72.919066,-14.674281 -72.919073,-14.674354 -72.919106,-14.674411 -72.91911,-14.674437 -72.919154,-14.674517 -72.919195,-14.674613 -72.919223,-14.674639 -72.919284,-14.674741 -72.91929,-14.674767 -72.919291,-14.674884 -72.919301,-14.674936 -72.919296,-14.674945 -72.919299,-14.675022 -72.919285,-14.675049 -72.919265,-14.675062 -72.919263,-14.675076 -72.919288,-14.675131 -72.91929,-14.675169 -72.91928,-14.675211 -72.919287,-14.675242 -72.919301,-14.675257 -72.919323,-14.675324 -72.919325,-14.675359 -72.919361,-14.675491 -72.919383,-14.675511 -72.919438,-14.675602 -72.919514,-14.675688 -72.919618,-14.675744 -72.919662,-14.675776 -72.919739,-14.675816 -72.919793,-14.675834 -72.919835,-14.675871 -72.919894,-14.675862 -72.920005,-14.675909 -72.920028,-14.675909 -72.920099,-14.675947 -72.920142,-14.675988 -72.920267,-14.676019 -72.920316,-14.676059 -72.920386,-14.676061 -72.920415,-14.676091 -72.920468,-14.676097 -72.9205,-14.676121 -72.920562,-14.676147 -72.920618,-14.676159 -72.920646,-14.67619 -72.920684,-14.676211 -72.920793,-14.676305 -72.920876,-14.676438 -72.920904,-14.67647 -72.920979,-14.676604 -72.920991,-14.676673 -72.920997,-14.676807 -72.921006,-14.676856 -72.921019,-14.676877 -72.921037,-14.676999 -72.921033,-14.677031 -72.921043,-14.677073 -72.921054,-14.677114 -72.921069,-14.677138 -72.921077,-14.677194 -72.92111,-14.677255 -72.921177,-14.677455 -72.921209,-14.677523 -72.921231,-14.677706 -72.921255,-14.677757 -72.921267,-14.677793 -72.921266,-14.677812 -72.921312,-14.677933 -72.921353,-14.67809 -72.921367,-14.67811 -72.921385,-14.678191 -72.921397,-14.678204 -72.921464,-14.678499 -72.921482,-14.678641 -72.921564,-14.678877 -72.921576,-14.678952 -72.921571,-14.678999 -72.921576,-14.679012 -72.921548,-14.679136 -72.921565,-14.679209 -72.921574,-14.679221 -72.92157,-14.679245 -72.921588,-14.679308 -72.921579,-14.679335 -72.921591,-14.679476 -72.921632,-14.679616 -72.921642,-14.679757 -72.921686,-14.67993 -72.921715,-14.679958 -72.921721,-14.680039 -72.921732,-14.680054 -72.92175,-14.680062 -72.921766,-14.680104 -72.921779,-14.680172 -72.921794,-14.680209 -72.921803,-14.68029 -72.921825,-14.680327 -72.921846,-14.680404 -72.921876,-14.68045 -72.921876,-14.680498 -72.921896,-14.680605 -72.921898,-14.680779 -72.921921,-14.680811 -72.921921,-14.680855 -72.92193,-14.680895 -72.921951,-14.680931 -72.921957,-14.681026 -72.921983,-14.681115 -72.921979,-14.681163 -72.922011,-14.681248 -72.922018,-14.681287 -72.92201,-14.681323 -72.922014,-14.681399 -72.92204,-14.681452 -72.922034,-14.681465 -72.922066,-14.681573 -72.922097,-14.681635 -72.922109,-14.681711 -72.922088,-14.681805 -72.922079,-14.681899 -72.9221,-14.682005 -72.92212,-14.682059 -72.922128,-14.682158 -72.922139,-14.682179 -72.922148,-14.682239 -72.922189,-14.682346 -72.92221,-14.682478 -72.92221,-14.682546 -72.92222,-14.682584 -72.922309,-14.682827 -72.922319,-14.682896 -72.922336,-14.682933 -72.922341,-14.683083 -72.922356,-14.683126 -72.922381,-14.683272 -72.92238,-14.68335 -72.922395,-14.683416 -72.922407,-14.683573 -72.922454,-14.683732 -72.922457,-14.683839 -72.922501,-14.683921 -72.922522,-14.68399 -72.922614,-14.684207 -72.922613,-14.684316 -72.922643,-14.684388 -72.922659,-14.684409 -72.922662,-14.684486 -72.922674,-14.684509 -72.922689,-14.684627 -72.922737,-14.684753 -72.922739,-14.684842 -72.922753,-14.684914 -72.922785,-14.684957 -72.92278,-14.685 -72.922768,-14.685009 -72.922763,-14.685029 -72.922777,-14.685065 -72.922817,-14.685122 -72.922826,-14.685163 -72.922845,-14.685197 -72.922847,-14.685247 -72.92292,-14.685499 -72.923004,-14.685632 -72.923072,-14.685695 -72.923101,-14.685773 -72.923122,-14.685808 -72.923148,-14.68584 -72.923185,-14.685863 -72.923222,-14.68594 -72.923289,-14.686004 -72.923386,-14.68608 -72.923428,-14.686134 -72.923458,-14.686159 -72.923478,-14.686207 -72.923536,-14.68628 -72.923598,-14.686379 -72.923641,-14.686485 -72.923727,-14.686578 -72.923758,-14.686624 -72.923786,-14.686697 -72.923801,-14.686717 -72.923808,-14.686735 -72.923813,-14.686747 -72.923817,-14.686749 -72.923815,-14.686747 -72.923808,-14.686743 -72.923798,-14.686727 -72.923802,-14.686723 -72.923816,-14.686729 -72.923834,-14.686749 -72.923825,-14.686757 -72.923835,-14.686769 -72.923824,-14.686773 -72.923828,-14.686795 -72.923795,-14.686826 -72.9238,-14.68684 -72.92379,-14.686909 -72.923792,-14.687037 -72.92377,-14.687114 -72.923771,-14.687204 -72.923749,-14.687272 -72.923732,-14.687441 -72.923717,-14.687464 -72.923705,-14.687516 -72.923687,-14.687551 -72.923652,-14.687598 -72.923629,-14.68761 -72.923613,-14.687607 -72.923585,-14.687627 -72.923459,-14.68768 -72.923452,-14.6877 -72.923394,-14.687753 -72.923367,-14.687789 -72.923297,-14.68784 -72.923254,-14.687859 -72.923185,-14.687955 -72.923129,-14.68802 -72.923107,-14.688036 -72.923058,-14.688106 -72.923023,-14.688177 -72.922995,-14.68821 -72.922977,-14.688253 -72.922955,-14.688274 -72.922924,-14.688326 -72.922929,-14.688349 -72.922922,-14.688367 -72.922877,-14.688399 -72.922833,-14.688477 -72.922827,-14.6885 -72.92279,-14.688548 -72.922735,-14.688585 -72.922639,-14.688676 -72.922584,-14.688698 -72.922553,-14.688733 -72.9225,-14.688765 -72.922471,-14.688801 -72.922433,-14.688821 -72.922376,-14.68883 -72.92233,-14.688856 -72.922304,-14.68888 -72.922226,-14.689002 -72.922193,-14.689026 -72.922186,-14.689043 -72.922178,-14.689095 -72.922187,-14.689118 -72.922191,-14.689197 -72.922184,-14.689226 -72.922192,-14.689254 -72.92218,-14.689337 -72.922144,-14.689467 -72.922089,-14.689576 -72.922085,-14.689622 -72.9221,-14.689639 -72.922105,-14.689722 -72.922127,-14.689827 -72.922155,-14.689865 -72.922143,-14.689942 -72.922126,-14.689965 -72.922119,-14.690007 -72.922184,-14.690193 -72.922192,-14.690249 -72.922188,-14.690285 -72.922197,-14.690327 -72.922191,-14.690379 -72.9222,-14.6905 -72.922174,-14.690629 -72.922146,-14.690687 -72.922148,-14.690731 -72.922169,-14.690774 -72.922174,-14.690829 -72.922199,-14.69086 -72.92221,-14.690923 -72.92223,-14.69097 -72.922236,-14.691233 -72.922259,-14.691344 -72.922265,-14.691493 -72.922279,-14.691528 -72.922281,-14.691568 -72.922324,-14.691698 -72.922323,-14.691773 -72.922335,-14.691823 -72.922347,-14.69184 -72.922371,-14.692018 -72.92239,-14.692071 -72.922388,-14.692151 -72.922406,-14.692252 -72.922432,-14.692338 -72.922466,-14.69238 -72.922477,-14.692429 -72.922475,-14.692586 -72.922488,-14.692676 -72.922486,-14.69271 -72.922507,-14.692781 -72.922538,-14.692832 -72.922564,-14.692917 -72.922577,-14.692932 -72.922588,-14.692978 -72.922608,-14.693008 -72.922622,-14.693052 -72.922655,-14.6931 -72.922678,-14.693191 -72.922703,-14.693252 -72.922703,-14.693289 -72.922723,-14.693317 -72.922748,-14.693388 -72.922748,-14.693408 -72.922804,-14.69348 -72.922841,-14.693579 -72.92292,-14.693677 -72.922942,-14.693731 -72.923047,-14.693916 -72.923062,-14.693956 -72.92308,-14.694056 -72.9231,-14.694099 -72.923113,-14.69411 -72.923153,-14.694203 -72.923164,-14.694247 -72.923192,-14.694299 -72.923204,-14.694364 -72.923226,-14.694403 -72.92325,-14.694492 -72.92328,-14.694542 -72.923299,-14.694599 -72.923297,-14.694629 -72.923315,-14.694699 -72.923331,-14.694719 -72.92335,-14.694767 -72.923354,-14.694835 -72.923406,-14.695018 -72.923439,-14.695242 -72.923456,-14.695279 -72.923463,-14.69534 -72.923492,-14.695415 -72.923497,-14.695488 -72.923512,-14.695546 -72.923503,-14.695736 -72.923478,-14.695956 -72.923433,-14.696084 -72.923364,-14.6962 -72.923345,-14.696219 -72.923318,-14.696282 -72.923323,-14.69642 -72.923343,-14.696465 -72.923334,-14.696578 -72.923346,-14.696918 -72.923359,-14.69705 -72.923361,-14.69714 -72.923352,-14.697182 -72.92337,-14.697294 -72.923352,-14.697383 -72.923343,-14.697521 -72.923355,-14.697768 -72.923369,-14.697846 -72.923366,-14.697888 -72.923354,-14.697916 -72.923356,-14.697977 -72.923375,-14.698107 -72.923438,-14.698301 -72.923482,-14.698559 -72.923519,-14.698677 -72.923541,-14.698817 -72.923555,-14.698863 -72.923559,-14.698936 -72.923587,-14.699034 -72.923607,-14.699145 -72.92361,-14.699213 -72.92363,-14.699283 -72.923658,-14.699778 -72.923649,-14.699829 -72.923644,-14.699948 -72.923625,-14.70005 -72.923653,-14.700153 -72.923676,-14.700209 -72.923692,-14.700325 -72.923689,-14.700364 -72.9237,-14.7004 -72.923696,-14.700455 -72.923705,-14.700489 -72.923709,-14.700568 -72.923721,-14.700602 -72.923717,-14.70064 -72.923725,-14.700676 -72.923727,-14.700774 -72.923753,-14.700859 -72.92375,-14.700919 -72.923724,-14.701032 -72.923722,-14.701144 -72.923694,-14.701226 -72.923661,-14.701289 -72.923641,-14.701406 -72.92364,-14.701508 -72.923594,-14.701712 -72.923595,-14.701758 -72.923574,-14.701822 -72.923574,-14.701979 -72.923547,-14.702015 -72.923513,-14.702081 -72.92352,-14.702114 -72.923576,-14.702218 -72.923591,-14.702372 -72.923609,-14.702399 -72.923602,-14.702406 -72.923621,-14.70245 -72.923673,-14.702524 -72.923724,-14.70262 -72.923718,-14.702635 -72.923722,-14.702679 -72.923665,-14.70281 -72.923671,-14.702888 -72.923682,-14.702918 -72.923695,-14.702929 -72.923743,-14.703047 -72.923755,-14.703115 -72.923793,-14.703167 -72.923843,-14.703288 -72.923858,-14.703367 -72.923886,-14.703418 -72.923895,-14.7035 -72.923912,-14.703557 -72.923963,-14.703669 -72.923974,-14.703721 -72.923972,-14.703795 -72.924007,-14.703946 -72.92401,-14.704066 -72.924033,-14.704149 -72.924041,-14.704217 -72.924043,-14.704266 -72.924031,-14.704358 -72.924011,-14.704406 -72.923987,-14.704548 -72.923988,-14.704579 -72.924007,-14.704644 -72.92401,-14.704686 -72.924024,-14.704719 -72.924034,-14.70479 -72.924072,-14.7049 -72.924076,-14.704941 -72.924134,-14.705021 -72.924148,-14.70506 -72.924195,-14.705114 -72.924332,-14.705414 -72.92434,-14.705454 -72.924366,-14.705513 -72.924369,-14.705601 -72.924341,-14.705686 -72.924347,-14.705731 -72.924336,-14.705768 -72.924356,-14.705847 -72.924344,-14.705887 -72.924361,-14.706054 -72.924346,-14.706149 -72.924356,-14.706239 -72.924351,-14.706368 -72.924365,-14.706489 -72.924392,-14.706574 -72.924426,-14.706616 -72.924474,-14.706704 -72.924515,-14.70687 -72.924579,-14.707005 -72.924625,-14.70717 -72.924635,-14.707249 -72.924625,-14.707329 -72.924542,-14.707528 -72.924534,-14.707581 -72.924503,-14.707656 -72.924509,-14.707808 -72.924526,-14.707861 -72.924613,-14.708008 -72.924654,-14.708108 -72.924698,-14.708171 -72.924748,-14.708282 -72.924801,-14.708363 -72.924858,-14.708485 -72.924861,-14.708519 -72.924932,-14.708666 -72.924958,-14.708697 -72.925008,-14.708729 -72.925147,-14.708882 -72.925179,-14.708907 -72.925232,-14.709006 -72.925283,-14.70905 -72.925338,-14.709137 -72.92537,-14.709165 -72.925386,-14.709199 -72.925435,-14.709248 -72.925486,-14.709363 -72.925503,-14.709451 -72.925543,-14.709575 -72.925546,-14.70962 -72.925566,-14.709707 -72.925568,-14.709802 -72.925599,-14.709883 -72.925617,-14.70996 -72.925641,-14.710015 -72.925638,-14.710068 -72.92565,-14.710084 -72.925666,-14.710148 -72.925677,-14.710262 -72.92571,-14.710359 -72.925721,-14.710414 -72.925769,-14.71052 -72.925782,-14.710619 -72.925804,-14.710669 -72.925821,-14.710733 -72.925819,-14.710797 -72.925838,-14.710872 -72.925844,-14.710999 -72.925831,-14.711029 -72.925832,-14.711054 -72.92582,-14.711101 -72.925838,-14.711198 -72.925816,-14.711243 -72.925813,-14.711312 -72.925793,-14.711441 -72.925795,-14.711481 -72.925787,-14.711511 -72.925789,-14.711555 -72.925774,-14.711676 -72.925772,-14.711801 -72.925761,-14.711851 -72.925755,-14.711961 -72.92576,-14.712054 -72.925794,-14.712167 -72.925798,-14.712238 -72.925836,-14.71239 -72.925854,-14.712445 -72.925885,-14.712469 -72.925912,-14.712558 -72.926015,-14.712717 -72.926086,-14.712871 -72.926097,-14.71292 -72.926141,-14.712997 -72.926146,-14.713039 -72.926163,-14.713076 -72.926156,-14.713078 -72.926207,-14.713158 -72.926204,-14.713166 -72.92622,-14.713216 -72.926255,-14.713253 -72.926279,-14.713314 -72.926287,-14.713457 -72.926334,-14.713673 -72.92637,-14.713741 -72.926421,-14.713801 -72.926455,-14.713829 -72.926462,-14.71385 -72.926455,-14.713912 -72.92646,-14.713952 -72.926486,-14.714036 -72.926516,-14.714195 -72.926528,-14.714228 -72.926598,-14.714345 -72.926635,-14.714385 -72.926777,-14.714655 -72.926838,-14.714743 -72.926899,-14.714859 -72.926941,-14.714918 -72.92695,-14.715112 -72.927002,-14.715282 -72.927027,-14.715305 -72.927049,-14.71536 -72.927052,-14.715388 -72.927105,-14.715453 -72.927211,-14.715545 -72.927238,-14.71558 -72.927324,-14.715636 -72.927322,-14.715708 -72.927397,-14.715891 -72.927405,-14.715934 -72.927427,-14.715985 -72.927433,-14.716056 -72.927446,-14.716066 -72.927445,-14.716158 -72.927488,-14.716219 -72.927511,-14.716286 -72.927524,-14.716366 -72.92754,-14.7164 -72.927536,-14.716438 -72.927543,-14.716483 -72.927551,-14.716495 -72.927558,-14.71654 -72.927577,-14.71658 -72.927595,-14.716676 -72.927606,-14.7167 -72.927608,-14.716749 -72.927597,-14.716827 -72.92761,-14.716891 -72.927654,-14.716953 -72.927707,-14.717007 -72.927751,-14.71704 -72.927762,-14.717128 -72.927802,-14.717238 -72.927816,-14.717355 -72.927866,-14.717456 -72.927907,-14.717613 -72.927894,-14.717645 -72.927931,-14.717688 -72.927988,-14.717735 -72.92808,-14.717837 -72.928141,-14.717936 -72.928146,-14.717978 -72.928192,-14.718054 -72.92825,-14.718106 -72.928333,-14.718215 -72.92837,-14.718248 -72.928406,-14.7183 -72.928469,-14.718368 -72.928539,-14.718483 -72.928661,-14.718618 -72.928666,-14.718646 -72.928706,-14.71871 -72.928721,-14.718718 -72.928771,-14.718791 -72.92881,-14.718835 -72.928828,-14.718845 -72.928851,-14.71888 -72.928888,-14.718961 -72.928902,-14.719013 -72.928904,-14.71906 -72.928941,-14.71914 -72.928963,-14.719239 -72.929007,-14.719333 -72.929034,-14.719436 -72.929081,-14.719514 -72.929106,-14.71954 -72.929109,-14.719557 -72.929143,-14.719599 -72.929151,-14.719624 -72.929171,-14.719874 -72.929189,-14.719925 -72.929189,-14.719971 -72.929211,-14.72006 -72.929239,-14.720116 -72.92928,-14.720187 -72.929386,-14.720311 -72.929398,-14.720345 -72.929426,-14.720369 -72.929439,-14.720405 -72.929503,-14.720472 -72.929555,-14.720541 -72.929609,-14.720662 -72.929681,-14.720777 -72.929684,-14.720811 -72.92972,-14.720861 -72.929745,-14.720917 -72.929745,-14.720935 -72.929767,-14.720957 -72.929818,-14.720979 -72.929874,-14.721055 -72.929888,-14.721089 -72.929958,-14.721171 -72.929991,-14.721194 -72.930028,-14.721241 -72.930073,-14.721313 -72.930102,-14.721377 -72.930106,-14.721509 -72.93007,-14.721566 -72.930075,-14.721647 -72.930054,-14.721729 -72.930053,-14.721878 -72.930077,-14.721985 -72.930112,-14.722056 -72.93007,-14.722098 -72.930049,-14.722128 -72.930034,-14.722168 -72.929987,-14.722232 -72.929975,-14.72226 -72.929962,-14.72227 -72.929947,-14.722304 -72.929908,-14.72234 -72.929881,-14.722385 -72.929834,-14.722426 -72.929744,-14.722475 -72.92971,-14.722511 -72.929695,-14.72256 -72.929673,-14.722596 -72.929614,-14.72267 -72.929601,-14.722708 -72.929553,-14.722772 -72.929524,-14.72283 -72.929481,-14.722875 -72.929451,-14.72295 -72.929299,-14.723175 -72.929277,-14.723299 -72.929279,-14.72334 -72.929256,-14.723414 -72.929203,-14.723483 -72.929151,-14.723509 -72.929067,-14.723581 -72.929009,-14.723729 -72.929003,-14.723761 -72.928997,-14.723938 -72.929007,-14.723992 -72.929001,-14.72402 -72.929015,-14.724136 -72.929044,-14.724228 -72.929046,-14.72432 -72.929035,-14.724323 -72.929034,-14.72434 -72.929064,-14.724501 -72.92905,-14.724589 -72.929085,-14.724727 -72.929086,-14.724759 -72.929078,-14.72478 -72.929099,-14.724944 -72.929094,-14.724956 -72.929124,-14.725113 -72.929152,-14.725206 -72.929158,-14.725283 -72.929174,-14.725341 -72.929183,-14.725419 -72.929171,-14.725444 -72.929191,-14.725511 -72.929218,-14.725556 -72.929225,-14.725588 -72.929232,-14.725694 -72.929258,-14.725797 -72.929262,-14.725918 -72.929283,-14.725955 -72.929303,-14.72606 -72.929337,-14.726108 -72.929345,-14.726198 -72.929427,-14.726453 -72.929441,-14.726569 -72.929466,-14.726653 -72.929468,-14.726702 -72.929483,-14.726772 -72.929483,-14.726826 -72.929498,-14.726888 -72.92949,-14.726923 -72.929499,-14.726976 -72.929487,-14.727017 -72.929484,-14.727108 -72.92951,-14.727207 -72.929524,-14.727232 -72.929567,-14.727278 -72.929551,-14.727316 -72.929527,-14.727324 -72.929481,-14.727364 -72.929464,-14.72739 -72.929422,-14.727412 -72.929414,-14.727426 -72.929423,-14.72745 -72.929417,-14.727474 -72.929375,-14.727584 -72.929341,-14.727608 -72.9293,-14.727674 -72.929221,-14.727759 -72.929199,-14.727816 -72.929177,-14.727848 -72.929178,-14.727859 -72.929104,-14.727943 -72.929067,-14.728011 -72.929034,-14.728032 -72.929013,-14.728056 -72.928937,-14.728159 -72.928897,-14.728193 -72.928843,-14.728277 -72.928784,-14.728337 -72.928746,-14.728391 -72.928736,-14.728455 -72.9287,-14.728511 -72.9287,-14.728528 -72.928675,-14.728559 -72.928668,-14.728639 -72.928664,-14.728656 -72.928649,-14.728668 -72.928652,-14.72871 -72.928646,-14.728739 -72.928635,-14.728755 -72.928641,-14.728779 -72.928628,-14.72882 -72.928631,-14.728905 -72.928669,-14.729057 -72.928735,-14.729419 -72.928769,-14.729538 -72.928779,-14.729641 -72.928839,-14.729738 -72.92892,-14.729789 -72.928928,-14.729812 -72.928962,-14.729861 -72.929018,-14.729981 -72.929074,-14.730217 -72.929067,-14.730233 -72.929076,-14.730337 -72.929108,-14.73041 -72.929124,-14.730479 -72.929146,-14.73052 -72.929142,-14.730532 -72.929124,-14.73052 -72.929127,-14.730529 -72.929153,-14.73059 -72.929254,-14.730757 -72.929285,-14.730839 -72.929365,-14.730957 -72.9294,-14.731032 -72.929426,-14.73107 -72.929551,-14.731204 -72.929656,-14.73126 -72.92998,-14.731519 -72.930102,-14.731663 -72.930147,-14.731696 -72.930178,-14.731731 -72.930196,-14.731765 -72.930261,-14.731832 -72.930269,-14.731853 -72.930367,-14.731966 -72.930402,-14.732022 -72.930426,-14.73204 -72.93048,-14.732108 -72.930529,-14.732129 -72.930587,-14.732171 -72.930611,-14.732212 -72.930682,-14.732229 -72.930772,-14.732269 -72.930837,-14.732311 -72.931076,-14.732415 -72.931143,-14.732476 -72.931239,-14.732537 -72.931258,-14.732564 -72.931272,-14.73257 -72.931283,-14.732561 -72.931324,-14.732589 -72.931377,-14.732638 -72.931427,-14.732672 -72.93153,-14.732787 -72.931547,-14.732815 -72.931563,-14.732831 -72.931594,-14.732845 -72.931665,-14.732933 -72.931715,-14.732965 -72.931841,-14.73309 -72.931864,-14.73313 -72.931865,-14.733151 -72.93191,-14.733191 -72.931927,-14.733217 -72.93195,-14.733232 -72.932027,-14.733336 -72.932113,-14.733394 -72.932144,-14.733435 -72.932214,-14.733494 -72.932235,-14.733522 -72.932238,-14.73354 -72.932307,-14.73361 -72.932382,-14.733721 -72.932426,-14.733753 -72.932506,-14.733875 -72.932531,-14.733899 -72.932574,-14.733986 -72.93261,-14.734015 -72.932664,-14.734112 -72.932689,-14.734128 -72.932721,-14.734177 -72.932726,-14.734203 -72.93276,-14.734252 -72.932757,-14.734265 -72.932862,-14.73438 -72.932876,-14.734413 -72.932898,-14.73443 -72.932976,-14.734561 -72.933028,-14.734665 -72.933029,-14.734707 -72.933042,-14.734733 -72.933071,-14.734756 -72.93308,-14.73478 -72.93309,-14.734832 -72.933088,-14.734868 -72.933106,-14.734916 -72.933105,-14.734981 -72.933128,-14.735056 -72.933139,-14.735063 -72.933137,-14.735079 -72.933163,-14.735096 -72.933178,-14.735118 -72.933173,-14.735125 -72.933178,-14.735141 -72.933208,-14.735196 -72.933235,-14.735233 -72.933253,-14.735231 -72.93329,-14.735248 -72.933331,-14.735283 -72.933344,-14.735282 -72.933391,-14.735311 -72.93339,-14.73534 -72.9334,-14.735381 -72.933407,-14.7354 -72.933432,-14.735427 -72.933422,-14.735455 -72.933425,-14.735481 -72.933463,-14.735499 -72.933472,-14.735519 -72.933471,-14.735542 -72.933486,-14.735554 -72.933493,-14.735603 -72.933508,-14.73564 -72.933494,-14.735711 -72.933478,-14.735726 -72.933458,-14.735763 -72.933463,-14.735825 -72.933472,-14.73585 -72.933471,-14.735892 -72.933486,-14.735923 -72.933491,-14.735962 -72.93351,-14.735995 -72.933518,-14.735998 -72.933526,-14.73603 -72.93357,-14.736107 -72.933603,-14.736133 -72.93366,-14.736156 -72.933703,-14.736215 -72.933707,-14.736383 -72.933701,-14.736376 -72.933711,-14.736397 -72.933784,-14.736509 -72.933903,-14.736644 -72.933946,-14.736719 -72.933949,-14.736738 -72.933969,-14.736754 -72.933979,-14.736778 -72.933984,-14.736873 -72.934,-14.736923 -72.934029,-14.73695 -72.934035,-14.736978 -72.934055,-14.737005 -72.934077,-14.737117 -72.934076,-14.737169 -72.934085,-14.737191 -72.93412,-14.737232 -72.934141,-14.737285 -72.934146,-14.737348 -72.934139,-14.737404 -72.934182,-14.737484 -72.934179,-14.737521 -72.934193,-14.737562 -72.934241,-14.737583 -72.934245,-14.737598 -72.934231,-14.737646 -72.934232,-14.737698 -72.934236,-14.737724 -72.934258,-14.737752 -72.934272,-14.737826 -72.934269,-14.737884 -72.934283,-14.737926 -72.934286,-14.737989 -72.934303,-14.738031 -72.934261,-14.738088 -72.934259,-14.738118 -72.934266,-14.738139 -72.934227,-14.738198 -72.934214,-14.738236 -72.934181,-14.738292 -72.934177,-14.738322 -72.934166,-14.738338 -72.93417,-14.738359 -72.93416,-14.738434 -72.934139,-14.738477 -72.934117,-14.738496 -72.934115,-14.738516 -72.934075,-14.738559 -72.934071,-14.738576 -72.934044,-14.738582 -72.934028,-14.738638 -72.933967,-14.738682 -72.933948,-14.738719 -72.933941,-14.73876 -72.933949,-14.738828 -72.933933,-14.738845 -72.93392,-14.738903 -72.933924,-14.738965 -72.9339,-14.739118 -72.933908,-14.739143 -72.933911,-14.739221 -72.933929,-14.739257 -72.933923,-14.73933 -72.933939,-14.739359 -72.933939,-14.739381 -72.933955,-14.739418 -72.933964,-14.739531 -72.933985,-14.739583 -72.933982,-14.739657 -72.934006,-14.739727 -72.934014,-14.739832 -72.934045,-14.7399 -72.93406,-14.739978 -72.934052,-14.740037 -72.934057,-14.740075 -72.934075,-14.740096 -72.934093,-14.740105 -72.934109,-14.740172 -72.934106,-14.740201 -72.934116,-14.740251 -72.934175,-14.74032 -72.934193,-14.740363 -72.934187,-14.740374 -72.934191,-14.740394 -72.934229,-14.740445 -72.934244,-14.740504 -72.934314,-14.740621 -72.934328,-14.740663 -72.934379,-14.740709 -72.934425,-14.740731 -72.934499,-14.740785 -72.934552,-14.740809 -72.934711,-14.740925 -72.934808,-14.740952 -72.934943,-14.741007 -72.934982,-14.74101 -72.935004,-14.741004 -72.935065,-14.741024 -72.935093,-14.741042 -72.935201,-14.741032 -72.935287,-14.741061 -72.935334,-14.741036 -72.93542,-14.741033 -72.935448,-14.741019 -72.935535,-14.741036 -72.93557,-14.741028 -72.935632,-14.741033 -72.935658,-14.741019 -72.935676,-14.741022 -72.935682,-14.741031 -72.935677,-14.741042 -72.935676,-14.741029 -72.935679,-14.741028 -72.935682,-14.741028 -72.935696,-14.741027 -72.935712,-14.741015 -72.935716,-14.74103 -72.935755,-14.741004 -72.935866,-14.741017 -72.935952,-14.741007 -72.93595,-14.741022 -72.936005,-14.741042 -72.936058,-14.741038 -72.93608,-14.741048 -72.936153,-14.741049 -72.93621,-14.741059 -72.936267,-14.741085 -72.936352,-14.741107 -72.936366,-14.741121 -72.936361,-14.741147 -72.936369,-14.7412 -72.936418,-14.741253 -72.936443,-14.741299 -72.936436,-14.741331 -72.936447,-14.741369 -72.93646,-14.741386 -72.936453,-14.741456 -72.936472,-14.741484 -72.936486,-14.741541 -72.936501,-14.741567 -72.936557,-14.741622 -72.936585,-14.741674 -72.936582,-14.741697 -72.936596,-14.741727 -72.936594,-14.74182 -72.936613,-14.741822 -72.93663,-14.741855 -72.936658,-14.741872 -72.93671,-14.741957 -72.936776,-14.742181 -72.936833,-14.742218 -72.936861,-14.742259 -72.93687,-14.742288 -72.936861,-14.74233 -72.93689,-14.74237 -72.936893,-14.742429 -72.936887,-14.742458 -72.936969,-14.742523 -72.936986,-14.742551 -72.937017,-14.742581 -72.937024,-14.742635 -72.937047,-14.742659 -72.937055,-14.742679 -72.937048,-14.742713 -72.937059,-14.742756 -72.937074,-14.742787 -72.937121,-14.74284 -72.937104,-14.742876 -72.937109,-14.742897 -72.937144,-14.74292 -72.937184,-14.742961 -72.937187,-14.742972 -72.937242,-14.74301 -72.93732,-14.743049 -72.937331,-14.743066 -72.937379,-14.743101 -72.937407,-14.743115 -72.937422,-14.743113 -72.937437,-14.743128 -72.937456,-14.74313 -72.937478,-14.743146 -72.937599,-14.743284 -72.937629,-14.743373 -72.937627,-14.743406 -72.937654,-14.743438 -72.937643,-14.743461 -72.937644,-14.743487 -72.93772,-14.743586 -72.937734,-14.743618 -72.937815,-14.743718 -72.937852,-14.743796 -72.937878,-14.743814 -72.937883,-14.743847 -72.9379,-14.743842 -72.937914,-14.743857 -72.937923,-14.743893 -72.937981,-14.743949 -72.937985,-14.743965 -72.938014,-14.743976 -72.938016,-14.743999 -72.938026,-14.744016 -72.938057,-14.744039 -72.938097,-14.744111 -72.938142,-14.74415 -72.938157,-14.744189 -72.938263,-14.744255 -72.93829,-14.744289 -72.938298,-14.744316 -72.938299,-14.744312 -72.93831,-14.744251 -72.938331,-14.744289 -72.938351,-14.744307 -72.938356,-14.744358 -72.938396,-14.744406 -72.938396,-14.744425 -72.938417,-14.744441 -72.938408,-14.744445 -72.938462,-14.7445 -72.938458,-14.74452 -72.938479,-14.744562 -72.938467,-14.744636 -72.938473,-14.74466 -72.938499,-14.744689 -72.938491,-14.744708 -72.938486,-14.744736 -72.938486,-14.74474 -72.938486,-14.744739 -72.938486,-14.744736 -72.93849,-14.744716 -72.938489,-14.744724 -72.938525,-14.744739 -72.938557,-14.744763 -72.938558,-14.744783 -72.938597,-14.744827 -72.938657,-14.74485 -72.938697,-14.744881 -72.938749,-14.744905 -72.93876,-14.744952 -72.938816,-14.744977 -72.938832,-14.744973 -72.938842,-14.744982 -72.938851,-14.745012 -72.938902,-14.745072 -72.938932,-14.745153 -72.939005,-14.745222 -72.939011,-14.745245 -72.939061,-14.745285 -72.939082,-14.745316 -72.93912,-14.745338 -72.93912,-14.745392 -72.939112,-14.745396 -72.939145,-14.745472 -72.939156,-14.745455 -72.939147,-14.745463 -72.939158,-14.745473 -72.939158,-14.745519 -72.939173,-14.745519 -72.939184,-14.745529 -72.939184,-14.745544 -72.939214,-14.745585 -72.93921,-14.745592 -72.93922,-14.745613 -72.939245,-14.745636 -72.939262,-14.745714 -72.939279,-14.745731 -72.9393,-14.745728 -72.939333,-14.74575 -72.939381,-14.74581 -72.939438,-14.745859 -72.939432,-14.745844 -72.939496,-14.7459 -72.939513,-14.745904 -72.939525,-14.745936 -72.939569,-14.745971 -72.939587,-14.745996 -72.939608,-14.745998 -72.939598,-14.746009 -72.939613,-14.746044 -72.939643,-14.746083 -72.939631,-14.746082 -72.939659,-14.746128 -72.93966,-14.746153 -72.939721,-14.746245 -72.939753,-14.746317 -72.939771,-14.74638 -72.939792,-14.74639 -72.939795,-14.746418 -72.939786,-14.746468 -72.939795,-14.74649 -72.939799,-14.746577 -72.939819,-14.746607 -72.939797,-14.746649 -72.9398,-14.746656 -72.939774,-14.746659 -72.93977,-14.74668 -72.939783,-14.746737 -72.939794,-14.746751 -72.939816,-14.746757 -72.939848,-14.746813 -72.939866,-14.746825 -72.939867,-14.74686 -72.939893,-14.746904 -72.939893,-14.746919 -72.939942,-14.746934 -72.93999,-14.746962 -72.940059,-14.746976 -72.94009,-14.746991 -72.940122,-14.747019 -72.940118,-14.747025 -72.940132,-14.74705 -72.940154,-14.747071 -72.94025,-14.74711 -72.940285,-14.747107 -72.940296,-14.747117 -72.940355,-14.747138 -72.940375,-14.747175 -72.940376,-14.747202 -72.94041,-14.747236 -72.94044,-14.747312 -72.940453,-14.747332 -72.940467,-14.747338 -72.940462,-14.747368 -72.940466,-14.747426 -72.940482,-14.747444 -72.940502,-14.747445 -72.940528,-14.74746 -72.940553,-14.74751 -72.940546,-14.747544 -72.940561,-14.747567 -72.940535,-14.747595 -72.940511,-14.747652 -72.940511,-14.747668 -72.940549,-14.747706 -72.940671,-14.747779 -72.940741,-14.747846 -72.940754,-14.74789 -72.940773,-14.747896 -72.940798,-14.747936 -72.940793,-14.747964 -72.940843,-14.748007 -72.94087,-14.74802 -72.9409,-14.748059 -72.940935,-14.748073 -72.940954,-14.748093 -72.940994,-14.748103 -72.941023,-14.748144 -72.941048,-14.748163 -72.941109,-14.748153 -72.941141,-14.748156 -72.941173,-14.748171 -72.941191,-14.748168 -72.941219,-14.748217 -72.941239,-14.748226 -72.941291,-14.748221 -72.941398,-14.748238 -72.941422,-14.748225 -72.941495,-14.74822 -72.941589,-14.74826 -72.941598,-14.748267 -72.941604,-14.748274 -72.941605,-14.748276 -72.941606,-14.748276 -72.941606,-14.748278 -72.941604,-14.748276 -72.941602,-14.74827 -72.941595,-14.748234 -72.941585,-14.748221 -72.941587,-14.748209 -72.941611,-14.748193 -72.941643,-14.748174 -72.941663,-14.748238 -72.941696,-14.748234 -72.941695,-14.748221 -72.941708,-14.748235 -72.941705,-14.748205 -72.941697,-14.748204 -72.941697,-14.748194 -72.941729,-14.74819 -72.941729,-14.748168 -72.941736,-14.748173 -72.941745,-14.74817 -72.94174,-14.748168 -72.94174,-14.748167 -72.94174,-14.748168 -72.941753,-14.748172 -72.941764,-14.748166 -72.941764,-14.748154 -72.941753,-14.748151 -72.941758,-14.748163 -72.941755,-14.748158 -72.941747,-14.748157 -72.941751,-14.74816 -72.941758,-14.748165 -72.941749,-14.748169 -72.941745,-14.748173 -72.941745,-14.74817 -72.941746,-14.74817 -72.941747,-14.74817 -72.941748,-14.748169 -72.941751,-14.748163 -72.941753,-14.748163 -72.941753,-14.748162 -72.941753,-14.748162 -72.941753,-14.748162 -72.941754,-14.748162 -72.941754,-14.748162 -72.941754,-14.748163 -72.941754,-14.748163 -72.941754,-14.748163 -72.941754,-14.748163 -72.941754,-14.748164 -72.941754,-14.748164 -72.941754,-14.748165 -72.941754,-14.748166 -72.941753,-14.748166 -72.941753,-14.748167 -72.941753,-14.748167 -72.941753,-14.748167 -72.941753,-14.748168 -72.941753,-14.748169 -72.941754,-14.748168 -72.941753,-14.748167 -72.941753,-14.748164 -72.941754,-14.748165 -72.941754,-14.748163 -72.941754,-14.748164 -72.941754,-14.748165 -72.941754,-14.748164 -72.941754,-14.748163 -72.941754,-14.748161 -72.941755,-14.748161 -72.941755,-14.748162 -72.941755,-14.748162 -72.941755,-14.748162 -72.941755,-14.748162 -72.941755,-14.748162 -72.941755,-14.748162 -72.941755,-14.748162 -72.941755,-14.748162 -72.941755,-14.748162 -72.941755,-14.748163 -72.941756,-14.748163 -72.941756,-14.748162 -72.941757,-14.748163 -72.941757,-14.748162 -72.941757,-14.748162 -72.941757,-14.748163 -72.941758,-14.748163 -72.94176,-14.748163 -72.941761,-14.748162 -72.941761,-14.748163 -72.941763,-14.748161 -72.941764,-14.748161 -72.941764,-14.748161 -72.941765,-14.748161 -72.941766,-14.748161 -72.941767,-14.748161 -72.941775,-14.748151 -72.941785,-14.74815 -72.941788,-14.748154 -72.941788,-14.748156 -72.941789,-14.748157 -72.941789,-14.748158 -72.94179,-14.748158 -72.94179,-14.748159 -72.941789,-14.748158 -72.941789,-14.748159 -72.941787,-14.748159 -72.941787,-14.748158 -72.941788,-14.748158 -72.941789,-14.748158 -72.941789,-14.748158 -72.941789,-14.748158 -72.941789,-14.748158 -72.94179,-14.748158 -72.941792,-14.748159 -72.94179,-14.748162 -72.94178,-14.748155 -72.941784,-14.748153 -72.941785,-14.748154 -72.941788,-14.748154 -72.941789,-14.748153 -72.941793,-14.748155 -72.941793,-14.748155 -72.941793,-14.748155 -72.941793,-14.748155 -72.941794,-14.748154 -72.941794,-14.748154 -72.941794,-14.748154 -72.941794,-14.748154 -72.941794,-14.748154 -72.941794,-14.748154 -72.941794,-14.748153 -72.941794,-14.748156 -72.941794,-14.748156 -72.941794,-14.748156 -72.941794,-14.748156 -72.941794,-14.748156 -72.941794,-14.748156 -72.941794,-14.748156 -72.941794,-14.748156 -72.941794,-14.748156 -72.941794,-14.748155 -72.941794,-14.748155 -72.941794,-14.748155 -72.941794,-14.748156 -72.941794,-14.748156 -72.941794,-14.748155 -72.941794,-14.748155 -72.941794,-14.748155 -72.941794,-14.748155 -72.941794,-14.748155 -72.941793,-14.748155 -72.941789,-14.748158 -72.941794,-14.748156 -72.941796,-14.74816 -72.941797,-14.748154 -72.941806,-14.748157 -72.941829,-14.748204 -72.941843,-14.748194 -72.941841,-14.748193 -72.941842,-14.748191 -72.941841,-14.748191 -72.941841,-14.748189 -72.941841,-14.748187 -72.941841,-14.748186 -72.94184,-14.748184 -72.941836,-14.748183 -72.941836,-14.748181 -72.941838,-14.748181 -72.941839,-14.74818 -72.941842,-14.748182 -72.941842,-14.748186 -72.941842,-14.748184 -72.941841,-14.748184 -72.941841,-14.748183 -72.941838,-14.748181 -72.941838,-14.748181 -72.941838,-14.748181 -72.941838,-14.748181 -72.941838,-14.748181 -72.941838,-14.74818 -72.941833,-14.74818 -72.941837,-14.748184 -72.941843,-14.748188 -72.941855,-14.748202 -72.941865,-14.748219 -72.941926,-14.748259 -72.941956,-14.748309 -72.942004,-14.748364 -72.942033,-14.748434 -72.942021,-14.748455 -72.942031,-14.748477 -72.942052,-14.7485 -72.942072,-14.748509 -72.942081,-14.748518 -72.942081,-14.748526 -72.942083,-14.74853 -72.942083,-14.748532 -72.942083,-14.748533 -72.942083,-14.748533 -72.942083,-14.748534 -72.942083,-14.748534 -72.942083,-14.748534 -72.942083,-14.748534 -72.942084,-14.748534 -72.942084,-14.748534 -72.942084,-14.748533 -72.942085,-14.748533 -72.942089,-14.748534 -72.942087,-14.748535 -72.942084,-14.748533 -72.942084,-14.748533 -72.942084,-14.748533 -72.942084,-14.748533 -72.942084,-14.748533 -72.942084,-14.748533 -72.942084,-14.748534 -72.942084,-14.748534 -72.942083,-14.748534 -72.942083,-14.748533 -72.942082,-14.748533 -72.942082,-14.748534 -72.942078,-14.748531 -72.942078,-14.748531 -72.942078,-14.748532 -72.942078,-14.748531 -72.942077,-14.74853 -72.942077,-14.748531 -72.942078,-14.748531 -72.942081,-14.748533 -72.942084,-14.748534 -72.942091,-14.748538 -72.942127,-14.748555 -72.942162,-14.748569 -72.94219,-14.748594 -72.942242,-14.748603 -72.942271,-14.748596 -72.942314,-14.748611 -72.942331,-14.748609 -72.942355,-14.748655 -72.942418,-14.748711 -72.942525,-14.748757 -72.942543,-14.748777 -72.942588,-14.748913 -72.942638,-14.748962 -72.942668,-14.748978 -72.942679,-14.748999 -72.942736,-14.749053 -72.942773,-14.749062 -72.942797,-14.74908 -72.942848,-14.749092 -72.942883,-14.749084 -72.942897,-14.749097 -72.942898,-14.74912 -72.942942,-14.74913 -72.94296,-14.749143 -72.943016,-14.749143 -72.943074,-14.749166 -72.94313,-14.749169 -72.943149,-14.749187 -72.94317,-14.749172 -72.943187,-14.749177 -72.943246,-14.749166 -72.943267,-14.749176 -72.943309,-14.74918 -72.943321,-14.749171 -72.943402,-14.749176 -72.943487,-14.749197 -72.943501,-14.749195 -72.94358,-14.749261 -72.943602,-14.74927 -72.94362,-14.749265 -72.943637,-14.749277 -72.943651,-14.749305 -72.943655,-14.749342 -72.943729,-14.749373 -72.943741,-14.749393 -72.943734,-14.749429 -72.943738,-14.749441 -72.943775,-14.749482 -72.943859,-14.749522 -72.943877,-14.749541 -72.943911,-14.749543 -72.943937,-14.749591 -72.94396,-14.749604 -72.943989,-14.749656 -72.943996,-14.749663 -72.944028,-14.749663 -72.944036,-14.7497 -72.94406,-14.74972 -72.94407,-14.749745 -72.944096,-14.749766 -72.944124,-14.749834 -72.944139,-14.749836 -72.944157,-14.749815 -72.944169,-14.74974 -72.944182,-14.749775 -72.944196,-14.749779 -72.944233,-14.749773 -72.944259,-14.749782 -72.944282,-14.749811 -72.944276,-14.749849 -72.944287,-14.74986 -72.944312,-14.749866 -72.944346,-14.749833 -72.944371,-14.749836 -72.944411,-14.749829 -72.944437,-14.749836 -72.944451,-14.749891 -72.944447,-14.749901 -72.944451,-14.749939 -72.944452,-14.749927 -72.944494,-14.749936 -72.944575,-14.749956 -72.944619,-14.749978 -72.944653,-14.750049 -72.944755,-14.750192 -72.944763,-14.750217 -72.944808,-14.750259 -72.944845,-14.750279 -72.944837,-14.750299 -72.944875,-14.750357 -72.944919,-14.750387 -72.944929,-14.750414 -72.945022,-14.750511 -72.94503,-14.750557 -72.945043,-14.75058 -72.94505,-14.750639 -72.945071,-14.750656 -72.945103,-14.750659 -72.94512,-14.750685 -72.94514,-14.750698 -72.945147,-14.750743 -72.945162,-14.750777 -72.945189,-14.75079 -72.945288,-14.750872 -72.945376,-14.750926 -72.945504,-14.750973 -72.945663,-14.751055 -72.945687,-14.75105 -72.945735,-14.751062 -72.945776,-14.751089 -72.945793,-14.751082 -72.945818,-14.751083 -72.945841,-14.751068 -72.945836,-14.751063 -72.945833,-14.751075 -72.945842,-14.751092 -72.945924,-14.751101 -72.945935,-14.751113 -72.945991,-14.751081 -72.946024,-14.751042 -72.94608,-14.750998 -72.946132,-14.751039 -72.946165,-14.751006 -72.946182,-14.750976 -72.946176,-14.750966 -72.946205,-14.750967 -72.946232,-14.75099 -72.946278,-14.750949 -72.946294,-14.750957 -72.94629,-14.750918 -72.9463,-14.750931 -72.946329,-14.750907 -72.946348,-14.750868 -72.946409,-14.750809 -72.946429,-14.750814 -72.946455,-14.750803 -72.946455,-14.750809 -72.946537,-14.750803 -72.946603,-14.750816 -72.946619,-14.750812 -72.946635,-14.750826 -72.946704,-14.75084 -72.946742,-14.750838 -72.946758,-14.750851 -72.946782,-14.750854 -72.946896,-14.750911 -72.946994,-14.750934 -72.947063,-14.750988 -72.947099,-14.75104 -72.947186,-14.751096 -72.947264,-14.751114 -72.947308,-14.751145 -72.947376,-14.751179 -72.947447,-14.751196 -72.947527,-14.751231 -72.947542,-14.751248 -72.947633,-14.751296 -72.94768,-14.751352 -72.947729,-14.751364 -72.94782,-14.751414 -72.947879,-14.751461 -72.94792,-14.751477 -72.947941,-14.751499 -72.947983,-14.751517 -72.948107,-14.751631 -72.948144,-14.751685 -72.948198,-14.751731 -72.948255,-14.751764 -72.948278,-14.751799 -72.948298,-14.751812 -72.948304,-14.751829 -72.948354,-14.751881 -72.948489,-14.751969 -72.94853,-14.752004 -72.948552,-14.752009 -72.948661,-14.752127 -72.948766,-14.75221 -72.948777,-14.752229 -72.948867,-14.752308 -72.948877,-14.752325 -72.948932,-14.752345 -72.948943,-14.752365 -72.949007,-14.752411 -72.949023,-14.752437 -72.949082,-14.75246 -72.94911,-14.752479 -72.949111,-14.752489 -72.949152,-14.752524 -72.949219,-14.752555 -72.94923,-14.752578 -72.949323,-14.752626 -72.949392,-14.752681 -72.949439,-14.752683 -72.949464,-14.752713 -72.949496,-14.752728 -72.949523,-14.752723 -72.949536,-14.752741 -72.949539,-14.75276 -72.949587,-14.752801 -72.949654,-14.752834 -72.949783,-14.752979 -72.949851,-14.753023 -72.949893,-14.753039 -72.949935,-14.753101 -72.950014,-14.753149 -72.950116,-14.753194 -72.950153,-14.753243 -72.95017,-14.753247 -72.950187,-14.753265 -72.950208,-14.753268 -72.950245,-14.7533 -72.950287,-14.753313 -72.950309,-14.753311 -72.950313,-14.753338 -72.950332,-14.75336 -72.950375,-14.753381 -72.950433,-14.753439 -72.950481,-14.753465 -72.950556,-14.753541 -72.950578,-14.753544 -72.950612,-14.753564 -72.950646,-14.753599 -72.950709,-14.753642 -72.950731,-14.75367 -72.9508,-14.753714 -72.950816,-14.753738 -72.950833,-14.753742 -72.950918,-14.753831 -72.950974,-14.753869 -72.951006,-14.753921 -72.95107,-14.753972 -72.951076,-14.753991 -72.951088,-14.754002 -72.951144,-14.754045 -72.951328,-14.754156 -72.951333,-14.754186 -72.951347,-14.754202 -72.951393,-14.754206 -72.951416,-14.754215 -72.951445,-14.754245 -72.951512,-14.754292 -72.951522,-14.754307 -72.951603,-14.754329 -72.951719,-14.754389 -72.951747,-14.754417 -72.951813,-14.754447 -72.95187,-14.754483 -72.951891,-14.754506 -72.951916,-14.754501 -72.951954,-14.754511 -72.951977,-14.754542 -72.952005,-14.754551 -72.952036,-14.754584 -72.952058,-14.754581 -72.952108,-14.754606 -72.952224,-14.754627 -72.952223,-14.754633 -72.952333,-14.754658 -72.952525,-14.754739 -72.952595,-14.754763 -72.952629,-14.754767 -72.952649,-14.754785 -72.952753,-14.754826 -72.952786,-14.75485 -72.952899,-14.754877 -72.952955,-14.754903 -72.953076,-14.754937 -72.953167,-14.754987 -72.953241,-14.755016 -72.95329,-14.755047 -72.953328,-14.755085 -72.953362,-14.755099 -72.953454,-14.755195 -72.953477,-14.755201 -72.953518,-14.75524 -72.95358,-14.755278 -72.953588,-14.755378 -72.953583,-14.755402 -72.953609,-14.755434 -72.953626,-14.755473 -72.95362,-14.75549 -72.95366,-14.755534 -72.953666,-14.755577 -72.9537,-14.75564 -72.953718,-14.755707 -72.953717,-14.755748 -72.953743,-14.755802 -72.953732,-14.755817 -72.953766,-14.755849 -72.953782,-14.755853 -72.953774,-14.75589 -72.953779,-14.755915 -72.953794,-14.75594 -72.953813,-14.75602 -72.953803,-14.756086 -72.953812,-14.756108 -72.953794,-14.756145 -72.953792,-14.756222 -72.953842,-14.756279 -72.953853,-14.756349 -72.953866,-14.756383 -72.953857,-14.756406 -72.95389,-14.756463 -72.953888,-14.756476 -72.953913,-14.75654 -72.953949,-14.75658 -72.953962,-14.756613 -72.953961,-14.75664 -72.953997,-14.756733 -72.953995,-14.756768 -72.954038,-14.756802 -72.954036,-14.756825 -72.954064,-14.756844 -72.9541,-14.756892 -72.954098,-14.756908 -72.954141,-14.757084 -72.954166,-14.757101 -72.954205,-14.757168 -72.95422,-14.757173 -72.954238,-14.757234 -72.954264,-14.757257 -72.954259,-14.75727 -72.954292,-14.757346 -72.954298,-14.757392 -72.954313,-14.757408 -72.954313,-14.757433 -72.954323,-14.757461 -72.954336,-14.757475 -72.954331,-14.75752 -72.954298,-14.75763 -72.954284,-14.757651 -72.954289,-14.757671 -72.95431,-14.757699 -72.954307,-14.757716 -72.954321,-14.757747 -72.954342,-14.757735 -72.954367,-14.757822 -72.954436,-14.757942 -72.954429,-14.757963 -72.954443,-14.757971 -72.954469,-14.757971 -72.954475,-14.757984 -72.954512,-14.758072 -72.954496,-14.758078 -72.954499,-14.758098 -72.954542,-14.758208 -72.954537,-14.758237 -72.954546,-14.758253 -72.954567,-14.758248 -72.954605,-14.75826 -72.954618,-14.758268 -72.954627,-14.758291 -72.954647,-14.7583 -72.954653,-14.758324 -72.954663,-14.758327 -72.95467,-14.758371 -72.954697,-14.758391 -72.954707,-14.758429 -72.954742,-14.758463 -72.954783,-14.75855 -72.954788,-14.758573 -72.954778,-14.758579 -72.954772,-14.758604 -72.954784,-14.75862 -72.954776,-14.758652 -72.954792,-14.758703 -72.954807,-14.758712 -72.954802,-14.758717 -72.954875,-14.758749 -72.954888,-14.758801 -72.954905,-14.758823 -72.954945,-14.758831 -72.954966,-14.758853 -72.955016,-14.758878 -72.955069,-14.758878 -72.95512,-14.758913 -72.955153,-14.758925 -72.955362,-14.758973 -72.955477,-14.758984 -72.955658,-14.759027 -72.955684,-14.75907 -72.955757,-14.759101 -72.955831,-14.759162 -72.955988,-14.759222 -72.956061,-14.759262 -72.956213,-14.759321 -72.956267,-14.759333 -72.956384,-14.75938 -72.956402,-14.75938 -72.956496,-14.759424 -72.956564,-14.759502 -72.956642,-14.759527 -72.956684,-14.759524 -72.956754,-14.759551 -72.956933,-14.759601 -72.956968,-14.759619 -72.957057,-14.759637 -72.957157,-14.759646 -72.957217,-14.759643 -72.957264,-14.759653 -72.957274,-14.759648 -72.957327,-14.759655 -72.957352,-14.759633 -72.957478,-14.75963 -72.957554,-14.759613 -72.957611,-14.759578 -72.957659,-14.759566 -72.957679,-14.75953 -72.957705,-14.759529 -72.957774,-14.759502 -72.957825,-14.759499 -72.957911,-14.759466 -72.958043,-14.759434 -72.958261,-14.759449 -72.958337,-14.759429 -72.958367,-14.759431 -72.958417,-14.759457 -72.958525,-14.759487 -72.958592,-14.759461 -72.958722,-14.759444 -72.958769,-14.759449 -72.958843,-14.759427 -72.958909,-14.759441 -72.95895,-14.75944 -72.959025,-14.759476 -72.959122,-14.759496 -72.959267,-14.759585 -72.959363,-14.759662 -72.959468,-14.759715 -72.959514,-14.75975 -72.95954,-14.75978 -72.959575,-14.759801 -72.959637,-14.759873 -72.959722,-14.759908 -72.959782,-14.759966 -72.959847,-14.760015 -72.959865,-14.760047 -72.95993,-14.760119 -72.959961,-14.760182 -72.960019,-14.760222 -72.96004,-14.760256 -72.960082,-14.760277 -72.960107,-14.760299 -72.960133,-14.760352 -72.960149,-14.760358 -72.960206,-14.760439 -72.960246,-14.760516 -72.960349,-14.760636 -72.96038,-14.760727 -72.960419,-14.760752 -72.96044,-14.760783 -72.960438,-14.760797 -72.960447,-14.760813 -72.960519,-14.760911 -72.960579,-14.760953 -72.960651,-14.760958 -72.960734,-14.760983 -72.960824,-14.760988 -72.960889,-14.761014 -72.960921,-14.761012 -72.96102,-14.760957 -72.961057,-14.760956 -72.961088,-14.760943 -72.961108,-14.760924 -72.961198,-14.760912 -72.96122,-14.760901 -72.961239,-14.760884 -72.961255,-14.760848 -72.961284,-14.760809 -72.961363,-14.760746 -72.96137,-14.760714 -72.961393,-14.7607 -72.961421,-14.760694 -72.961557,-14.760601 -72.961635,-14.76058 -72.961677,-14.76058 -72.961733,-14.760591 -72.961754,-14.760622 -72.961759,-14.760634 -72.961752,-14.760635 -72.961744,-14.760704 -72.961725,-14.760742 -72.961703,-14.760823 -72.961708,-14.760851 -72.96165,-14.760925 -72.96164,-14.760959 -72.961642,-14.760989 -72.961685,-14.761021 -72.961704,-14.761059 -72.961686,-14.761104 -72.961649,-14.76115 -72.961637,-14.761177 -72.96163,-14.761248 -72.961576,-14.761322 -72.961539,-14.761416 -72.961495,-14.7615 -72.961501,-14.761532 -72.961491,-14.761555 -72.961491,-14.761605 -72.961477,-14.761629 -72.961464,-14.761721 -72.96146,-14.761799 -72.961467,-14.761812 -72.96146,-14.761846 -72.961452,-14.761851 -72.961451,-14.761922 -72.961432,-14.761966 -72.961395,-14.761982 -72.961404,-14.76206 -72.961395,-14.76212 -72.961399,-14.762148 -72.961376,-14.762215 -72.961387,-14.762236 -72.961386,-14.762272 -72.961432,-14.762346 -72.961447,-14.762415 -72.961501,-14.762525 -72.96151,-14.762582 -72.961535,-14.762663 -72.96153,-14.762684 -72.961535,-14.762731 -72.96154,-14.762732 -72.961533,-14.762736 -72.961536,-14.762741 -72.961552,-14.762754 -72.961596,-14.76276 -72.96161,-14.762773 -72.961613,-14.762792 -72.961686,-14.762847 -72.961783,-14.762896 -72.961836,-14.762931 -72.961889,-14.763002 -72.961896,-14.763046 -72.961886,-14.76312 -72.961868,-14.763163 -72.961859,-14.763226 -72.961841,-14.763274 -72.961821,-14.763401 -72.96179,-14.7635 -72.961798,-14.763523 -72.961801,-14.763584 -72.961822,-14.76364 -72.961824,-14.763669 -72.96182,-14.763719 -72.961806,-14.763742 -72.961805,-14.763812 -72.961788,-14.763844 -72.96177,-14.763914 -72.961782,-14.763969 -72.961759,-14.764091 -72.961744,-14.764122 -72.961738,-14.76422 -72.961723,-14.764272 -72.961696,-14.764323 -72.961659,-14.76437 -72.961642,-14.764423 -72.961638,-14.764471 -72.961605,-14.764558 -72.961564,-14.764632 -72.961538,-14.764743 -72.9615,-14.764841 -72.961458,-14.764921 -72.961455,-14.764962 -72.961438,-14.764988 -72.961398,-14.765097 -72.961373,-14.765137 -72.961374,-14.765161 -72.961353,-14.765187 -72.961332,-14.765258 -72.961333,-14.765277 -72.96127,-14.765361 -72.961234,-14.765382 -72.961214,-14.765427 -72.961227,-14.76543 -72.961239,-14.765444 -72.961264,-14.76552 -72.961287,-14.76556 -72.961352,-14.765621 -72.961373,-14.765653 -72.961428,-14.765698 -72.96145,-14.765704 -72.96146,-14.765725 -72.961498,-14.765755 -72.961566,-14.765834 -72.961593,-14.765884 -72.961622,-14.76591 -72.96164,-14.765911 -72.961682,-14.765943 -72.96173,-14.765949 -72.96174,-14.765971 -72.961763,-14.765976 -72.961813,-14.766004 -72.961915,-14.766015 -72.961976,-14.766072 -72.961987,-14.766093 -72.962041,-14.766105 -72.962084,-14.76613 -72.962116,-14.766113 -72.962133,-14.766112 -72.962155,-14.766139 -72.962229,-14.766155 -72.962254,-14.766173 -72.962318,-14.766185 -72.962352,-14.766214 -72.962447,-14.766251 -72.962482,-14.76628 -72.962546,-14.766304 -72.962558,-14.766315 -72.962566,-14.766344 -72.962585,-14.76636 -72.962604,-14.766407 -72.962597,-14.766443 -72.962624,-14.766491 -72.962629,-14.766515 -72.962613,-14.766533 -72.962593,-14.766533 -72.962576,-14.766561 -72.962541,-14.766681 -72.96254,-14.766765 -72.96255,-14.766851 -72.962543,-14.766912 -72.96253,-14.766953 -72.962532,-14.766975 -72.962505,-14.767023 -72.962519,-14.767061 -72.962527,-14.767136 -72.962518,-14.767201 -72.962532,-14.767227 -72.962538,-14.767334 -72.962562,-14.767413 -72.962556,-14.767484 -72.962579,-14.767501 -72.962584,-14.767521 -72.962555,-14.767565 -72.962552,-14.767581 -72.962564,-14.767617 -72.962547,-14.767678 -72.962557,-14.767752 -72.962568,-14.767771 -72.962564,-14.767788 -72.96256,-14.767783 -72.962561,-14.767828 -72.962583,-14.767918 -72.962585,-14.767975 -72.962576,-14.767994 -72.962594,-14.768072 -72.962594,-14.768167 -72.962613,-14.768186 -72.962618,-14.768289 -72.962607,-14.768338 -72.962626,-14.768495 -72.962616,-14.768533 -72.962622,-14.76857 -72.962631,-14.76858 -72.962636,-14.768641 -72.962668,-14.768694 -72.962661,-14.768735 -72.962683,-14.768783 -72.96269,-14.768818 -72.962713,-14.768859 -72.962706,-14.768877 -72.962729,-14.768918 -72.962726,-14.76894 -72.962744,-14.768975 -72.96274,-14.768985 -72.962758,-14.769011 -72.962771,-14.769085 -72.962783,-14.769113 -72.962796,-14.769181 -72.962783,-14.769251 -72.962817,-14.769312 -72.962803,-14.769333 -72.962818,-14.769385 -72.9628,-14.769543 -72.962763,-14.769572 -72.962748,-14.769593 -72.96271,-14.769718 -72.962708,-14.769752 -72.962716,-14.769773 -72.962707,-14.769817 -72.962714,-14.769838 -72.962705,-14.769876 -72.962717,-14.769884 -72.962717,-14.769893 -72.9627,-14.769917 -72.9627,-14.769954 -72.962676,-14.769988 -72.962688,-14.770014 -72.962678,-14.770049 -72.962653,-14.77009 -72.962628,-14.77011 -72.962628,-14.77013 -72.962612,-14.770147 -72.962627,-14.770155 -72.962617,-14.770176 -72.962619,-14.770234 -72.962592,-14.770288 -72.962573,-14.77031 -72.962556,-14.770365 -72.962545,-14.770377 -72.962527,-14.770379 -72.962494,-14.770415 -72.962504,-14.770423 -72.962507,-14.77044 -72.962498,-14.770454 -72.962451,-14.770487 -72.962437,-14.770533 -72.962409,-14.770564 -72.962364,-14.770664 -72.962312,-14.770707 -72.962286,-14.770738 -72.962284,-14.770755 -72.962252,-14.770784 -72.962239,-14.770812 -72.962239,-14.770851 -72.962214,-14.770905 -72.962168,-14.77094 -72.962144,-14.770982 -72.962147,-14.771 -72.962104,-14.771057 -72.962073,-14.771156 -72.962036,-14.77119 -72.96202,-14.771217 -72.961969,-14.77134 -72.961962,-14.771385 -72.961934,-14.771427 -72.961932,-14.771446 -72.961913,-14.771468 -72.961913,-14.771487 -72.961892,-14.77153 -72.961881,-14.771589 -72.961866,-14.7716 -72.961855,-14.771629 -72.96185,-14.771658 -72.961859,-14.771677 -72.961853,-14.771707 -72.961817,-14.771762 -72.961816,-14.771799 -72.961839,-14.771821 -72.961854,-14.771901 -72.961841,-14.772011 -72.961817,-14.772038 -72.961784,-14.772181 -72.96177,-14.772192 -72.961775,-14.772199 -72.961765,-14.772202 -72.961724,-14.772271 -72.961716,-14.772313 -72.961691,-14.772355 -72.961624,-14.772419 -72.961578,-14.772492 -72.961575,-14.772505 -72.96159,-14.77255 -72.961625,-14.772608 -72.961623,-14.772629 -72.961636,-14.772639 -72.961648,-14.772728 -72.961645,-14.772764 -72.961601,-14.77283 -72.961604,-14.772858 -72.961582,-14.772872 -72.961586,-14.772889 -72.961577,-14.772948 -72.961582,-14.773009 -72.961574,-14.773027 -72.961535,-14.773054 -72.96151,-14.77317 -72.961495,-14.773201 -72.961467,-14.773234 -72.961482,-14.773265 -72.961468,-14.7733 -72.961486,-14.773339 -72.961456,-14.773383 -72.961452,-14.773405 -72.96146,-14.773444 -72.961453,-14.773463 -72.961465,-14.773519 -72.961448,-14.773649 -72.96144,-14.773658 -72.96144,-14.773679 -72.96143,-14.773694 -72.961422,-14.773736 -72.961431,-14.773795 -72.961421,-14.773806 -72.96141,-14.773845 -72.96141,-14.773921 -72.961382,-14.773964 -72.961389,-14.774008 -72.961382,-14.774083 -72.961366,-14.774136 -72.961349,-14.774142 -72.961312,-14.774196 -72.961293,-14.774334 -72.961303,-14.774349 -72.961303,-14.774359 -72.961301,-14.774359 -72.961361,-14.774379 -72.9614,-14.774422 -72.961537,-14.774614 -72.961561,-14.774651 -72.961567,-14.774677 -72.96156,-14.774681 -72.961605,-14.774742 -72.961638,-14.774773 -72.961676,-14.774866 -72.961677,-14.774894 -72.961706,-14.774945 -72.961775,-14.774993 -72.961782,-14.775012 -72.961873,-14.775086 -72.961999,-14.775122 -72.962085,-14.77516 -72.962191,-14.77518 -72.962222,-14.775211 -72.962277,-14.775241 -72.962359,-14.775251 -72.962404,-14.775265 -72.962484,-14.775271 -72.962573,-14.775292 -72.962568,-14.775292 -72.962614,-14.775294 -72.962644,-14.775314 -72.962691,-14.775322 -72.962791,-14.775311 -72.962923,-14.775331 -72.963003,-14.775324 -72.963011,-14.775352 -72.96302,-14.775353 -72.963015,-14.775413 -72.963048,-14.775467 -72.963063,-14.775523 -72.963081,-14.775554 -72.963115,-14.77565 -72.963119,-14.775725 -72.963134,-14.775788 -72.963158,-14.775848 -72.963163,-14.775999 -72.963173,-14.776034 -72.963164,-14.776049 -72.963167,-14.776078 -72.963157,-14.776094 -72.963133,-14.77619 -72.963134,-14.776221 -72.963121,-14.776254 -72.963116,-14.776325 -72.963073,-14.776435 -72.963068,-14.776531 -72.963058,-14.776571 -72.963032,-14.776613 -72.96302,-14.776689 -72.962993,-14.776721 -72.96292,-14.776873 -72.962898,-14.776984 -72.962897,-14.77706 -72.962883,-14.777072 -72.962883,-14.777113 -72.962871,-14.777126 -72.962861,-14.777168 -72.962874,-14.77721 -72.962858,-14.777275 -72.962858,-14.777305 -72.962806,-14.777412 -72.962789,-14.777433 -72.962792,-14.777485 -72.962765,-14.777666 -72.962765,-14.777725 -72.962745,-14.777737 -72.962714,-14.777826 -72.96272,-14.777877 -72.962751,-14.777929 -72.962758,-14.777969 -72.962783,-14.777991 -72.962823,-14.778011 -72.962872,-14.778081 -72.962909,-14.7781 -72.962998,-14.778197 -72.963011,-14.778196 -72.963052,-14.778266 -72.963133,-14.778378 -72.963168,-14.778413 -72.963186,-14.778472 -72.963207,-14.778506 -72.963212,-14.778564 -72.963187,-14.778583 -72.963194,-14.778673 -72.963186,-14.778738 -72.963198,-14.778763 -72.963209,-14.778871 -72.96323,-14.778935 -72.963265,-14.778987 -72.963283,-14.779032 -72.963308,-14.77907 -72.963337,-14.779098 -72.963411,-14.779222 -72.963495,-14.779407 -72.963521,-14.779486 -72.963555,-14.779676 -72.963532,-14.779777 -72.963533,-14.77982 -72.963524,-14.779856 -72.963524,-14.780033 -72.96355,-14.780083 -72.963554,-14.780117 -72.963625,-14.780194 -72.963618,-14.780196 -72.96363,-14.780202 -72.963644,-14.780225 -72.963649,-14.780284 -72.963695,-14.780385 -72.963697,-14.780414 -72.963731,-14.780455 -72.963792,-14.780586 -72.963822,-14.78071 -72.963818,-14.780723 -72.963853,-14.78083 -72.963846,-14.780887 -72.963855,-14.780925 -72.963842,-14.780989 -72.963853,-14.781054 -72.963889,-14.781116 -72.963881,-14.781162 -72.963892,-14.781217 -72.963911,-14.781257 -72.963912,-14.781284 -72.963966,-14.781359 -72.963986,-14.781475 -72.964025,-14.781527 -72.96406,-14.781593 -72.964094,-14.781634 -72.96411,-14.781748 -72.964104,-14.781794 -72.964129,-14.781839 -72.964125,-14.78189 -72.964152,-14.781966 -72.96416,-14.782031 -72.964205,-14.782115 -72.96422,-14.782188 -72.964255,-14.782273 -72.964256,-14.782298 -72.964245,-14.782309 -72.964259,-14.782326 -72.964269,-14.78238 -72.964262,-14.782422 -72.964272,-14.782435 -72.964283,-14.78261 -72.964337,-14.782681 -72.96435,-14.782715 -72.964415,-14.782814 -72.964445,-14.782912 -72.964511,-14.782999 -72.964519,-14.783055 -72.964536,-14.783093 -72.964546,-14.783096 -72.964589,-14.783158 -72.964606,-14.783208 -72.964763,-14.783432 -72.964787,-14.783508 -72.964779,-14.783523 -72.964811,-14.783571 -72.964806,-14.783711 -72.964842,-14.783774 -72.96485,-14.783816 -72.964871,-14.783864 -72.964896,-14.783883 -72.964899,-14.783906 -72.964931,-14.783972 -72.964958,-14.784002 -72.964977,-14.784079 -72.96502,-14.784134 -72.965131,-14.784226 -72.9652,-14.784328 -72.965237,-14.784347 -72.965258,-14.784374 -72.965277,-14.784428 -72.965304,-14.784472 -72.965342,-14.784501 -72.96539,-14.784556 -72.965402,-14.784595 -72.965445,-14.784656 -72.965476,-14.784751 -72.965505,-14.784801 -72.965574,-14.784866 -72.965619,-14.784936 -72.965685,-14.784997 -72.965747,-14.78503 -72.965756,-14.785062 -72.965813,-14.785097 -72.965841,-14.7851 -72.965854,-14.785122 -72.965876,-14.785127 -72.965895,-14.785152 -72.965891,-14.78518 -72.9659,-14.785191 -72.965924,-14.785198 -72.965937,-14.785218 -72.965989,-14.78524 -72.966004,-14.78526 -72.966047,-14.785268 -72.966114,-14.785308 -72.96614,-14.78536 -72.966183,-14.78536 -72.966222,-14.785383 -72.966238,-14.785419 -72.966339,-14.785501 -72.966354,-14.785519 -72.966358,-14.785537 -72.966415,-14.785583 -72.966428,-14.785603 -72.966588,-14.785756 -72.966677,-14.785875 -72.966698,-14.785917 -72.966756,-14.785951 -72.966774,-14.785989 -72.966824,-14.786035 -72.966829,-14.786054 -72.966847,-14.786075 -72.966903,-14.786117 -72.96699,-14.786238 -72.967038,-14.786296 -72.967069,-14.786324 -72.96709,-14.786333 -72.9671,-14.786355 -72.967162,-14.786433 -72.967184,-14.786438 -72.967224,-14.786477 -72.967287,-14.786518 -72.967354,-14.786545 -72.967386,-14.786545 -72.967429,-14.786567 -72.967457,-14.786567 -72.967526,-14.786587 -72.967598,-14.786621 -72.967703,-14.78664 -72.96774,-14.786657 -72.967762,-14.786658 -72.967834,-14.786691 -72.967965,-14.786734 -72.968019,-14.786731 -72.968081,-14.786742 -72.968139,-14.786784 -72.968172,-14.786782 -72.968259,-14.786795 -72.968299,-14.786809 -72.968379,-14.786794 -72.968422,-14.786807 -72.968468,-14.786806 -72.968544,-14.786791 -72.968637,-14.786799 -72.968693,-14.786794 -72.968822,-14.786832 -72.968829,-14.786842 -72.968853,-14.786846 -72.968921,-14.786877 -72.968961,-14.786876 -72.969022,-14.786922 -72.969041,-14.786946 -72.969045,-14.786967 -72.969074,-14.786989 -72.96913,-14.787001 -72.969213,-14.787035 -72.96929,-14.787041 -72.96936,-14.78706 -72.969427,-14.787031 -72.969551,-14.787008 -72.969603,-14.787018 -72.969631,-14.787001 -72.969676,-14.78699 -72.969702,-14.786992 -72.969791,-14.786964 -72.969836,-14.786965 -72.969906,-14.78691 -72.969976,-14.786907 -72.970015,-14.786895 -72.970052,-14.786911 -72.970094,-14.786919 -72.970165,-14.786972 -72.970221,-14.786984 -72.970272,-14.787024 -72.970308,-14.787028 -72.97032,-14.787061 -72.970355,-14.787082 -72.970364,-14.787111 -72.970397,-14.787135 -72.970441,-14.787151 -72.970451,-14.787186 -72.970479,-14.787212 -72.97049,-14.787239 -72.970529,-14.787286 -72.97059,-14.787327 -72.970608,-14.787354 -72.970684,-14.787424 -72.970738,-14.787488 -72.970846,-14.787562 -72.970954,-14.78761 -72.970997,-14.787637 -72.971034,-14.787645 -72.971103,-14.787635 -72.971136,-14.787642 -72.971187,-14.787625 -72.971239,-14.787623 -72.971392,-14.787585 -72.971443,-14.787584 -72.971458,-14.787593 -72.971506,-14.787597 -72.97157,-14.787593 -72.971597,-14.787601 -72.971599,-14.78761 -72.97163,-14.787608 -72.971726,-14.787632 -72.971789,-14.787626 -72.971845,-14.787655 -72.971914,-14.787669 -72.971978,-14.787671 -72.972029,-14.787691 -72.972104,-14.787673 -72.972159,-14.78769 -72.972209,-14.787687 -72.972252,-14.787654 -72.972292,-14.78764 -72.972355,-14.787649 -72.972416,-14.787677 -72.972449,-14.787684 -72.972506,-14.787716 -72.972569,-14.787763 -72.972625,-14.78789 -72.972664,-14.787947 -72.972724,-14.788069 -72.972732,-14.788089 -72.972734,-14.7882 -72.972777,-14.788261 -72.972778,-14.788307 -72.972789,-14.788333 -72.972822,-14.788368 -72.972841,-14.788457 -72.972881,-14.788515 -72.972903,-14.788617 -72.972933,-14.788674 -72.972949,-14.788758 -72.972975,-14.788802 -72.972992,-14.788851 -72.973015,-14.788869 -72.973019,-14.788904 -72.973072,-14.788991 -72.973086,-14.789079 -72.973077,-14.789123 -72.973079,-14.789157 -72.9731,-14.789223 -72.973091,-14.789258 -72.973076,-14.789283 -72.97308,-14.789327 -72.97305,-14.789402 -72.973031,-14.789576 -72.97302,-14.789594 -72.973009,-14.78968 -72.973017,-14.789688 -72.973037,-14.789765 -72.973037,-14.789805 -72.973073,-14.78986 -72.973104,-14.789929 -72.973111,-14.789983 -72.973124,-14.789992 -72.973144,-14.790045 -72.97315,-14.790151 -72.973146,-14.790202 -72.973163,-14.790301 -72.973153,-14.790373 -72.973162,-14.790431 -72.973159,-14.790457 -72.973175,-14.790474 -72.973181,-14.790494 -72.973171,-14.790537 -72.973173,-14.790559 -72.973201,-14.79061 -72.973206,-14.790633 -72.973201,-14.790678 -72.973189,-14.790685 -72.973197,-14.790742 -72.973193,-14.790783 -72.973256,-14.790938 -72.973272,-14.791098 -72.973274,-14.791151 -72.973256,-14.791191 -72.973255,-14.791218 -72.973263,-14.791381 -72.973277,-14.791405 -72.973267,-14.791453 -72.973284,-14.791503 -72.973292,-14.791561 -72.97332,-14.791606 -72.97332,-14.791643 -72.973335,-14.791656 -72.973336,-14.791673 -72.973357,-14.791711 -72.973353,-14.791822 -72.973381,-14.791947 -72.973373,-14.792002 -72.973383,-14.792044 -72.973372,-14.792062 -72.973359,-14.792117 -72.973363,-14.792151 -72.973424,-14.792254 -72.973419,-14.792282 -72.973449,-14.79234 -72.973453,-14.792366 -72.97348,-14.792411 -72.973502,-14.792433 -72.973514,-14.792494 -72.973547,-14.792579 -72.973593,-14.792656 -72.973612,-14.792729 -72.973612,-14.792818 -72.973658,-14.792891 -72.973657,-14.792923 -72.973681,-14.79298 -72.973682,-14.793031 -72.9737,-14.79308 -72.973696,-14.793104 -72.973742,-14.793213 -72.973749,-14.793264 -72.973764,-14.793288 -72.973765,-14.793374 -72.973802,-14.793424 -72.973815,-14.793458 -72.973817,-14.79353 -72.973853,-14.793612 -72.973855,-14.793637 -72.973843,-14.793637 -72.973826,-14.793685 -72.973813,-14.7937 -72.973789,-14.793711 -72.973805,-14.793756 -72.973808,-14.793792 -72.973846,-14.793901 -72.973848,-14.793942 -72.97386,-14.79398 -72.973854,-14.794005 -72.973875,-14.794064 -72.973881,-14.794122 -72.973892,-14.794138 -72.973908,-14.794226 -72.973925,-14.79427 -72.973923,-14.794301 -72.973943,-14.79437 -72.973937,-14.794388 -72.973958,-14.794441 -72.973978,-14.794541 -72.973965,-14.794547 -72.973997,-14.794584 -72.97399,-14.794645 -72.973981,-14.794652 -72.973983,-14.794669 -72.974037,-14.794768 -72.974032,-14.794789 -72.974021,-14.79479 -72.974056,-14.794905 -72.974052,-14.794938 -72.974082,-14.795053 -72.974079,-14.795108 -72.974088,-14.795138 -72.974083,-14.795137 -72.974084,-14.795164 -72.974092,-14.795199 -72.974076,-14.795233 -72.974084,-14.795289 -72.974071,-14.79535 -72.974086,-14.795415 -72.974081,-14.795438 -72.974086,-14.795509 -72.974092,-14.795518 -72.974087,-14.79554 -72.974075,-14.795552 -72.974083,-14.795615 -72.974068,-14.795681 -72.974082,-14.795714 -72.974112,-14.795751 -72.974118,-14.795779 -72.974193,-14.795856 -72.974204,-14.795895 -72.974218,-14.795915 -72.974263,-14.795955 -72.974299,-14.796044 -72.974338,-14.796107 -72.974339,-14.796156 -72.974373,-14.796191 -72.974406,-14.796241 -72.974444,-14.796359 -72.974494,-14.796424 -72.974532,-14.796448 -72.974563,-14.796487 -72.974602,-14.796495 -72.974689,-14.796558 -72.974721,-14.7966 -72.97477,-14.796634 -72.974806,-14.796671 -72.974815,-14.79669 -72.974856,-14.796732 -72.974856,-14.796745 -72.974886,-14.796768 -72.974907,-14.796771 -72.97491,-14.796791 -72.974947,-14.796831 -72.974966,-14.796838 -72.974994,-14.796888 -72.975009,-14.796901 -72.975017,-14.796942 -72.975042,-14.796999 -72.975106,-14.797065 -72.975103,-14.797077 -72.97515,-14.797166 -72.975202,-14.797219 -72.975205,-14.797235 -72.975215,-14.79724 -72.975219,-14.797268 -72.975288,-14.797318 -72.975305,-14.797342 -72.975343,-14.797422 -72.975353,-14.797463 -72.975346,-14.797518 -72.975366,-14.797566 -72.975367,-14.797597 -72.975382,-14.797647 -72.975381,-14.797665 -72.975373,-14.797672 -72.975394,-14.797694 -72.9754,-14.797742 -72.975444,-14.797807 -72.975446,-14.797828 -72.975455,-14.797837 -72.975453,-14.797861 -72.975462,-14.797857 -72.975465,-14.79787 -72.975455,-14.797884 -72.975508,-14.797947 -72.975543,-14.798019 -72.975565,-14.798043 -72.975595,-14.798102 -72.975612,-14.798156 -72.975629,-14.798173 -72.975638,-14.798196 -72.975629,-14.798223 -72.975657,-14.798262 -72.975703,-14.79838 -72.975697,-14.798402 -72.975704,-14.798432 -72.975713,-14.798448 -72.975746,-14.798475 -72.975755,-14.798509 -72.97578,-14.798544 -72.975785,-14.798588 -72.975796,-14.798616 -72.97585,-14.798682 -72.975857,-14.798697 -72.975855,-14.798714 -72.975845,-14.798708 -72.97585,-14.798731 -72.975862,-14.798758 -72.975882,-14.798774 -72.975882,-14.798793 -72.975899,-14.798839 -72.975932,-14.798881 -72.975997,-14.798941 -72.97601,-14.798963 -72.976064,-14.799011 -72.976061,-14.799017 -72.97609,-14.799055 -72.976097,-14.799084 -72.976154,-14.799175 -72.976154,-14.799187 -72.976142,-14.799192 -72.976164,-14.799231 -72.976193,-14.799259 -72.976202,-14.799302 -72.976214,-14.799318 -72.976212,-14.799336 -72.976236,-14.799365 -72.976259,-14.79942 -72.976302,-14.799474 -72.976326,-14.79952 -72.976392,-14.799569 -72.976415,-14.799599 -72.97645,-14.799626 -72.976457,-14.799668 -72.97642,-14.799721 -72.976387,-14.79975 -72.976363,-14.799792 -72.976332,-14.79981 -72.976324,-14.799801 -72.976272,-14.799813 -72.976264,-14.799797 -72.976257,-14.799802 -72.976251,-14.799797 -72.97625,-14.799806 -72.976236,-14.799797 -72.976246,-14.799819 -72.976252,-14.799819 -72.976262,-14.79986 -72.976258,-14.799851 -72.976255,-14.79987 -72.9762172566844,-14.7998568413787</coordinates></LineString></MultiGeometry>
  </Placemark>
  <Placemark id="Route.14">
	<name>29 julio</name>
	<description>&lt;b&gt;Descripción:&lt;/b&gt; Vuelta&lt;br&gt;&lt;b&gt;Inicio:&lt;/b&gt; 2007-07-29 06:02:26&lt;br&gt;&lt;b&gt;Fin:&lt;/b&gt; 2007-07-29 14:47:22&lt;br&gt;&lt;b&gt;Duración:&lt;/b&gt; 8.8 horas&lt;br&gt;</description>
	<Style><LineStyle><color>FF1c1ae3</color><width>4.25196</width></LineStyle><PolyStyle><fill>0</fill></PolyStyle></Style>
	<ExtendedData><SchemaData schemaUrl="#Route">
		<SimpleData name="fid">1</SimpleData>
		<SimpleData name="duracion">8.75</SimpleData>
		<SimpleData name="inicio_local">2007-07-29 06:02:26</SimpleData>
		<SimpleData name="fin_local">2007-07-29 14:47:22</SimpleData>
		<SimpleData name="nombre">29 julio</SimpleData>
		<SimpleData name="descrip">Vuelta</SimpleData>
	</SchemaData></ExtendedData>
      <MultiGeometry><LineString><coordinates>-72.9761734114521,-14.7998554114523 -72.976186,-14.799878 -72.97629,-14.799936 -72.976316,-14.799978 -72.976338,-14.799998 -72.976353,-14.800029 -72.976391,-14.800058 -72.976416,-14.800096 -72.976447,-14.800121 -72.976481,-14.800191 -72.976544,-14.800245 -72.976587,-14.800299 -72.976671,-14.80032 -72.9767,-14.800338 -72.97671,-14.800353 -72.976722,-14.800436 -72.976752,-14.800479 -72.976859,-14.80055 -72.976965,-14.800674 -72.977053,-14.800922 -72.977082,-14.800944 -72.977103,-14.801015 -72.977115,-14.801031 -72.977114,-14.80105 -72.977156,-14.801099 -72.97715,-14.801171 -72.977192,-14.801269 -72.977198,-14.801312 -72.977256,-14.801454 -72.977283,-14.801494 -72.977373,-14.801731 -72.977412,-14.8018 -72.977423,-14.801869 -72.977454,-14.801957 -72.977479,-14.802083 -72.977561,-14.802342 -72.977557,-14.80241 -72.977573,-14.802455 -72.977605,-14.802618 -72.977604,-14.802704 -72.977627,-14.802771 -72.977641,-14.802845 -72.977636,-14.802871 -72.977651,-14.802975 -72.977651,-14.803076 -72.977664,-14.803148 -72.977654,-14.803199 -72.97767,-14.803284 -72.977674,-14.803355 -72.977652,-14.8035 -72.977638,-14.803547 -72.977651,-14.803644 -72.977641,-14.803714 -72.977651,-14.803804 -72.977649,-14.80385 -72.977622,-14.803975 -72.977624,-14.804025 -72.977638,-14.804076 -72.977629,-14.804166 -72.977635,-14.804186 -72.97763,-14.804229 -72.977636,-14.804278 -72.977617,-14.804483 -72.97762,-14.804555 -72.977634,-14.80462 -72.977591,-14.804756 -72.977586,-14.804802 -72.977534,-14.804936 -72.977542,-14.80496 -72.977561,-14.804965 -72.97757,-14.804975 -72.977587,-14.805035 -72.977567,-14.805087 -72.977556,-14.805094 -72.977558,-14.805116 -72.977579,-14.805148 -72.977545,-14.805175 -72.977458,-14.805269 -72.977441,-14.805316 -72.977357,-14.805429 -72.977308,-14.805537 -72.977279,-14.805582 -72.977252,-14.805656 -72.977237,-14.805735 -72.977205,-14.805811 -72.977198,-14.805906 -72.977185,-14.805948 -72.977173,-14.806048 -72.977126,-14.806202 -72.97713,-14.806248 -72.977107,-14.806328 -72.977102,-14.806375 -72.97711,-14.806509 -72.977106,-14.806585 -72.977154,-14.806673 -72.977161,-14.806751 -72.977182,-14.80681 -72.977188,-14.806881 -72.977215,-14.806957 -72.977223,-14.807047 -72.977285,-14.807115 -72.977317,-14.807131 -72.977365,-14.807213 -72.977368,-14.807295 -72.97738,-14.807333 -72.977374,-14.807348 -72.977411,-14.807433 -72.977413,-14.807536 -72.97743,-14.807582 -72.977431,-14.807621 -72.977463,-14.807695 -72.977484,-14.807791 -72.977561,-14.807966 -72.97756,-14.808003 -72.9776,-14.808106 -72.977614,-14.808179 -72.977609,-14.808204 -72.977619,-14.808248 -72.97762,-14.808297 -72.97765,-14.80844 -72.977699,-14.808561 -72.977719,-14.80866 -72.977745,-14.808712 -72.9778,-14.808768 -72.977803,-14.808819 -72.977835,-14.808892 -72.977825,-14.808927 -72.977833,-14.808983 -72.977916,-14.809059 -72.977928,-14.809117 -72.977951,-14.809157 -72.977952,-14.809183 -72.977984,-14.80923 -72.977977,-14.809288 -72.977981,-14.809309 -72.978012,-14.809355 -72.978016,-14.80942 -72.978078,-14.809501 -72.978115,-14.809581 -72.978136,-14.809754 -72.978198,-14.80993 -72.978228,-14.809994 -72.97826,-14.810169 -72.978299,-14.810236 -72.978337,-14.810269 -72.978344,-14.810305 -72.978423,-14.81049 -72.978467,-14.810563 -72.978512,-14.810609 -72.978558,-14.810682 -72.978557,-14.810699 -72.978579,-14.810765 -72.978619,-14.810824 -72.978619,-14.810858 -72.97864,-14.810909 -72.978668,-14.811044 -72.978688,-14.811094 -72.978734,-14.811182 -72.978733,-14.811198 -72.978756,-14.81124 -72.97877,-14.811287 -72.978801,-14.811316 -72.978846,-14.811413 -72.978904,-14.811457 -72.978934,-14.8115 -72.978951,-14.811574 -72.978974,-14.811591 -72.978986,-14.811615 -72.978989,-14.811647 -72.979001,-14.811663 -72.979011,-14.811704 -72.979028,-14.811737 -72.979055,-14.811834 -72.979076,-14.811871 -72.979086,-14.811906 -72.979082,-14.811942 -72.979093,-14.811959 -72.979109,-14.811976 -72.979201,-14.812031 -72.979267,-14.812089 -72.979302,-14.81216 -72.9794,-14.812266 -72.979408,-14.812286 -72.979484,-14.81232 -72.97951,-14.812339 -72.979568,-14.812358 -72.979573,-14.812371 -72.979697,-14.812489 -72.979771,-14.812535 -72.979859,-14.812606 -72.979902,-14.812659 -72.979907,-14.812675 -72.979975,-14.81274 -72.979975,-14.812753 -72.979996,-14.812791 -72.980093,-14.812894 -72.980161,-14.812979 -72.980242,-14.813056 -72.980305,-14.813136 -72.980339,-14.813167 -72.980447,-14.813243 -72.980567,-14.813301 -72.980616,-14.813337 -72.980686,-14.813374 -72.980734,-14.813428 -72.980777,-14.813454 -72.980763,-14.813463 -72.980771,-14.813472 -72.980818,-14.813503 -72.980857,-14.813544 -72.980911,-14.813564 -72.980953,-14.813598 -72.981027,-14.813663 -72.98106,-14.813709 -72.981308,-14.81383 -72.981388,-14.81395 -72.981447,-14.814004 -72.981493,-14.814036 -72.981526,-14.814041 -72.981602,-14.814085 -72.981712,-14.814232 -72.98174,-14.814259 -72.981776,-14.814275 -72.981886,-14.814387 -72.981892,-14.814403 -72.981931,-14.814444 -72.981976,-14.814486 -72.981997,-14.814493 -72.982076,-14.814584 -72.982138,-14.814634 -72.982229,-14.814813 -72.982277,-14.814884 -72.982292,-14.814929 -72.982318,-14.814972 -72.982392,-14.815048 -72.982435,-14.815113 -72.982441,-14.815138 -72.9825,-14.8152 -72.982529,-14.815243 -72.982554,-14.815312 -72.982558,-14.81536 -72.982589,-14.815448 -72.982614,-14.815479 -72.98262,-14.815522 -72.982645,-14.815575 -72.98268,-14.815628 -72.982683,-14.815647 -72.982709,-14.815692 -72.982781,-14.815773 -72.982791,-14.815841 -72.982822,-14.815909 -72.982899,-14.816029 -72.982955,-14.816085 -72.982997,-14.816165 -72.982995,-14.81619 -72.983006,-14.816221 -72.983058,-14.816313 -72.983068,-14.816363 -72.98307,-14.816471 -72.983097,-14.816616 -72.983118,-14.816675 -72.983109,-14.816713 -72.983099,-14.816726 -72.983095,-14.816842 -72.983107,-14.816891 -72.983099,-14.816951 -72.983118,-14.81703 -72.983109,-14.817133 -72.983122,-14.817201 -72.983112,-14.81722 -72.983133,-14.81731 -72.98317,-14.817443 -72.983197,-14.817503 -72.983244,-14.817557 -72.983258,-14.817641 -72.983256,-14.817692 -72.983284,-14.817741 -72.983299,-14.817855 -72.983351,-14.817992 -72.983366,-14.81808 -72.983392,-14.818118 -72.983388,-14.818141 -72.983409,-14.818279 -72.983426,-14.81831 -72.983449,-14.818387 -72.983453,-14.818436 -72.983483,-14.818496 -72.983485,-14.818537 -72.9835,-14.818592 -72.983535,-14.818644 -72.983544,-14.81868 -72.983573,-14.818705 -72.983587,-14.818751 -72.983577,-14.818761 -72.983596,-14.818806 -72.9836,-14.818854 -72.983632,-14.818908 -72.983675,-14.819014 -72.983681,-14.819083 -72.983725,-14.819287 -72.983724,-14.819316 -72.983751,-14.819413 -72.983753,-14.819471 -72.983765,-14.819526 -72.983798,-14.819614 -72.983797,-14.819682 -72.983839,-14.819859 -72.983835,-14.819912 -72.983848,-14.819936 -72.983854,-14.820061 -72.983853,-14.820133 -72.98383,-14.820236 -72.983834,-14.820272 -72.983872,-14.820361 -72.983921,-14.820445 -72.98392,-14.820488 -72.983957,-14.820641 -72.983976,-14.82067 -72.984038,-14.820819 -72.98407,-14.82086 -72.984078,-14.820888 -72.984159,-14.82104 -72.984194,-14.821124 -72.984218,-14.821204 -72.984219,-14.821254 -72.984248,-14.821395 -72.984267,-14.821431 -72.984265,-14.821475 -72.984279,-14.821566 -72.984281,-14.821651 -72.984294,-14.821672 -72.984309,-14.821734 -72.984318,-14.821826 -72.984314,-14.821853 -72.984326,-14.821898 -72.984363,-14.821956 -72.984387,-14.822048 -72.98438,-14.82207 -72.984405,-14.822274 -72.984397,-14.822295 -72.984415,-14.822372 -72.984419,-14.82243 -72.984419,-14.82248 -72.984404,-14.822514 -72.984418,-14.822585 -72.984445,-14.822658 -72.984441,-14.822688 -72.984487,-14.822816 -72.984484,-14.822875 -72.984527,-14.8231 -72.98453,-14.823177 -72.984565,-14.823302 -72.984567,-14.823426 -72.98458,-14.82355 -72.984567,-14.823636 -72.984574,-14.823855 -72.984635,-14.824103 -72.984642,-14.824203 -72.984675,-14.824303 -72.984715,-14.824391 -72.984725,-14.82444 -72.984741,-14.824549 -72.984737,-14.824575 -72.984752,-14.824646 -72.984747,-14.824695 -72.984764,-14.82476 -72.984772,-14.824832 -72.984769,-14.824902 -72.98481,-14.825067 -72.984829,-14.825103 -72.984859,-14.825204 -72.984899,-14.825273 -72.984912,-14.825336 -72.984885,-14.825436 -72.984869,-14.825451 -72.984843,-14.825517 -72.984819,-14.825545 -72.984804,-14.825593 -72.984787,-14.825612 -72.984766,-14.825671 -72.984771,-14.825719 -72.984755,-14.825849 -72.984762,-14.825968 -72.98474,-14.826055 -72.984747,-14.82607 -72.984734,-14.826192 -72.984718,-14.826268 -72.984709,-14.826428 -72.984697,-14.826447 -72.984688,-14.826523 -72.98467,-14.826573 -72.984663,-14.826705 -72.984628,-14.826942 -72.984626,-14.826997 -72.9846,-14.827089 -72.984605,-14.827146 -72.984639,-14.827303 -72.984668,-14.827358 -72.98467,-14.827381 -72.984713,-14.827438 -72.984758,-14.827532 -72.98482,-14.827607 -72.984935,-14.827818 -72.984977,-14.827849 -72.984994,-14.827877 -72.985019,-14.827967 -72.985026,-14.828023 -72.985075,-14.828177 -72.985104,-14.828307 -72.985134,-14.828364 -72.985169,-14.828383 -72.985162,-14.828457 -72.985165,-14.828483 -72.985182,-14.828515 -72.985174,-14.828572 -72.985177,-14.828633 -72.985197,-14.828728 -72.985192,-14.828757 -72.985197,-14.828801 -72.985223,-14.828902 -72.98522,-14.829088 -72.985235,-14.829191 -72.985234,-14.829284 -72.985243,-14.829348 -72.985233,-14.829436 -72.985222,-14.829455 -72.985229,-14.829567 -72.985225,-14.829629 -72.985213,-14.829667 -72.985227,-14.829785 -72.98521,-14.830016 -72.985185,-14.830105 -72.985176,-14.830251 -72.985156,-14.830307 -72.985176,-14.830519 -72.985167,-14.83061 -72.985173,-14.83068 -72.985162,-14.83076 -72.985179,-14.830808 -72.985172,-14.830866 -72.985158,-14.8309 -72.985154,-14.831003 -72.985165,-14.831115 -72.985178,-14.831147 -72.985179,-14.831201 -72.985191,-14.831251 -72.985177,-14.83139 -72.985187,-14.831416 -72.985184,-14.831456 -72.985166,-14.831537 -72.985171,-14.831627 -72.985189,-14.831705 -72.98517,-14.831814 -72.985178,-14.831868 -72.985169,-14.831904 -72.98517,-14.831977 -72.985152,-14.83218 -72.985162,-14.832209 -72.985157,-14.832435 -72.985163,-14.832523 -72.98517,-14.83254 -72.985161,-14.832637 -72.985172,-14.832729 -72.985156,-14.832942 -72.985179,-14.833184 -72.985197,-14.833223 -72.985212,-14.833294 -72.985204,-14.833385 -72.985212,-14.833417 -72.985195,-14.833464 -72.985198,-14.833531 -72.985183,-14.833617 -72.985199,-14.833756 -72.985192,-14.833846 -72.985197,-14.833895 -72.985176,-14.834024 -72.985167,-14.834043 -72.985189,-14.834267 -72.985186,-14.834354 -72.985172,-14.834395 -72.985186,-14.834539 -72.985186,-14.83469 -72.985198,-14.834837 -72.985191,-14.834858 -72.985198,-14.83495 -72.985186,-14.835023 -72.985186,-14.83509 -72.985175,-14.835133 -72.985177,-14.835181 -72.985154,-14.835278 -72.985114,-14.835406 -72.98507,-14.835513 -72.985059,-14.835562 -72.985016,-14.83565 -72.985007,-14.835697 -72.984959,-14.835809 -72.984932,-14.835901 -72.984898,-14.835969 -72.984891,-14.836013 -72.984871,-14.836068 -72.984814,-14.836167 -72.98475,-14.836363 -72.984685,-14.836479 -72.984683,-14.836498 -72.984654,-14.836562 -72.984648,-14.83662 -72.984618,-14.836701 -72.984589,-14.836752 -72.984524,-14.836915 -72.984484,-14.836961 -72.984458,-14.837018 -72.984442,-14.837087 -72.984376,-14.837261 -72.984369,-14.837302 -72.984337,-14.837365 -72.984298,-14.837506 -72.984283,-14.837622 -72.984244,-14.837716 -72.984216,-14.837879 -72.984171,-14.838036 -72.984159,-14.838181 -72.98413,-14.83832 -72.984121,-14.838418 -72.984099,-14.838505 -72.984111,-14.838578 -72.984097,-14.838607 -72.984103,-14.838668 -72.984143,-14.83873 -72.984139,-14.838834 -72.984145,-14.8389 -72.984135,-14.839072 -72.984119,-14.839114 -72.984092,-14.839269 -72.984053,-14.839414 -72.984046,-14.839417 -72.984019,-14.839546 -72.983968,-14.839634 -72.983958,-14.839692 -72.983963,-14.839703 -72.983938,-14.839769 -72.983901,-14.839925 -72.983852,-14.840019 -72.983811,-14.840175 -72.983795,-14.840198 -72.983791,-14.840224 -72.983754,-14.840299 -72.983719,-14.840427 -72.983694,-14.840474 -72.983672,-14.840593 -72.98364,-14.84068 -72.98364,-14.840706 -72.983627,-14.840751 -72.983626,-14.840801 -72.983601,-14.840881 -72.983588,-14.840898 -72.983589,-14.840972 -72.983545,-14.841078 -72.983529,-14.841137 -72.983503,-14.841255 -72.983509,-14.841275 -72.983496,-14.841348 -72.98342,-14.841503 -72.983377,-14.841609 -72.983348,-14.84174 -72.983289,-14.841898 -72.983254,-14.842034 -72.983236,-14.842073 -72.983218,-14.842207 -72.98316,-14.84234 -72.983132,-14.842371 -72.983118,-14.842403 -72.983081,-14.842444 -72.983036,-14.84254 -72.982964,-14.842629 -72.982895,-14.842732 -72.982844,-14.842889 -72.982757,-14.843008 -72.98272,-14.843097 -72.982716,-14.843123 -72.982652,-14.843247 -72.982606,-14.843355 -72.982544,-14.843421 -72.982455,-14.843563 -72.982422,-14.843589 -72.982402,-14.843644 -72.982321,-14.843783 -72.982314,-14.843822 -72.98229,-14.84387 -72.982293,-14.843891 -72.982251,-14.84396 -72.982212,-14.844052 -72.982171,-14.84411 -72.982114,-14.844232 -72.982035,-14.844521 -72.981992,-14.844607 -72.981982,-14.844656 -72.981959,-14.844692 -72.981932,-14.844768 -72.981912,-14.844921 -72.981885,-14.845036 -72.98188,-14.845103 -72.981863,-14.845141 -72.981865,-14.845183 -72.981851,-14.845249 -72.981856,-14.845281 -72.981836,-14.84536 -72.981833,-14.845413 -72.981836,-14.845464 -72.981847,-14.84548 -72.981844,-14.845521 -72.981864,-14.845561 -72.981875,-14.845748 -72.981902,-14.845832 -72.981898,-14.8459 -72.981915,-14.846016 -72.981914,-14.846083 -72.981937,-14.846178 -72.981952,-14.846209 -72.981956,-14.846253 -72.981978,-14.846296 -72.98198,-14.846347 -72.982019,-14.846528 -72.982014,-14.846722 -72.982022,-14.846814 -72.982039,-14.84687 -72.982033,-14.846919 -72.982046,-14.847027 -72.982106,-14.847177 -72.982152,-14.847233 -72.982172,-14.847274 -72.982249,-14.847382 -72.982266,-14.847429 -72.982308,-14.847504 -72.982346,-14.847538 -72.982381,-14.847603 -72.982463,-14.847716 -72.982547,-14.847806 -72.982598,-14.84788 -72.982606,-14.84791 -72.982731,-14.848045 -72.982763,-14.848103 -72.982829,-14.84818 -72.982886,-14.848369 -72.982988,-14.848548 -72.983071,-14.84863 -72.983106,-14.848685 -72.98312,-14.848721 -72.98315,-14.848755 -72.983214,-14.848879 -72.983312,-14.84901 -72.98337,-14.849102 -72.983404,-14.849138 -72.983578,-14.849259 -72.983635,-14.849277 -72.983681,-14.849283 -72.983708,-14.849308 -72.98377,-14.849374 -72.983787,-14.849411 -72.983838,-14.849466 -72.983859,-14.849515 -72.983876,-14.849584 -72.983892,-14.849618 -72.98391,-14.849636 -72.983913,-14.849657 -72.983955,-14.849728 -72.984062,-14.849865 -72.984118,-14.84991 -72.984154,-14.849954 -72.984158,-14.849975 -72.98417,-14.849987 -72.984229,-14.850024 -72.984255,-14.850057 -72.984295,-14.850086 -72.984329,-14.850122 -72.984353,-14.850165 -72.98442,-14.850225 -72.984509,-14.85034 -72.984596,-14.850416 -72.984654,-14.850446 -72.984763,-14.850651 -72.984836,-14.850748 -72.984846,-14.850772 -72.984889,-14.85079 -72.984918,-14.850823 -72.985018,-14.850997 -72.985088,-14.851075 -72.985133,-14.851171 -72.985254,-14.851289 -72.985285,-14.851333 -72.985301,-14.851371 -72.985355,-14.851429 -72.985405,-14.851513 -72.985422,-14.851557 -72.98545,-14.851602 -72.985492,-14.851647 -72.985493,-14.851669 -72.985515,-14.851687 -72.985538,-14.85175 -72.985608,-14.851831 -72.985637,-14.851897 -72.985667,-14.851919 -72.985696,-14.851978 -72.985759,-14.852064 -72.985803,-14.852151 -72.985803,-14.85218 -72.985812,-14.852198 -72.985886,-14.852277 -72.985932,-14.852362 -72.985957,-14.852382 -72.986026,-14.852465 -72.986051,-14.852481 -72.986099,-14.852543 -72.986134,-14.852603 -72.986317,-14.852807 -72.986413,-14.852926 -72.98645,-14.852964 -72.986506,-14.852996 -72.986529,-14.853025 -72.986581,-14.853066 -72.986614,-14.853119 -72.986665,-14.853169 -72.986692,-14.853238 -72.98673,-14.853278 -72.986764,-14.853347 -72.986832,-14.853413 -72.986859,-14.853453 -72.986905,-14.853493 -72.986915,-14.853512 -72.986954,-14.853539 -72.987021,-14.853607 -72.987076,-14.85368 -72.987095,-14.85369 -72.987103,-14.853709 -72.987171,-14.85378 -72.9873,-14.85396 -72.987345,-14.854039 -72.987466,-14.854174 -72.987515,-14.854248 -72.987568,-14.854283 -72.987604,-14.854338 -72.987701,-14.854419 -72.987748,-14.8545 -72.98781,-14.854567 -72.987844,-14.854612 -72.987847,-14.854626 -72.987899,-14.854662 -72.987978,-14.854746 -72.988072,-14.854881 -72.988225,-14.855034 -72.988277,-14.855099 -72.988283,-14.855121 -72.988304,-14.855135 -72.988372,-14.855212 -72.988394,-14.855222 -72.988415,-14.855262 -72.988466,-14.855317 -72.988473,-14.855341 -72.988504,-14.855385 -72.988558,-14.855433 -72.988567,-14.855454 -72.988606,-14.855491 -72.988705,-14.855579 -72.988751,-14.85561 -72.988807,-14.855631 -72.988861,-14.85563 -72.988879,-14.855619 -72.988901,-14.85563 -72.988946,-14.855626 -72.988964,-14.855633 -72.989,-14.855666 -72.989073,-14.855704 -72.989089,-14.855751 -72.989109,-14.855783 -72.98912,-14.855914 -72.989137,-14.855963 -72.989135,-14.856028 -72.989145,-14.856064 -72.989159,-14.856085 -72.98918,-14.856194 -72.989246,-14.856311 -72.989261,-14.85637 -72.989292,-14.856434 -72.989293,-14.856456 -72.989317,-14.85649 -72.989346,-14.856557 -72.989421,-14.856661 -72.989421,-14.856737 -72.989443,-14.856778 -72.989471,-14.856893 -72.989463,-14.856944 -72.989445,-14.85699 -72.989443,-14.857034 -72.989452,-14.857053 -72.989496,-14.857092 -72.989501,-14.857126 -72.989524,-14.857158 -72.989551,-14.857234 -72.989587,-14.857297 -72.989608,-14.857311 -72.989633,-14.85743 -72.98965,-14.857468 -72.989687,-14.857507 -72.989708,-14.857565 -72.989705,-14.857583 -72.989753,-14.85762 -72.989761,-14.857677 -72.989793,-14.85776 -72.98983,-14.857814 -72.989825,-14.857852 -72.989859,-14.857905 -72.989901,-14.85794 -72.989969,-14.858038 -72.989986,-14.85805 -72.990018,-14.858154 -72.990046,-14.858214 -72.990095,-14.858271 -72.990103,-14.858316 -72.990156,-14.858408 -72.990177,-14.858481 -72.990246,-14.858551 -72.990277,-14.858634 -72.990317,-14.858686 -72.990263,-14.858699 -72.990253,-14.858716 -72.990334,-14.858884 -72.990413,-14.858975 -72.990444,-14.859036 -72.990472,-14.859149 -72.990487,-14.859178 -72.99051,-14.859304 -72.990534,-14.859355 -72.990533,-14.85944 -72.990599,-14.859608 -72.990597,-14.859634 -72.990633,-14.859753 -72.990692,-14.859881 -72.99069,-14.859927 -72.990757,-14.860152 -72.990801,-14.860222 -72.990827,-14.860291 -72.990831,-14.860378 -72.990824,-14.860459 -72.990854,-14.860617 -72.990852,-14.860686 -72.990897,-14.860776 -72.990901,-14.860898 -72.990928,-14.86096 -72.990944,-14.861019 -72.990945,-14.861098 -72.990959,-14.861199 -72.990976,-14.861254 -72.990974,-14.861312 -72.990987,-14.861362 -72.990988,-14.861415 -72.991014,-14.861475 -72.991023,-14.861554 -72.991069,-14.861631 -72.991071,-14.861654 -72.991116,-14.861741 -72.991131,-14.861788 -72.991149,-14.861809 -72.991152,-14.861831 -72.99118,-14.861866 -72.991235,-14.862051 -72.99125,-14.862196 -72.991265,-14.862236 -72.991288,-14.862407 -72.9913,-14.862428 -72.991328,-14.862537 -72.991326,-14.862588 -72.991365,-14.862653 -72.99136,-14.862673 -72.991381,-14.862726 -72.991379,-14.862803 -72.991423,-14.862963 -72.991417,-14.862996 -72.991421,-14.863047 -72.991462,-14.863187 -72.991468,-14.863279 -72.991486,-14.863325 -72.991493,-14.863397 -72.991507,-14.863418 -72.991537,-14.863512 -72.991571,-14.86357 -72.991597,-14.863648 -72.99164,-14.863724 -72.991671,-14.863846 -72.991703,-14.863887 -72.991707,-14.863933 -72.991768,-14.864101 -72.991767,-14.864119 -72.991793,-14.86416 -72.991803,-14.864229 -72.991824,-14.8643 -72.991864,-14.864371 -72.991859,-14.864403 -72.991875,-14.86445 -72.991875,-14.86449 -72.991855,-14.864526 -72.99185,-14.864574 -72.991856,-14.864596 -72.991855,-14.864697 -72.991845,-14.864747 -72.991854,-14.864795 -72.991827,-14.86491 -72.991841,-14.86498 -72.991821,-14.865189 -72.991834,-14.865234 -72.991825,-14.865316 -72.991829,-14.865366 -72.991824,-14.865416 -72.991804,-14.865492 -72.991815,-14.865569 -72.991793,-14.865751 -72.991814,-14.8658 -72.991839,-14.865907 -72.991872,-14.865959 -72.99187,-14.865999 -72.99188,-14.866013 -72.991826,-14.866147 -72.991811,-14.86615 -72.991814,-14.866165 -72.991845,-14.866192 -72.99185,-14.866224 -72.991814,-14.866374 -72.991796,-14.866534 -72.991754,-14.866654 -72.991737,-14.866744 -72.991724,-14.866763 -72.991728,-14.866805 -72.991715,-14.866858 -72.991676,-14.866943 -72.991663,-14.86701 -72.991634,-14.867079 -72.991634,-14.867146 -72.991619,-14.867168 -72.991613,-14.867216 -72.991592,-14.867264 -72.991593,-14.867378 -72.991569,-14.867449 -72.991549,-14.86763 -72.991526,-14.867736 -72.991529,-14.867782 -72.991521,-14.867835 -72.991515,-14.86786 -72.991496,-14.86789 -72.991491,-14.867932 -72.991499,-14.867996 -72.991484,-14.868114 -72.991493,-14.868198 -72.99149,-14.868249 -72.991503,-14.86827 -72.991502,-14.868294 -72.991439,-14.868555 -72.991434,-14.868608 -72.991419,-14.86862 -72.991444,-14.868655 -72.991497,-14.868693 -72.991534,-14.868731 -72.991556,-14.868799 -72.991575,-14.868896 -72.991591,-14.868926 -72.991599,-14.868998 -72.991596,-14.869038 -72.991608,-14.869071 -72.991607,-14.869084 -72.99161,-14.869094 -72.991621,-14.86912 -72.991579,-14.869113 -72.991556,-14.869133 -72.991558,-14.869117 -72.9916,-14.86909 -72.991601,-14.869091 -72.991606,-14.86909 -72.991611,-14.86909 -72.991616,-14.86909 -72.991635,-14.869086 -72.991714,-14.86906 -72.991733,-14.869002 -72.991745,-14.868994 -72.991762,-14.868989 -72.991809,-14.868993 -72.991785,-14.869013 -72.99177,-14.869047 -72.991755,-14.869058 -72.991698,-14.869173 -72.99165,-14.869178 -72.991596,-14.869241 -72.991522,-14.869415 -72.991494,-14.869519 -72.99149,-14.869613 -72.991459,-14.869656 -72.99144,-14.869702 -72.991394,-14.869749 -72.991385,-14.869777 -72.991375,-14.869826 -72.991387,-14.869873 -72.99138,-14.869955 -72.991394,-14.870011 -72.991433,-14.87011 -72.991432,-14.870132 -72.991471,-14.870277 -72.991469,-14.870338 -72.991483,-14.870363 -72.991499,-14.870429 -72.991488,-14.870458 -72.991484,-14.870497 -72.99149,-14.870543 -72.991469,-14.870607 -72.991456,-14.870802 -72.991446,-14.87083 -72.991446,-14.870872 -72.991459,-14.870918 -72.991453,-14.870935 -72.991423,-14.870958 -72.991409,-14.870982 -72.991362,-14.871019 -72.991353,-14.871054 -72.991366,-14.871085 -72.991321,-14.871161 -72.991287,-14.871253 -72.99124,-14.871312 -72.991208,-14.871397 -72.991202,-14.871576 -72.991187,-14.871635 -72.991195,-14.871708 -72.991163,-14.871933 -72.991143,-14.871998 -72.991151,-14.87208 -72.991146,-14.872177 -72.99116,-14.872305 -72.991155,-14.872357 -72.991176,-14.872444 -72.99119,-14.872592 -72.991262,-14.872847 -72.991279,-14.872949 -72.991268,-14.873039 -72.991297,-14.87336 -72.991285,-14.873383 -72.991285,-14.873429 -72.991269,-14.873537 -72.991286,-14.873712 -72.991311,-14.87376 -72.99133,-14.87384 -72.991326,-14.874058 -72.991333,-14.874099 -72.991316,-14.874291 -72.991329,-14.874367 -72.991324,-14.87452 -72.991343,-14.874617 -72.991355,-14.874746 -72.991348,-14.874867 -72.991371,-14.875003 -72.991389,-14.875208 -72.991407,-14.87527 -72.991411,-14.875398 -72.991433,-14.875458 -72.991458,-14.87548 -72.99146,-14.875499 -72.991411,-14.875557 -72.991423,-14.875624 -72.991408,-14.875709 -72.991421,-14.875779 -72.991413,-14.8758 -72.991415,-14.875825 -72.991423,-14.875845 -72.991418,-14.875962 -72.991408,-14.876009 -72.991425,-14.876155 -72.991416,-14.876177 -72.991425,-14.876223 -72.991421,-14.876315 -72.991436,-14.876343 -72.991439,-14.87637 -72.99143,-14.876443 -72.991435,-14.876466 -72.991424,-14.87651 -72.991445,-14.876602 -72.991452,-14.876794 -72.991474,-14.876907 -72.991471,-14.876957 -72.991512,-14.877077 -72.991511,-14.877153 -72.99154,-14.877242 -72.991531,-14.877385 -72.991549,-14.877519 -72.991581,-14.877644 -72.99165,-14.877832 -72.991663,-14.877925 -72.991663,-14.877987 -72.991671,-14.878011 -72.991667,-14.878071 -72.991683,-14.87812 -72.991691,-14.878186 -72.991687,-14.878202 -72.991694,-14.87824 -72.991682,-14.878278 -72.991679,-14.87832 -72.991685,-14.878356 -72.991666,-14.878401 -72.991652,-14.878529 -72.991657,-14.878551 -72.991651,-14.878618 -72.991609,-14.878689 -72.991632,-14.87875 -72.991627,-14.878773 -72.991634,-14.878804 -72.991631,-14.878853 -72.991654,-14.878927 -72.991653,-14.879034 -72.991667,-14.879111 -72.991667,-14.879238 -72.991712,-14.879443 -72.991708,-14.879458 -72.991732,-14.879492 -72.991727,-14.879565 -72.99175,-14.879593 -72.99178,-14.879697 -72.991867,-14.879885 -72.991872,-14.879935 -72.991891,-14.880007 -72.991875,-14.880034 -72.991873,-14.880119 -72.991915,-14.880255 -72.991923,-14.880272 -72.991953,-14.880297 -72.991957,-14.880313 -72.991952,-14.880391 -72.991932,-14.880457 -72.991943,-14.880521 -72.991936,-14.880575 -72.991941,-14.880617 -72.991911,-14.880706 -72.99191,-14.880756 -72.991886,-14.880802 -72.991849,-14.880909 -72.991815,-14.880957 -72.991787,-14.881023 -72.991761,-14.881052 -72.991785,-14.881161 -72.991787,-14.881214 -72.991775,-14.881255 -72.991757,-14.881479 -72.99173,-14.881592 -72.991687,-14.881662 -72.991676,-14.881764 -72.991663,-14.881784 -72.991649,-14.881859 -72.991633,-14.8819 -72.991633,-14.88192 -72.991651,-14.881959 -72.991645,-14.881993 -72.991655,-14.882065 -72.991664,-14.882073 -72.991672,-14.882129 -72.991695,-14.882154 -72.991723,-14.882214 -72.991722,-14.882264 -72.991742,-14.882305 -72.991747,-14.882371 -72.991756,-14.882386 -72.991713,-14.882512 -72.991713,-14.882548 -72.99172,-14.882565 -72.991703,-14.882596 -72.991698,-14.882625 -72.991648,-14.882678 -72.991625,-14.882738 -72.991629,-14.882756 -72.99161,-14.882825 -72.991618,-14.882868 -72.991616,-14.882906 -72.991624,-14.882927 -72.991617,-14.882975 -72.99162,-14.883034 -72.9916,-14.883093 -72.991577,-14.883125 -72.991575,-14.88315 -72.991602,-14.883188 -72.991599,-14.883204 -72.991587,-14.883215 -72.991598,-14.883263 -72.99159,-14.883281 -72.991584,-14.883342 -72.991561,-14.883401 -72.991559,-14.883445 -72.991539,-14.883479 -72.991529,-14.883514 -72.991533,-14.88357 -72.991522,-14.883611 -72.991531,-14.883629 -72.991518,-14.883719 -72.991576,-14.883936 -72.991529,-14.884006 -72.991509,-14.884131 -72.991485,-14.884162 -72.991488,-14.884224 -72.991471,-14.884258 -72.991468,-14.884282 -72.991467,-14.884335 -72.991481,-14.884379 -72.991476,-14.884409 -72.991503,-14.884526 -72.991493,-14.884573 -72.991522,-14.884609 -72.991545,-14.884615 -72.991572,-14.884661 -72.991567,-14.884698 -72.991578,-14.884734 -72.991572,-14.884749 -72.991547,-14.884773 -72.991576,-14.884847 -72.991573,-14.88489 -72.991581,-14.884935 -72.991575,-14.884969 -72.991602,-14.885001 -72.991596,-14.885003 -72.991596,-14.885004 -72.991606,-14.885046 -72.991589,-14.885068 -72.991609,-14.885136 -72.991624,-14.885155 -72.991621,-14.885191 -72.991616,-14.885214 -72.991595,-14.885249 -72.991559,-14.885276 -72.99153,-14.88531 -72.991529,-14.885337 -72.99151,-14.885375 -72.991501,-14.885416 -72.991493,-14.885496 -72.991439,-14.885543 -72.991385,-14.885622 -72.991351,-14.885699 -72.99134,-14.885765 -72.9913,-14.885797 -72.991253,-14.88585 -72.991227,-14.885898 -72.991191,-14.885919 -72.991182,-14.885934 -72.99117,-14.885936 -72.99116,-14.885948 -72.991145,-14.886034 -72.991135,-14.886049 -72.991121,-14.886058 -72.99105,-14.886071 -72.99103,-14.886085 -72.990976,-14.886188 -72.991014,-14.886261 -72.991037,-14.886329 -72.991031,-14.886345 -72.991051,-14.886431 -72.991083,-14.886456 -72.991088,-14.886477 -72.991061,-14.886528 -72.991011,-14.886597 -72.991008,-14.886618 -72.991014,-14.88663 -72.990999,-14.886689 -72.990982,-14.886711 -72.990966,-14.886719 -72.990902,-14.886727 -72.990808,-14.886826 -72.990778,-14.886875 -72.990759,-14.886929 -72.990722,-14.886954 -72.990713,-14.886971 -72.990682,-14.887056 -72.990682,-14.887074 -72.990649,-14.887113 -72.990616,-14.887134 -72.99057,-14.887188 -72.990541,-14.887247 -72.990477,-14.887307 -72.990443,-14.887358 -72.990421,-14.887409 -72.990395,-14.88743 -72.990332,-14.887448 -72.99031,-14.887466 -72.990235,-14.887493 -72.990188,-14.887535 -72.990173,-14.887555 -72.990171,-14.887611 -72.990146,-14.887622 -72.990102,-14.887657 -72.990084,-14.887705 -72.99005,-14.887751 -72.990047,-14.887782 -72.989994,-14.887875 -72.989956,-14.887914 -72.989892,-14.887962 -72.989867,-14.88799 -72.989854,-14.888021 -72.989801,-14.88807 -72.989773,-14.888146 -72.989653,-14.888267 -72.989634,-14.888295 -72.989615,-14.888354 -72.989584,-14.888383 -72.989568,-14.888414 -72.989548,-14.888424 -72.989506,-14.888482 -72.989492,-14.888521 -72.989457,-14.888581 -72.989395,-14.888648 -72.989374,-14.888654 -72.989356,-14.888671 -72.989325,-14.888716 -72.989264,-14.888739 -72.989224,-14.888785 -72.989081,-14.888915 -72.989061,-14.888919 -72.989006,-14.888958 -72.988944,-14.888988 -72.988892,-14.889038 -72.988815,-14.889055 -72.988776,-14.889075 -72.988751,-14.889101 -72.988716,-14.889123 -72.988693,-14.889131 -72.988638,-14.889192 -72.988626,-14.889195 -72.988591,-14.889231 -72.988564,-14.889292 -72.988503,-14.889356 -72.988481,-14.889368 -72.988403,-14.889377 -72.988366,-14.8894 -72.988357,-14.889416 -72.988334,-14.889426 -72.988281,-14.889484 -72.98825,-14.889494 -72.988194,-14.889583 -72.988154,-14.889617 -72.988077,-14.889662 -72.98805,-14.889703 -72.987983,-14.889734 -72.987937,-14.889767 -72.987923,-14.889786 -72.9879,-14.889798 -72.987896,-14.889812 -72.98786,-14.88983 -72.987769,-14.88994 -72.987755,-14.88995 -72.987733,-14.889953 -72.987717,-14.889967 -72.987697,-14.890018 -72.987672,-14.89004 -72.987668,-14.89006 -72.987653,-14.890074 -72.987613,-14.890094 -72.987561,-14.890106 -72.987454,-14.890185 -72.987396,-14.890218 -72.987348,-14.890274 -72.98733,-14.890349 -72.98727,-14.890405 -72.987249,-14.890412 -72.987214,-14.890442 -72.987194,-14.890445 -72.987169,-14.890473 -72.987061,-14.890521 -72.986972,-14.890572 -72.986771,-14.890736 -72.986713,-14.890758 -72.986616,-14.890766 -72.986584,-14.890792 -72.986542,-14.890842 -72.986524,-14.890853 -72.986493,-14.890854 -72.986481,-14.890865 -72.986464,-14.890864 -72.986451,-14.890882 -72.98639,-14.890916 -72.986362,-14.890943 -72.986307,-14.891019 -72.986271,-14.891031 -72.986214,-14.891079 -72.986149,-14.891092 -72.986117,-14.891113 -72.986077,-14.891122 -72.986018,-14.891167 -72.985955,-14.89123 -72.985878,-14.891288 -72.985835,-14.891341 -72.985766,-14.891391 -72.985643,-14.891538 -72.985604,-14.891558 -72.985559,-14.891623 -72.985511,-14.891656 -72.985506,-14.891681 -72.985456,-14.891738 -72.985441,-14.891787 -72.985391,-14.891873 -72.985367,-14.8919 -72.985336,-14.891968 -72.985284,-14.89202 -72.985245,-14.89208 -72.985234,-14.892132 -72.985196,-14.892211 -72.985141,-14.892271 -72.985114,-14.892289 -72.985075,-14.892343 -72.985027,-14.892382 -72.984995,-14.892438 -72.984969,-14.892532 -72.984915,-14.892652 -72.984889,-14.892731 -72.984862,-14.892764 -72.984825,-14.892878 -72.984807,-14.892899 -72.984754,-14.893005 -72.984733,-14.893072 -72.98473,-14.893136 -72.984704,-14.893177 -72.984684,-14.893244 -72.984641,-14.893295 -72.984637,-14.89331 -72.984602,-14.893338 -72.984595,-14.893356 -72.984565,-14.893361 -72.984559,-14.893378 -72.984486,-14.893453 -72.984406,-14.893585 -72.984371,-14.893613 -72.98434,-14.893666 -72.984323,-14.893672 -72.984292,-14.893701 -72.984253,-14.893779 -72.984248,-14.893822 -72.984225,-14.893894 -72.984199,-14.893937 -72.984174,-14.894011 -72.984128,-14.89407 -72.984109,-14.894127 -72.984085,-14.894159 -72.98408,-14.894184 -72.984046,-14.894222 -72.983986,-14.894265 -72.983956,-14.894307 -72.983943,-14.894363 -72.983925,-14.894381 -72.9839,-14.894375 -72.983889,-14.894383 -72.983844,-14.894365 -72.9838,-14.89436 -72.983777,-14.894339 -72.983761,-14.894339 -72.983626,-14.894293 -72.983586,-14.894287 -72.983573,-14.894279 -72.983562,-14.894258 -72.983544,-14.894253 -72.983498,-14.894278 -72.983481,-14.894317 -72.983457,-14.894332 -72.983434,-14.894369 -72.983426,-14.89441 -72.983429,-14.894449 -72.983389,-14.894548 -72.983373,-14.894563 -72.98333,-14.894635 -72.98331,-14.894635 -72.983273,-14.894658 -72.983251,-14.894696 -72.983224,-14.894713 -72.98318,-14.894767 -72.983146,-14.894795 -72.983101,-14.894908 -72.983098,-14.895022 -72.983057,-14.895096 -72.983052,-14.895173 -72.982998,-14.895226 -72.982946,-14.895307 -72.982896,-14.895343 -72.982862,-14.895389 -72.982793,-14.895421 -72.98278,-14.895444 -72.982706,-14.8955 -72.982693,-14.895523 -72.982595,-14.895609 -72.982561,-14.895664 -72.982513,-14.895717 -72.982455,-14.895763 -72.982426,-14.895802 -72.982379,-14.895895 -72.982371,-14.89592 -72.982373,-14.895952 -72.982352,-14.895988 -72.98235,-14.896039 -72.982328,-14.896074 -72.982314,-14.896121 -72.982294,-14.896154 -72.982218,-14.896231 -72.982193,-14.896278 -72.982144,-14.896313 -72.982085,-14.896413 -72.982011,-14.896496 -72.981988,-14.896596 -72.98199,-14.896619 -72.981905,-14.896796 -72.981846,-14.896883 -72.98184,-14.896934 -72.981818,-14.897011 -72.981784,-14.897079 -72.981784,-14.897247 -72.981772,-14.897268 -72.981741,-14.89738 -72.9817,-14.897459 -72.981656,-14.897647 -72.981599,-14.897765 -72.981592,-14.8978 -72.981542,-14.897885 -72.981534,-14.897953 -72.981505,-14.898016 -72.981503,-14.898089 -72.981476,-14.898168 -72.981476,-14.89819 -72.981424,-14.89834 -72.981399,-14.898377 -72.98138,-14.898444 -72.981357,-14.898484 -72.981334,-14.8986 -72.981332,-14.898655 -72.981241,-14.898805 -72.981227,-14.898882 -72.981216,-14.898904 -72.981167,-14.898961 -72.981116,-14.899105 -72.981046,-14.899258 -72.98103,-14.899333 -72.98101,-14.899378 -72.980996,-14.89947 -72.980968,-14.899556 -72.980959,-14.899647 -72.98095,-14.89967 -72.980954,-14.899758 -72.980934,-14.899803 -72.980934,-14.899836 -72.980947,-14.899884 -72.980946,-14.899934 -72.980954,-14.899973 -72.98095,-14.900015 -72.98093,-14.900081 -72.980929,-14.900122 -72.980904,-14.900207 -72.980902,-14.900274 -72.980878,-14.900359 -72.980883,-14.900518 -72.98087,-14.900532 -72.980849,-14.900588 -72.980835,-14.900605 -72.980832,-14.900664 -72.980822,-14.900701 -72.9808,-14.900734 -72.980794,-14.900785 -72.980785,-14.900799 -72.980788,-14.900834 -72.980776,-14.900914 -72.980722,-14.90106 -72.980714,-14.901095 -72.980713,-14.901167 -72.980695,-14.901235 -72.9807,-14.901265 -72.980682,-14.901369 -72.980634,-14.901435 -72.98063,-14.901457 -72.980638,-14.901514 -72.980575,-14.901663 -72.980579,-14.90171 -72.980565,-14.901749 -72.980572,-14.901818 -72.980551,-14.901894 -72.980548,-14.901937 -72.980521,-14.901963 -72.98052,-14.902052 -72.980507,-14.902108 -72.980479,-14.902122 -72.980409,-14.902189 -72.980381,-14.902267 -72.980335,-14.902331 -72.980336,-14.902387 -72.980328,-14.902397 -72.980341,-14.902409 -72.980339,-14.902424 -72.980308,-14.902479 -72.98029,-14.902489 -72.980282,-14.902508 -72.980292,-14.902584 -72.980266,-14.902647 -72.980252,-14.902721 -72.980262,-14.902818 -72.980246,-14.902915 -72.980247,-14.902979 -72.980236,-14.903014 -72.980244,-14.90307 -72.980238,-14.903093 -72.980247,-14.903163 -72.980244,-14.903204 -72.980256,-14.903224 -72.980261,-14.903267 -72.980291,-14.903348 -72.980311,-14.903382 -72.980305,-14.903535 -72.980315,-14.90361 -72.980328,-14.903649 -72.980321,-14.903687 -72.980324,-14.903717 -72.980335,-14.903754 -72.98038,-14.903845 -72.980385,-14.903918 -72.980407,-14.903987 -72.980419,-14.904071 -72.980408,-14.904126 -72.980394,-14.904149 -72.980403,-14.904173 -72.980386,-14.904213 -72.980376,-14.904267 -72.980402,-14.90432 -72.980403,-14.904352 -72.980414,-14.90438 -72.980403,-14.904508 -72.980383,-14.904591 -72.98038,-14.90467 -72.980327,-14.904756 -72.980268,-14.90482 -72.980234,-14.904878 -72.980227,-14.904896 -72.980238,-14.904934 -72.980218,-14.904984 -72.980231,-14.90499 -72.980199,-14.9051 -72.980199,-14.905122 -72.980187,-14.905128 -72.980165,-14.905173 -72.980132,-14.905203 -72.980101,-14.905241 -72.980099,-14.905261 -72.980075,-14.905283 -72.980057,-14.905359 -72.980061,-14.905372 -72.98005,-14.905436 -72.98005,-14.905496 -72.980036,-14.905555 -72.980024,-14.905575 -72.980022,-14.905613 -72.98,-14.905649 -72.979945,-14.905704 -72.979911,-14.905767 -72.979862,-14.905831 -72.97983,-14.905971 -72.979796,-14.906042 -72.979775,-14.906069 -72.979759,-14.906123 -72.979766,-14.906143 -72.979742,-14.906197 -72.979735,-14.906234 -72.979743,-14.906296 -72.979728,-14.906342 -72.979745,-14.906362 -72.979739,-14.906405 -72.979742,-14.906532 -72.979729,-14.906599 -72.979729,-14.906722 -72.979717,-14.906789 -72.979729,-14.906868 -72.979693,-14.906975 -72.979691,-14.907037 -72.979733,-14.907145 -72.979759,-14.907236 -72.979765,-14.907283 -72.979781,-14.907324 -72.979821,-14.907363 -72.979854,-14.907482 -72.979875,-14.907499 -72.979903,-14.907561 -72.979914,-14.907622 -72.979971,-14.907705 -72.979982,-14.907745 -72.980011,-14.907771 -72.980028,-14.907806 -72.980041,-14.907859 -72.980074,-14.907928 -72.980099,-14.908029 -72.980111,-14.908051 -72.980108,-14.908087 -72.980127,-14.908146 -72.98012,-14.908176 -72.980132,-14.908215 -72.980121,-14.908248 -72.980112,-14.908394 -72.980099,-14.908443 -72.980104,-14.908483 -72.980098,-14.908547 -72.980068,-14.908609 -72.980058,-14.908656 -72.980073,-14.908759 -72.980065,-14.908775 -72.980064,-14.908807 -72.980055,-14.90883 -72.980039,-14.908846 -72.980033,-14.908879 -72.980017,-14.908902 -72.98001,-14.908934 -72.980013,-14.908958 -72.98,-14.908982 -72.979995,-14.909014 -72.980003,-14.909075 -72.979988,-14.909098 -72.979973,-14.909145 -72.979975,-14.909161 -72.979956,-14.909203 -72.979948,-14.909251 -72.979917,-14.909295 -72.979898,-14.909394 -72.979905,-14.909412 -72.979899,-14.909435 -72.979908,-14.909452 -72.979913,-14.909495 -72.979908,-14.909529 -72.979913,-14.909559 -72.979955,-14.909652 -72.979965,-14.909719 -72.979987,-14.909757 -72.979998,-14.909814 -72.979998,-14.909903 -72.980019,-14.909969 -72.980015,-14.910065 -72.980039,-14.910134 -72.980024,-14.910187 -72.98002,-14.910242 -72.980035,-14.910307 -72.980028,-14.910349 -72.980043,-14.910404 -72.980041,-14.910466 -72.980054,-14.910539 -72.980047,-14.910624 -72.980054,-14.910665 -72.980045,-14.910682 -72.980043,-14.910745 -72.980034,-14.910765 -72.980052,-14.910789 -72.980058,-14.910812 -72.980048,-14.910843 -72.980049,-14.910927 -72.980067,-14.911017 -72.980048,-14.911231 -72.980063,-14.911295 -72.980075,-14.911313 -72.980083,-14.911322 -72.980089,-14.911308 -72.980107,-14.911312 -72.980107,-14.911315 -72.980118,-14.91132 -72.980119,-14.91132 -72.98012,-14.91132 -72.980121,-14.91132 -72.980122,-14.91132 -72.980122,-14.91132 -72.980122,-14.91132 -72.980122,-14.91132 -72.980122,-14.91132 -72.980122,-14.91132 -72.980122,-14.91132 -72.980122,-14.91132 -72.980122,-14.91132 -72.980122,-14.91132 -72.980122,-14.91132 -72.98007,-14.911341 -72.980107,-14.911343 -72.980121,-14.911325 -72.980127,-14.91132 -72.98013,-14.91133 -72.980125,-14.911328 -72.980127,-14.911327 -72.980126,-14.911319 -72.980123,-14.911318 -72.98012,-14.911319 -72.980121,-14.91132 -72.98012,-14.911322 -72.980108,-14.911323 -72.980104,-14.911327 -72.980105,-14.911324 -72.980113,-14.91132 -72.980119,-14.911321 -72.980119,-14.911321 -72.980119,-14.911321 -72.980119,-14.911321 -72.980119,-14.911321 -72.980119,-14.911322 -72.980118,-14.911323 -72.980117,-14.911325 -72.980115,-14.91133 -72.980111,-14.911343 -72.98007,-14.911395 -72.980057,-14.911445 -72.980065,-14.911469 -72.980035,-14.911567 -72.980032,-14.911637 -72.980061,-14.911732 -72.980059,-14.91177 -72.98005,-14.911791 -72.980082,-14.911929 -72.980082,-14.912001 -72.980092,-14.912072 -72.98007,-14.912109 -72.980041,-14.912232 -72.980035,-14.91229 -72.980048,-14.912499 -72.980046,-14.912587 -72.980036,-14.912631 -72.980057,-14.912721 -72.980054,-14.912901 -72.980119,-14.913055 -72.980115,-14.91308 -72.980126,-14.913129 -72.980148,-14.913168 -72.980159,-14.913216 -72.980182,-14.913264 -72.980199,-14.91338 -72.980224,-14.913444 -72.980249,-14.913556 -72.980296,-14.913667 -72.980306,-14.913729 -72.980336,-14.913787 -72.980375,-14.913938 -72.980421,-14.914025 -72.980437,-14.914077 -72.98044,-14.914092 -72.980416,-14.914164 -72.980436,-14.914218 -72.980413,-14.914266 -72.980414,-14.914307 -72.980444,-14.914382 -72.980486,-14.914429 -72.980518,-14.914541 -72.98056,-14.914589 -72.98056,-14.914635 -72.980574,-14.914684 -72.980608,-14.914715 -72.980593,-14.914772 -72.980622,-14.914863 -72.980626,-14.914922 -72.980619,-14.915 -72.980653,-14.9151 -72.980643,-14.915145 -72.980646,-14.915184 -72.980628,-14.915254 -72.980599,-14.915312 -72.980595,-14.915336 -72.980544,-14.915423 -72.980433,-14.915574 -72.98033,-14.9157 -72.980262,-14.915762 -72.980155,-14.915906 -72.980117,-14.915942 -72.980059,-14.916017 -72.980046,-14.916064 -72.979978,-14.916145 -72.979865,-14.91634 -72.979798,-14.916416 -72.979792,-14.91644 -72.979766,-14.916477 -72.979751,-14.91652 -72.979725,-14.916563 -72.979655,-14.916653 -72.979627,-14.916711 -72.979587,-14.916764 -72.979535,-14.916897 -72.979483,-14.916987 -72.979459,-14.917106 -72.979449,-14.917143 -72.979426,-14.917176 -72.979422,-14.917218 -72.979357,-14.917278 -72.979305,-14.917347 -72.979276,-14.91743 -72.979283,-14.917454 -72.979288,-14.91757 -72.979263,-14.917666 -72.979233,-14.91787 -72.979226,-14.91799 -72.979231,-14.918039 -72.979209,-14.918161 -72.979216,-14.918214 -72.979195,-14.918282 -72.979192,-14.91833 -72.9792,-14.918403 -72.979195,-14.91851 -72.979186,-14.918528 -72.979186,-14.918599 -72.979168,-14.918666 -72.979171,-14.918696 -72.979157,-14.918742 -72.979149,-14.918963 -72.979154,-14.919074 -72.979141,-14.919186 -72.979164,-14.919324 -72.979149,-14.919435 -72.979113,-14.919583 -72.979125,-14.919668 -72.979116,-14.919781 -72.979135,-14.919879 -72.979134,-14.919952 -72.979149,-14.920062 -72.97917,-14.920141 -72.979166,-14.920194 -72.979181,-14.920238 -72.9792,-14.920425 -72.979236,-14.920499 -72.979261,-14.920511 -72.979283,-14.920555 -72.979316,-14.920663 -72.979327,-14.920769 -72.979334,-14.92079 -72.979358,-14.920813 -72.979391,-14.920966 -72.979414,-14.921028 -72.979412,-14.921062 -72.979423,-14.921114 -72.979459,-14.921198 -72.979461,-14.921242 -72.979452,-14.92129 -72.979458,-14.921324 -72.979458,-14.92147 -72.979461,-14.921491 -72.979503,-14.921541 -72.979501,-14.921584 -72.979508,-14.921607 -72.979468,-14.921712 -72.979419,-14.921767 -72.979409,-14.921788 -72.979346,-14.921969 -72.979328,-14.922015 -72.979315,-14.922028 -72.979283,-14.922113 -72.979251,-14.922149 -72.979216,-14.922208 -72.979213,-14.922252 -72.97917,-14.922345 -72.979139,-14.922514 -72.979103,-14.922545 -72.979044,-14.922644 -72.979043,-14.922669 -72.979028,-14.922708 -72.978988,-14.922735 -72.978941,-14.922784 -72.978919,-14.92282 -72.978918,-14.922842 -72.978888,-14.922933 -72.97886,-14.922965 -72.978797,-14.923077 -72.978681,-14.92325 -72.978671,-14.923283 -72.97867,-14.923359 -72.978624,-14.923449 -72.978599,-14.923533 -72.978598,-14.923562 -72.978556,-14.923642 -72.978547,-14.923676 -72.978543,-14.923698 -72.978548,-14.923722 -72.978551,-14.923718 -72.978555,-14.92372 -72.978555,-14.923744 -72.978536,-14.923827 -72.978494,-14.923915 -72.97847,-14.923948 -72.978458,-14.923995 -72.978403,-14.924055 -72.97838,-14.924096 -72.978307,-14.924191 -72.978281,-14.924209 -72.978225,-14.924282 -72.97818,-14.924346 -72.978168,-14.924379 -72.978107,-14.924465 -72.978053,-14.924517 -72.977985,-14.924612 -72.977869,-14.924681 -72.977676,-14.924854 -72.977655,-14.924858 -72.977623,-14.924896 -72.977549,-14.924938 -72.977518,-14.924981 -72.977454,-14.925048 -72.977352,-14.925099 -72.977334,-14.925119 -72.977301,-14.925188 -72.977245,-14.925277 -72.977197,-14.925323 -72.977164,-14.925383 -72.977093,-14.925432 -72.977043,-14.925486 -72.976928,-14.925571 -72.97687,-14.925626 -72.976773,-14.925672 -72.976745,-14.925705 -72.9767,-14.925737 -72.97659,-14.925772 -72.976541,-14.925809 -72.976399,-14.925882 -72.976298,-14.925957 -72.976275,-14.925977 -72.976266,-14.925995 -72.976236,-14.926018 -72.976181,-14.926043 -72.976108,-14.926094 -72.976072,-14.926109 -72.976065,-14.926137 -72.976007,-14.926177 -72.975955,-14.926225 -72.975902,-14.926293 -72.975846,-14.92639 -72.975796,-14.926452 -72.975729,-14.926599 -72.975671,-14.926675 -72.975603,-14.92681 -72.975571,-14.926847 -72.975485,-14.926985 -72.97545,-14.927073 -72.975379,-14.927198 -72.975367,-14.927238 -72.975338,-14.927276 -72.975325,-14.92732 -72.975279,-14.927408 -72.975257,-14.927468 -72.975244,-14.927482 -72.975214,-14.927562 -72.975175,-14.927607 -72.975161,-14.927637 -72.975127,-14.927733 -72.975077,-14.927836 -72.975049,-14.927922 -72.975014,-14.927973 -72.974999,-14.928014 -72.974969,-14.928156 -72.974947,-14.928195 -72.974939,-14.92824 -72.97492,-14.928281 -72.974894,-14.928416 -72.974838,-14.928513 -72.974823,-14.92859 -72.97479,-14.928676 -72.974748,-14.928742 -72.974726,-14.928801 -72.974713,-14.928868 -72.974663,-14.928955 -72.974653,-14.928995 -72.974619,-14.929056 -72.974597,-14.929139 -72.974559,-14.92919 -72.97455,-14.929222 -72.974509,-14.929291 -72.97449,-14.929383 -72.974461,-14.92943 -72.97446,-14.929452 -72.974421,-14.929562 -72.974398,-14.929661 -72.974378,-14.929701 -72.974359,-14.929768 -72.974323,-14.929843 -72.974313,-14.929886 -72.974309,-14.929983 -72.974232,-14.930196 -72.974229,-14.930245 -72.974209,-14.930289 -72.974201,-14.93035 -72.974172,-14.93041 -72.974159,-14.930457 -72.974127,-14.930499 -72.974106,-14.930549 -72.974116,-14.930619 -72.974113,-14.930758 -72.974119,-14.930839 -72.974114,-14.930868 -72.974126,-14.930954 -72.974115,-14.931038 -72.974124,-14.931072 -72.974074,-14.931107 -72.974065,-14.931175 -72.974025,-14.931333 -72.974028,-14.931362 -72.973973,-14.931539 -72.973973,-14.93157 -72.97396,-14.931592 -72.973956,-14.931651 -72.973932,-14.931748 -72.973941,-14.931764 -72.973925,-14.931805 -72.973919,-14.931884 -72.973924,-14.931891 -72.973902,-14.93197 -72.973889,-14.932101 -72.973863,-14.93222 -72.973832,-14.932314 -72.973838,-14.93233 -72.973816,-14.932436 -72.973803,-14.932458 -72.9738,-14.932526 -72.973768,-14.932567 -72.973752,-14.932641 -72.973737,-14.93264 -72.97373,-14.932717 -72.9737,-14.932817 -72.973697,-14.932866 -72.973678,-14.932903 -72.973653,-14.932998 -72.973633,-14.933043 -72.973614,-14.933063 -72.9736,-14.933154 -72.973571,-14.933271 -72.973469,-14.933543 -72.973463,-14.933587 -72.973451,-14.933609 -72.973442,-14.933701 -72.9734,-14.933824 -72.973386,-14.933896 -72.973332,-14.933987 -72.973301,-14.934065 -72.973225,-14.934181 -72.973185,-14.934283 -72.97311,-14.934425 -72.973074,-14.934475 -72.973046,-14.934546 -72.972973,-14.93465 -72.972958,-14.934657 -72.972946,-14.934664 -72.972944,-14.934663 -72.97294,-14.934668 -72.972926,-14.934674 -72.972916,-14.934679 -72.972906,-14.934682 -72.972901,-14.934686 -72.972911,-14.934696 -72.972915,-14.934691 -72.972923,-14.934686 -72.972921,-14.934695 -72.972918,-14.934692 -72.972917,-14.934684 -72.97292,-14.934676 -72.972945,-14.934655 -72.972951,-14.934656 -72.972963,-14.934655 -72.972977,-14.934652 -72.973013,-14.934633 -72.973013,-14.934641 -72.973033,-14.934654 -72.97306,-14.934658 -72.973115,-14.934631 -72.973121,-14.934614 -72.973135,-14.934607 -72.973165,-14.934608 -72.97313,-14.934665 -72.973102,-14.934729 -72.973089,-14.934818 -72.97307,-14.93484 -72.97306,-14.934874 -72.97303,-14.934909 -72.972978,-14.93496 -72.972915,-14.935007 -72.972884,-14.935052 -72.97285,-14.935075 -72.972797,-14.93516 -72.972758,-14.935195 -72.972744,-14.935241 -72.972697,-14.935339 -72.972693,-14.935397 -72.972661,-14.935485 -72.972664,-14.935557 -72.972623,-14.935689 -72.972596,-14.935809 -72.972592,-14.935871 -72.972546,-14.936027 -72.972514,-14.936165 -72.972516,-14.936203 -72.972506,-14.936221 -72.972513,-14.936313 -72.97249,-14.936413 -72.972488,-14.936542 -72.9725,-14.936583 -72.97249,-14.936664 -72.972498,-14.936747 -72.972526,-14.936797 -72.972522,-14.936836 -72.972448,-14.936911 -72.97242,-14.937019 -72.972393,-14.937069 -72.972341,-14.93712 -72.972319,-14.937152 -72.972281,-14.937235 -72.972271,-14.937279 -72.972276,-14.937303 -72.972269,-14.937325 -72.972271,-14.93746 -72.972257,-14.937508 -72.972264,-14.937624 -72.972276,-14.937677 -72.972273,-14.937741 -72.972208,-14.937943 -72.972219,-14.93796 -72.972211,-14.938009 -72.972216,-14.938085 -72.972197,-14.938215 -72.972169,-14.93829 -72.972153,-14.938378 -72.972149,-14.938422 -72.972167,-14.938494 -72.972141,-14.93859 -72.972151,-14.938631 -72.97217,-14.938659 -72.972179,-14.9387 -72.972198,-14.938729 -72.972227,-14.938804 -72.972245,-14.938922 -72.97222,-14.939015 -72.972225,-14.939035 -72.97222,-14.939099 -72.972229,-14.939136 -72.972212,-14.93925 -72.972179,-14.939289 -72.972117,-14.939319 -72.972075,-14.93937 -72.972065,-14.939387 -72.972059,-14.939424 -72.972042,-14.939453 -72.972042,-14.939473 -72.972019,-14.93949 -72.971997,-14.939534 -72.971997,-14.939562 -72.971976,-14.939655 -72.971927,-14.939731 -72.971901,-14.93975 -72.971845,-14.939818 -72.971842,-14.939857 -72.971813,-14.939873 -72.971795,-14.939897 -72.971797,-14.939916 -72.971766,-14.939927 -72.971763,-14.939944 -72.971716,-14.939989 -72.971689,-14.940028 -72.971684,-14.94006 -72.971634,-14.940141 -72.971637,-14.940165 -72.971626,-14.940229 -72.971609,-14.940273 -72.971567,-14.94032 -72.971518,-14.940425 -72.971456,-14.940504 -72.971452,-14.940554 -72.971387,-14.940627 -72.971378,-14.940654 -72.971358,-14.940669 -72.971311,-14.940795 -72.97127,-14.940839 -72.971267,-14.94088 -72.971209,-14.94098 -72.971196,-14.941023 -72.971062,-14.941183 -72.971036,-14.941238 -72.970991,-14.941295 -72.97095,-14.941402 -72.970896,-14.94148 -72.970859,-14.941586 -72.970798,-14.941672 -72.970796,-14.941695 -72.970772,-14.941722 -72.970759,-14.94176 -72.970717,-14.941816 -72.970695,-14.94183 -72.970624,-14.94197 -72.970611,-14.942014 -72.970541,-14.942108 -72.970502,-14.942217 -72.970415,-14.94237 -72.970397,-14.942446 -72.970397,-14.942492 -72.970331,-14.942662 -72.97033,-14.942797 -72.970325,-14.942848 -72.970313,-14.942882 -72.970317,-14.942956 -72.970302,-14.943062 -72.97031,-14.943139 -72.970295,-14.943211 -72.97027,-14.943259 -72.970257,-14.943312 -72.970229,-14.943379 -72.970231,-14.943457 -72.970214,-14.94349 -72.970213,-14.943537 -72.970197,-14.943598 -72.970199,-14.943623 -72.970167,-14.943712 -72.970124,-14.943794 -72.970114,-14.94385 -72.97008,-14.943908 -72.970063,-14.943979 -72.970092,-14.94412 -72.97009,-14.944169 -72.970079,-14.944187 -72.970074,-14.944233 -72.970075,-14.944282 -72.970049,-14.944362 -72.969924,-14.944524 -72.969908,-14.944563 -72.969865,-14.94461 -72.969858,-14.944627 -72.969827,-14.944651 -72.969801,-14.944689 -72.969739,-14.944745 -72.969722,-14.94478 -72.969706,-14.944788 -72.96969,-14.944832 -72.969628,-14.944888 -72.969619,-14.944907 -72.969608,-14.944958 -72.969581,-14.945001 -72.969552,-14.945123 -72.969572,-14.945198 -72.969546,-14.945223 -72.969486,-14.945317 -72.969472,-14.945359 -72.969423,-14.945413 -72.969422,-14.945441 -72.9694,-14.945504 -72.969398,-14.945529 -72.969366,-14.945584 -72.969342,-14.945659 -72.969311,-14.945695 -72.96929,-14.945748 -72.96928,-14.945862 -72.969246,-14.945927 -72.969214,-14.946038 -72.969191,-14.946077 -72.969192,-14.946096 -72.969172,-14.946155 -72.96915,-14.946195 -72.969136,-14.946286 -72.969119,-14.946329 -72.969123,-14.946351 -72.969151,-14.946387 -72.969153,-14.946402 -72.969125,-14.946457 -72.969091,-14.946497 -72.969046,-14.946585 -72.969025,-14.9467 -72.968878,-14.947065 -72.968873,-14.947109 -72.968846,-14.947179 -72.968833,-14.94725 -72.968766,-14.947399 -72.968706,-14.947581 -72.968564,-14.947869 -72.968484,-14.948073 -72.968479,-14.948118 -72.968447,-14.948217 -72.968433,-14.948295 -72.968408,-14.948339 -72.968396,-14.948383 -72.968347,-14.94847 -72.968296,-14.948642 -72.968259,-14.948693 -72.968221,-14.948801 -72.968209,-14.948875 -72.968182,-14.948937 -72.968175,-14.949054 -72.96816,-14.949095 -72.968083,-14.94923 -72.968031,-14.949285 -72.967982,-14.949363 -72.967956,-14.949405 -72.96794,-14.94945 -72.967938,-14.949503 -72.967944,-14.949528 -72.967936,-14.949608 -72.967908,-14.949712 -72.967871,-14.9498 -72.967807,-14.950063 -72.967805,-14.950125 -72.967825,-14.950162 -72.967827,-14.950219 -72.967796,-14.950386 -72.967768,-14.950618 -72.967758,-14.950646 -72.96778,-14.950796 -72.967791,-14.950994 -72.967807,-14.951056 -72.967824,-14.95109 -72.967836,-14.951384 -72.967853,-14.951468 -72.967849,-14.951506 -72.967857,-14.951559 -72.967872,-14.951608 -72.967862,-14.951673 -72.967871,-14.951776 -72.967862,-14.951799 -72.967859,-14.951894 -72.967882,-14.951985 -72.967835,-14.952077 -72.967809,-14.952113 -72.967797,-14.952174 -72.967764,-14.952261 -72.96774,-14.952298 -72.967693,-14.952348 -72.967662,-14.952459 -72.967625,-14.952513 -72.96761,-14.952595 -72.967566,-14.952708 -72.967547,-14.952831 -72.967521,-14.952918 -72.967492,-14.952965 -72.967471,-14.953026 -72.967463,-14.953111 -72.967443,-14.953204 -72.967408,-14.953292 -72.967399,-14.953353 -72.967385,-14.953373 -72.967337,-14.953532 -72.96733,-14.953629 -72.967343,-14.953706 -72.967344,-14.954002 -72.967363,-14.954092 -72.967384,-14.954149 -72.967365,-14.954228 -72.967353,-14.954397 -72.967336,-14.954442 -72.967327,-14.954542 -72.9673,-14.954624 -72.967302,-14.954707 -72.967279,-14.954884 -72.96725,-14.954954 -72.967221,-14.954996 -72.967191,-14.955166 -72.967183,-14.955183 -72.967169,-14.955192 -72.967161,-14.955208 -72.967162,-14.955228 -72.96713,-14.955283 -72.967089,-14.955332 -72.967037,-14.955373 -72.967017,-14.955409 -72.967009,-14.955437 -72.967011,-14.955487 -72.967004,-14.955531 -72.966966,-14.955634 -72.966894,-14.955715 -72.966872,-14.955751 -72.966808,-14.955803 -72.966788,-14.955899 -72.966769,-14.955945 -72.966694,-14.956023 -72.966481,-14.956129 -72.966383,-14.956228 -72.966281,-14.956299 -72.96626,-14.95633 -72.96625,-14.956383 -72.966175,-14.956452 -72.96617,-14.95649 -72.966108,-14.956542 -72.966104,-14.956585 -72.966068,-14.956651 -72.966064,-14.956695 -72.966007,-14.956781 -72.965991,-14.956819 -72.965991,-14.956854 -72.965976,-14.956901 -72.96598,-14.956942 -72.965953,-14.957049 -72.965957,-14.957166 -72.965948,-14.957205 -72.965984,-14.957301 -72.965998,-14.95744 -72.965961,-14.957541 -72.965922,-14.957618 -72.965905,-14.957713 -72.96593,-14.957837 -72.965925,-14.957895 -72.965934,-14.957907 -72.965976,-14.957913 -72.965998,-14.957942 -72.965999,-14.957959 -72.965976,-14.958006 -72.965949,-14.958029 -72.965912,-14.958042 -72.965845,-14.958137 -72.96584,-14.958164 -72.965797,-14.958216 -72.965759,-14.958241 -72.965714,-14.958293 -72.965679,-14.958314 -72.96563,-14.958335 -72.965615,-14.958331 -72.965568,-14.958357 -72.965552,-14.958356 -72.965491,-14.958375 -72.965483,-14.958391 -72.965492,-14.958419 -72.965486,-14.958429 -72.965475,-14.958439 -72.965467,-14.958437 -72.965431,-14.958473 -72.965266,-14.958549 -72.965249,-14.958563 -72.965183,-14.958588 -72.965151,-14.958655 -72.965069,-14.958742 -72.965009,-14.958838 -72.964983,-14.95885 -72.964949,-14.95889 -72.964917,-14.958899 -72.964831,-14.958984 -72.964691,-14.959073 -72.964665,-14.959127 -72.964503,-14.959292 -72.964475,-14.959335 -72.96439,-14.959407 -72.964321,-14.959493 -72.964269,-14.959537 -72.964239,-14.959573 -72.96415,-14.95963 -72.964127,-14.95968 -72.964089,-14.959713 -72.964076,-14.959738 -72.964052,-14.959762 -72.964004,-14.95988 -72.963942,-14.959934 -72.963911,-14.959986 -72.963861,-14.960028 -72.963803,-14.960091 -72.963733,-14.9602 -72.963613,-14.960326 -72.96357,-14.96036 -72.963539,-14.9604 -72.963502,-14.960426 -72.963369,-14.960586 -72.963325,-14.960611 -72.963278,-14.960668 -72.963213,-14.960718 -72.963158,-14.960774 -72.96315,-14.960802 -72.963156,-14.96084 -72.963149,-14.960875 -72.963137,-14.960889 -72.963077,-14.960906 -72.963014,-14.960944 -72.962936,-14.961007 -72.962935,-14.961017 -72.96285,-14.961114 -72.962708,-14.961244 -72.962696,-14.961273 -72.962562,-14.961458 -72.962541,-14.961479 -72.962529,-14.961478 -72.962498,-14.961502 -72.962459,-14.961546 -72.962404,-14.961578 -72.962268,-14.96163 -72.962167,-14.961674 -72.962113,-14.961708 -72.961998,-14.961753 -72.961895,-14.961823 -72.961782,-14.961922 -72.961673,-14.961999 -72.961582,-14.962023 -72.961543,-14.962051 -72.961501,-14.962057 -72.961398,-14.962098 -72.961307,-14.962119 -72.96126,-14.962152 -72.961179,-14.962173 -72.961074,-14.962216 -72.96104,-14.962222 -72.960929,-14.962288 -72.960902,-14.962315 -72.960898,-14.962332 -72.960905,-14.962332 -72.960851,-14.962377 -72.9608,-14.962439 -72.960704,-14.962501 -72.96065,-14.962557 -72.960558,-14.962605 -72.960524,-14.962614 -72.960502,-14.962634 -72.960441,-14.96266 -72.960379,-14.96271 -72.960283,-14.962734 -72.960229,-14.962775 -72.960192,-14.962791 -72.960071,-14.96289 -72.959899,-14.96299 -72.959857,-14.963048 -72.959773,-14.963126 -72.959683,-14.963225 -72.959599,-14.963281 -72.959572,-14.963313 -72.959479,-14.963377 -72.95944,-14.963393 -72.959303,-14.963505 -72.959259,-14.963565 -72.959062,-14.963778 -72.959036,-14.963825 -72.958975,-14.9639 -72.958962,-14.963922 -72.95896,-14.963942 -72.958889,-14.964043 -72.958835,-14.964091 -72.958821,-14.964113 -72.958806,-14.964116 -72.958737,-14.964206 -72.958668,-14.964244 -72.958599,-14.964338 -72.958525,-14.964404 -72.9585,-14.964451 -72.958403,-14.964569 -72.958407,-14.964578 -72.958394,-14.964601 -72.958365,-14.964625 -72.958351,-14.96466 -72.958325,-14.96469 -72.958312,-14.964718 -72.958287,-14.964738 -72.958247,-14.96479 -72.958208,-14.964855 -72.958152,-14.964918 -72.958067,-14.964996 -72.958054,-14.965029 -72.958019,-14.965062 -72.958002,-14.96509 -72.958003,-14.965109 -72.957988,-14.965141 -72.957955,-14.965182 -72.957806,-14.965294 -72.957768,-14.965348 -72.957687,-14.965389 -72.957579,-14.96551 -72.957554,-14.965525 -72.957542,-14.965552 -72.957494,-14.965597 -72.957482,-14.965628 -72.957435,-14.965667 -72.957418,-14.965692 -72.957394,-14.965711 -72.957393,-14.96572 -72.957341,-14.965753 -72.957296,-14.96581 -72.957262,-14.965838 -72.957118,-14.965921 -72.957069,-14.965963 -72.957035,-14.965979 -72.956999,-14.966012 -72.956928,-14.966055 -72.956901,-14.966088 -72.956898,-14.966124 -72.956876,-14.966145 -72.956855,-14.966152 -72.956766,-14.966219 -72.956724,-14.966239 -72.956644,-14.966305 -72.956608,-14.966326 -72.956576,-14.966366 -72.956553,-14.966415 -72.956528,-14.966443 -72.956526,-14.966459 -72.956498,-14.966506 -72.956452,-14.966533 -72.95644,-14.966548 -72.956432,-14.966582 -72.956358,-14.966662 -72.956347,-14.966691 -72.956354,-14.966752 -72.95634,-14.966786 -72.956333,-14.966894 -72.956325,-14.96692 -72.95633,-14.967022 -72.95632,-14.967117 -72.956333,-14.96715 -72.956337,-14.967191 -72.956334,-14.967243 -72.95634,-14.967283 -72.956334,-14.967358 -72.956339,-14.967374 -72.956348,-14.967378 -72.956367,-14.967366 -72.956367,-14.967366 -72.956368,-14.967366 -72.956349,-14.967472 -72.956351,-14.967511 -72.956323,-14.967585 -72.956324,-14.967605 -72.956341,-14.967619 -72.956316,-14.96768 -72.956334,-14.967722 -72.956338,-14.967768 -72.95635,-14.96779 -72.95635,-14.967806 -72.956307,-14.967909 -72.956296,-14.967971 -72.956278,-14.968012 -72.95625,-14.96805 -72.956243,-14.968088 -72.956248,-14.968107 -72.95623,-14.968137 -72.956231,-14.968155 -72.956244,-14.96816 -72.956194,-14.968294 -72.956148,-14.968376 -72.956135,-14.968424 -72.956102,-14.96873 -72.956077,-14.968777 -72.95605,-14.968876 -72.956047,-14.968938 -72.956055,-14.968966 -72.956027,-14.969044 -72.95602,-14.969094 -72.956028,-14.969169 -72.956014,-14.969236 -72.956011,-14.969308 -72.956024,-14.969394 -72.956025,-14.969488 -72.956066,-14.969572 -72.956062,-14.969616 -72.956073,-14.969653 -72.956075,-14.969694 -72.956112,-14.969783 -72.956115,-14.969833 -72.956138,-14.969927 -72.956158,-14.97012 -72.956158,-14.970135 -72.956155,-14.970151 -72.956154,-14.970153 -72.956175,-14.97027 -72.956163,-14.97034 -72.956168,-14.970408 -72.95615,-14.970475 -72.956152,-14.970608 -72.95612,-14.970712 -72.956099,-14.970835 -72.956071,-14.970944 -72.956077,-14.97099 -72.95607,-14.971029 -72.956082,-14.971133 -72.956066,-14.971185 -72.956092,-14.971233 -72.95611,-14.971244 -72.956125,-14.971251 -72.956156,-14.97126 -72.956111,-14.971269 -72.956124,-14.971251 -72.956166,-14.971245 -72.956216,-14.97129 -72.956248,-14.971343 -72.956268,-14.971356 -72.956285,-14.971356 -72.956287,-14.971356 -72.956266,-14.971328 -72.95627,-14.97131 -72.956266,-14.971289 -72.956266,-14.971286 -72.956265,-14.971286 -72.956265,-14.971286 -72.956265,-14.971286 -72.956265,-14.971286 -72.956265,-14.971286 -72.956265,-14.971286 -72.956265,-14.971286 -72.956265,-14.971286 -72.956274,-14.971292 -72.95628,-14.971299 -72.956275,-14.971294 -72.956258,-14.971274 -72.956243,-14.971269 -72.956218,-14.971283 -72.956212,-14.971289 -72.956204,-14.971294 -72.956202,-14.971293 -72.956202,-14.971293 -72.956202,-14.971293 -72.956202,-14.971293 -72.956202,-14.971293 -72.956202,-14.971293 -72.956202,-14.971293 -72.956202,-14.971293 -72.956202,-14.971293 -72.956202,-14.971293 -72.956202,-14.971293 -72.956202,-14.971293 -72.956202,-14.971293 -72.956202,-14.971293 -72.956202,-14.971293 -72.956202,-14.971293 -72.956202,-14.971293 -72.956202,-14.971293 -72.956202,-14.971293 -72.956202,-14.971293 -72.956202,-14.971293 -72.956202,-14.971293 -72.956202,-14.971292 -72.956202,-14.971292 -72.956202,-14.971292 -72.956202,-14.971292 -72.956202,-14.971292 -72.956202,-14.971292 -72.956202,-14.971292 -72.956202,-14.971292 -72.956202,-14.971292 -72.956202,-14.971292 -72.956202,-14.971292 -72.956202,-14.971292 -72.956202,-14.971292 -72.956202,-14.971292 -72.956202,-14.971292 -72.956202,-14.971292 -72.956202,-14.971292 -72.956202,-14.971292 -72.956202,-14.971292 -72.956202,-14.971292 -72.956202,-14.971292 -72.956202,-14.971292 -72.956202,-14.971292 -72.956202,-14.971292 -72.956202,-14.971291 -72.956202,-14.971291 -72.956201,-14.971291 -72.956201,-14.971293 -72.956201,-14.971293 -72.956204,-14.971292 -72.956219,-14.971291 -72.956237,-14.971289 -72.956254,-14.971286 -72.956262,-14.971276 -72.956269,-14.971274 -72.956269,-14.97128 -72.956265,-14.971294 -72.956261,-14.971315 -72.956271,-14.971352 -72.956268,-14.971411 -72.95624,-14.97152 -72.956265,-14.971591 -72.956265,-14.971632 -72.956254,-14.97174 -72.956237,-14.971796 -72.956237,-14.971843 -72.956301,-14.971901 -72.956314,-14.971922 -72.956362,-14.971961 -72.956447,-14.972067 -72.956523,-14.972148 -72.956567,-14.972176 -72.956606,-14.972216 -72.956664,-14.972242 -72.956696,-14.972272 -72.956891,-14.972518 -72.956954,-14.972583 -72.956965,-14.972605 -72.956969,-14.972688 -72.956982,-14.972718 -72.956978,-14.972732 -72.957,-14.972767 -72.957089,-14.972856 -72.957182,-14.972932 -72.957293,-14.97307 -72.957408,-14.973186 -72.957421,-14.973255 -72.95745,-14.973295 -72.957461,-14.973332 -72.957488,-14.973514 -72.957509,-14.973562 -72.957571,-14.973639 -72.957747,-14.973786 -72.957792,-14.973835 -72.957804,-14.973887 -72.957832,-14.973932 -72.958034,-14.974148 -72.958114,-14.974241 -72.958137,-14.974283 -72.958174,-14.974326 -72.958307,-14.97456 -72.958338,-14.97466 -72.958378,-14.974734 -72.958378,-14.974762 -72.958394,-14.974801 -72.958408,-14.97487 -72.958488,-14.975058 -72.95853,-14.975125 -72.958606,-14.97522 -72.95862,-14.975284 -72.958614,-14.975299 -72.958579,-14.975318 -72.958541,-14.975358 -72.958517,-14.975396 -72.958454,-14.975466 -72.958431,-14.975536 -72.958373,-14.975607 -72.958308,-14.975714 -72.958283,-14.975743 -72.95826,-14.97581 -72.95822,-14.975845 -72.958196,-14.975889 -72.958152,-14.975928 -72.95813,-14.975994 -72.958091,-14.976059 -72.958076,-14.97613 -72.958054,-14.976153 -72.957997,-14.976261 -72.957972,-14.976347 -72.957965,-14.976416 -72.957984,-14.976455 -72.958048,-14.976494 -72.95818,-14.976626 -72.958265,-14.976668 -72.958314,-14.976709 -72.95839,-14.976758 -72.958425,-14.976796 -72.9585,-14.976835 -72.958545,-14.976892 -72.958577,-14.976919 -72.958636,-14.976959 -72.958654,-14.976963 -72.958668,-14.97701 -72.958666,-14.977035 -72.95862,-14.977123 -72.958493,-14.977261 -72.958475,-14.97729 -72.958468,-14.977319 -72.958419,-14.977361 -72.958399,-14.977401 -72.958258,-14.977513 -72.958194,-14.97758 -72.95817,-14.977618 -72.958123,-14.977724 -72.958129,-14.977848 -72.958122,-14.977887 -72.958152,-14.977989 -72.958189,-14.97805 -72.958208,-14.978115 -72.958275,-14.978199 -72.958315,-14.978282 -72.958322,-14.978348 -72.958308,-14.978441 -72.958316,-14.978476 -72.958313,-14.978493 -72.958252,-14.978597 -72.958214,-14.978727 -72.958222,-14.978754 -72.958162,-14.978792 -72.958151,-14.978828 -72.95812,-14.97887 -72.9581,-14.978929 -72.958054,-14.978977 -72.958047,-14.978995 -72.958049,-14.979018 -72.958072,-14.979064 -72.958063,-14.979087 -72.958112,-14.979161 -72.958101,-14.979185 -72.958121,-14.979224 -72.958086,-14.97927 -72.958072,-14.979273 -72.958056,-14.979262 -72.95804,-14.979279 -72.957982,-14.979387 -72.957908,-14.979458 -72.957884,-14.979499 -72.957873,-14.979546 -72.957881,-14.979581 -72.957932,-14.979657 -72.957938,-14.979695 -72.958006,-14.979845 -72.958168,-14.980032 -72.958198,-14.980119 -72.958209,-14.980176 -72.958259,-14.980297 -72.958267,-14.980375 -72.958318,-14.980503 -72.958343,-14.980617 -72.958391,-14.980701 -72.958401,-14.980791 -72.958404,-14.980787 -72.958434,-14.98085 -72.958445,-14.980915 -72.958466,-14.980952 -72.95849,-14.980977 -72.958494,-14.981007 -72.958523,-14.981075 -72.958645,-14.98133 -72.958718,-14.981421 -72.958792,-14.981576 -72.958814,-14.98178 -72.958808,-14.98187 -72.958795,-14.981913 -72.958779,-14.982054 -72.958773,-14.982168 -72.958793,-14.982276 -72.958791,-14.982346 -72.958744,-14.982501 -72.958724,-14.982532 -72.958717,-14.982585 -72.958642,-14.982682 -72.95858,-14.982835 -72.958566,-14.982902 -72.958531,-14.982962 -72.958498,-14.983109 -72.958448,-14.983203 -72.958438,-14.98326 -72.958424,-14.983289 -72.958425,-14.983332 -72.958408,-14.983366 -72.958408,-14.983387 -72.95838,-14.983474 -72.958339,-14.983551 -72.958321,-14.983612 -72.958302,-14.983624 -72.958238,-14.983768 -72.958235,-14.983788 -72.958223,-14.983796 -72.958189,-14.983858 -72.958165,-14.983983 -72.958148,-14.984017 -72.958138,-14.984072 -72.958129,-14.984077 -72.958118,-14.984146 -72.958096,-14.984201 -72.958072,-14.984241 -72.958058,-14.984285 -72.95804,-14.984302 -72.958011,-14.984394 -72.957992,-14.98442 -72.957954,-14.984527 -72.957914,-14.984608 -72.957903,-14.984628 -72.957896,-14.984626 -72.957831,-14.984768 -72.9578,-14.98479 -72.957796,-14.984819 -72.957764,-14.984853 -72.957742,-14.984892 -72.957732,-14.984948 -72.957708,-14.984985 -72.957694,-14.985043 -72.957667,-14.985102 -72.957669,-14.985173 -72.95764,-14.985242 -72.957619,-14.985329 -72.957587,-14.985411 -72.957589,-14.985475 -72.957573,-14.985502 -72.957579,-14.985524 -72.957565,-14.985563 -72.957566,-14.985608 -72.957543,-14.985654 -72.957513,-14.985758 -72.957494,-14.985791 -72.957429,-14.986077 -72.957423,-14.986092 -72.957407,-14.986104 -72.957409,-14.986139 -72.957399,-14.98618 -72.957409,-14.98622 -72.957409,-14.986315 -72.957423,-14.986384 -72.957441,-14.986417 -72.957447,-14.986545 -72.957462,-14.986613 -72.95745,-14.986648 -72.957459,-14.986663 -72.957463,-14.986715 -72.957457,-14.986772 -72.957492,-14.986923 -72.95752,-14.986976 -72.95754,-14.98706 -72.957545,-14.98715 -72.957555,-14.987192 -72.957549,-14.987238 -72.957535,-14.987275 -72.957529,-14.987338 -72.957495,-14.987391 -72.957429,-14.987605 -72.95739,-14.987677 -72.957355,-14.987787 -72.957352,-14.987819 -72.957394,-14.987924 -72.95741,-14.987986 -72.957459,-14.988052 -72.95757,-14.988256 -72.95762,-14.988316 -72.95765,-14.988368 -72.957791,-14.988526 -72.957901,-14.988609 -72.957947,-14.988656 -72.958004,-14.988688 -72.958065,-14.988757 -72.958143,-14.988821 -72.958324,-14.988942 -72.958344,-14.98896 -72.958382,-14.989018 -72.958425,-14.989033 -72.958486,-14.989078 -72.958592,-14.989113 -72.958611,-14.98913 -72.958655,-14.989147 -72.95871,-14.989199 -72.958744,-14.989214 -72.958964,-14.989366 -72.958981,-14.98939 -72.95907,-14.989432 -72.959174,-14.989528 -72.959214,-14.989539 -72.959219,-14.989533 -72.959323,-14.989603 -72.959355,-14.98962 -72.959361,-14.989617 -72.959478,-14.989743 -72.959654,-14.989887 -72.959704,-14.989943 -72.959764,-14.989995 -72.959815,-14.990031 -72.959843,-14.99004 -72.959843,-14.99005 -72.959859,-14.990061 -72.959853,-14.990059 -72.959909,-14.99009 -72.959948,-14.990126 -72.959973,-14.990141 -72.959992,-14.990159 -72.960007,-14.99017 -72.960027,-14.990176 -72.960052,-14.990198 -72.960068,-14.990203 -72.960113,-14.990232 -72.960123,-14.990236 -72.960126,-14.990237 -72.960126,-14.990238 -72.960127,-14.990237 -72.960128,-14.990241 -72.960129,-14.990252 -72.960128,-14.99026 -72.960127,-14.990261 -72.960127,-14.990261 -72.960122,-14.990259 -72.960108,-14.990253 -72.960102,-14.990245 -72.960096,-14.990234 -72.960097,-14.990223 -72.960081,-14.990213 -72.960063,-14.990236 -72.960054,-14.990237 -72.960039,-14.990227 -72.96004,-14.990213 -72.960037,-14.990197 -72.960029,-14.99019 -72.960015,-14.990208 -72.959998,-14.99022 -72.959982,-14.990213 -72.959971,-14.990196 -72.959967,-14.990159 -72.959979,-14.990144 -72.959988,-14.990128 -72.960016,-14.990122 -72.960054,-14.990147 -72.960091,-14.990187 -72.960114,-14.990229 -72.960118,-14.99025 -72.96013,-14.990272 -72.960149,-14.990292 -72.960163,-14.990301 -72.960177,-14.990298 -72.960181,-14.990261 -72.960172,-14.990246 -72.960131,-14.990248 -72.960105,-14.990244 -72.960089,-14.990233 -72.960063,-14.990265 -72.960042,-14.990317 -72.960025,-14.990328 -72.959975,-14.99028 -72.959956,-14.990234 -72.95996,-14.990218 -72.959969,-14.990214 -72.960021,-14.990206 -72.960063,-14.990242 -72.960084,-14.990262 -72.960093,-14.990269 -72.960125,-14.990321 -72.960182,-14.990345 -72.960229,-14.99036 -72.960244,-14.990329 -72.960258,-14.990323 -72.960256,-14.990352 -72.96027,-14.990351 -72.960255,-14.990542 -72.960241,-14.990571 -72.960217,-14.990592 -72.960198,-14.990623 -72.960201,-14.990658 -72.960191,-14.990705 -72.960199,-14.990791 -72.960216,-14.990816 -72.960251,-14.990917 -72.960247,-14.990956 -72.960261,-14.990992 -72.960234,-14.99105 -72.960245,-14.991201 -72.960239,-14.991349 -72.96025,-14.991417 -72.960271,-14.991471 -72.960295,-14.991568 -72.960293,-14.991662 -72.960307,-14.991696 -72.960308,-14.991726 -72.960356,-14.99182 -72.960361,-14.991865 -72.960398,-14.991967 -72.960463,-14.992064 -72.960506,-14.992114 -72.960552,-14.992215 -72.960568,-14.992302 -72.960671,-14.99249 -72.96076,-14.992615 -72.960805,-14.992713 -72.960889,-14.992808 -72.960946,-14.992901 -72.961014,-14.992985 -72.961056,-14.993062 -72.961098,-14.993104 -72.961153,-14.993191 -72.961271,-14.993315 -72.961306,-14.993371 -72.961525,-14.993538 -72.961631,-14.993642 -72.961721,-14.993708 -72.961761,-14.993752 -72.961792,-14.993766 -72.961819,-14.993789 -72.961924,-14.993895 -72.961963,-14.993924 -72.961989,-14.993963 -72.962089,-14.994026 -72.96214,-14.994071 -72.962228,-14.994132 -72.962311,-14.994225 -72.962414,-14.994323 -72.962502,-14.994394 -72.962594,-14.994421 -72.962623,-14.994389 -72.962627,-14.994418 -72.962612,-14.994481 -72.962744,-14.99454 -72.962917,-14.994636 -72.963126,-14.994725 -72.96326,-14.994814 -72.963289,-14.994826 -72.963335,-14.994868 -72.963406,-14.994905 -72.963447,-14.994942 -72.963482,-14.994993 -72.963547,-14.995057 -72.963588,-14.995082 -72.963732,-14.995197 -72.96381,-14.995273 -72.963891,-14.995369 -72.96391,-14.995405 -72.96396,-14.995458 -72.963989,-14.995533 -72.964129,-14.995828 -72.964204,-14.99593 -72.964233,-14.995984 -72.964294,-14.996138 -72.964383,-14.996316 -72.964402,-14.996339 -72.964419,-14.996383 -72.96438,-14.996393 -72.964367,-14.996411 -72.964346,-14.996416 -72.964338,-14.996426 -72.964342,-14.996437 -72.964402,-14.99641 -72.964408,-14.996413 -72.96441,-14.996413 -72.96439,-14.996417 -72.964398,-14.996426 -72.964393,-14.996453 -72.964476,-14.996438 -72.964523,-14.996453 -72.964546,-14.996448 -72.964568,-14.996471 -72.9646,-14.996475 -72.964636,-14.996525 -72.964738,-14.996617 -72.96475,-14.996652 -72.9648,-14.996719 -72.96486,-14.996828 -72.964937,-14.996913 -72.964936,-14.99694 -72.964944,-14.996961 -72.964977,-14.997003 -72.965023,-14.997111 -72.965128,-14.997258 -72.965241,-14.99746 -72.965306,-14.99764 -72.96534,-14.997711 -72.965362,-14.997828 -72.965414,-14.997956 -72.965449,-14.998102 -72.965575,-14.998363 -72.965609,-14.99847 -72.965671,-14.998587 -72.965709,-14.998634 -72.965753,-14.998707 -72.965773,-14.998721 -72.965791,-14.998788 -72.965836,-14.998874 -72.965856,-14.99893 -72.965897,-14.998978 -72.965906,-14.999021 -72.965923,-14.999057 -72.965925,-14.999074 -72.965918,-14.999084 -72.965881,-14.999108 -72.965878,-14.999128 -72.965865,-14.999138 -72.965872,-14.999181 -72.965862,-14.999188 -72.965862,-14.999205 -72.965876,-14.999279 -72.96587,-14.999428 -72.96588,-14.999511 -72.965896,-14.999555 -72.965911,-14.999655 -72.965925,-14.999698 -72.965919,-14.99973 -72.965928,-14.999766 -72.965962,-14.999821 -72.965975,-14.999868 -72.965965,-14.999928 -72.965874,-15.000107 -72.965849,-15.000172 -72.965845,-15.000245 -72.965857,-15.00034 -72.965853,-15.000354 -72.965878,-15.000409 -72.965829,-15.000612 -72.965797,-15.000653 -72.965756,-15.000761 -72.965752,-15.000912 -72.965737,-15.000994 -72.965743,-15.001095 -72.965728,-15.001167 -72.965729,-15.001203 -72.96576,-15.001299 -72.965762,-15.001326 -72.965749,-15.001387 -72.965725,-15.001422 -72.965713,-15.00147 -72.965646,-15.001554 -72.965626,-15.001597 -72.965597,-15.00176 -72.965603,-15.001801 -72.965623,-15.001848 -72.965637,-15.001858 -72.965638,-15.001882 -72.965625,-15.001928 -72.965556,-15.00203 -72.965548,-15.002053 -72.965565,-15.002091 -72.965553,-15.002119 -72.965556,-15.002139 -72.965537,-15.002246 -72.965546,-15.002286 -72.965542,-15.002371 -72.96557,-15.002401 -72.965637,-15.002555 -72.965732,-15.00269 -72.96578,-15.002797 -72.965832,-15.00286 -72.965877,-15.002933 -72.965894,-15.003047 -72.965915,-15.003094 -72.965924,-15.003154 -72.965935,-15.003178 -72.965928,-15.003281 -72.965938,-15.003328 -72.965936,-15.003411 -72.965951,-15.003466 -72.965966,-15.003585 -72.965943,-15.003665 -72.965972,-15.003784 -72.965949,-15.003819 -72.965918,-15.003993 -72.965927,-15.004054 -72.96595,-15.004118 -72.965963,-15.004207 -72.96598,-15.004251 -72.965985,-15.004288 -72.966022,-15.00437 -72.966047,-15.004404 -72.966062,-15.004518 -72.966018,-15.00469 -72.966027,-15.00476 -72.965997,-15.004861 -72.965978,-15.004875 -72.965906,-15.004961 -72.965871,-15.005059 -72.96583,-15.005099 -72.965771,-15.005133 -72.965762,-15.005143 -72.965757,-15.005172 -72.965723,-15.005193 -72.965709,-15.005227 -72.965716,-15.005267 -72.965746,-15.00528 -72.9657640119343,-15.0052952408682</coordinates></LineString></MultiGeometry>
  </Placemark>
  <Placemark id="Route.15">
	<name>30 julio</name>
	<description>&lt;b&gt;Descripción:&lt;/b&gt; Vuelta&lt;br&gt;&lt;b&gt;Inicio:&lt;/b&gt; 2007-07-30 06:07:04&lt;br&gt;&lt;b&gt;Fin:&lt;/b&gt; 2007-07-30 10:21:12&lt;br&gt;&lt;b&gt;Duración:&lt;/b&gt; 4.2 horas&lt;br&gt;</description>
	<Style><LineStyle><color>FF1c1ae3</color><width>4.25196</width></LineStyle><PolyStyle><fill>0</fill></PolyStyle></Style>
	<ExtendedData><SchemaData schemaUrl="#Route">
		<SimpleData name="fid">5</SimpleData>
		<SimpleData name="duracion">4.24</SimpleData>
		<SimpleData name="inicio_local">2007-07-30 06:07:04</SimpleData>
		<SimpleData name="fin_local">2007-07-30 10:21:12</SimpleData>
		<SimpleData name="nombre">30 julio</SimpleData>
		<SimpleData name="descrip">Vuelta</SimpleData>
	</SchemaData></ExtendedData>
      <MultiGeometry><LineString><coordinates>-72.9656580676115,-15.0052490244688 -72.965667,-15.005244 -72.965712,-15.005191 -72.96571,-15.00518 -72.965746,-15.005146 -72.965813,-15.005137 -72.965976,-15.005142 -72.966043,-15.005152 -72.966052,-15.005151 -72.966055,-15.005138 -72.966059,-15.005167 -72.966089,-15.005197 -72.966184,-15.005388 -72.966214,-15.005484 -72.966247,-15.005557 -72.96624,-15.005618 -72.966244,-15.005653 -72.966269,-15.005723 -72.966266,-15.005879 -72.966289,-15.005935 -72.966311,-15.006047 -72.966308,-15.006072 -72.966322,-15.006163 -72.966316,-15.006301 -72.966309,-15.006321 -72.966315,-15.006343 -72.96631,-15.006413 -72.966297,-15.006477 -72.966285,-15.006496 -72.966284,-15.006535 -72.966272,-15.006554 -72.966275,-15.006575 -72.966256,-15.006718 -72.966259,-15.006876 -72.966241,-15.006944 -72.96624,-15.006997 -72.966253,-15.007023 -72.966224,-15.007125 -72.966209,-15.00714 -72.966196,-15.007176 -72.966165,-15.007289 -72.96609,-15.007476 -72.966027,-15.007576 -72.965985,-15.007623 -72.965878,-15.007794 -72.96584,-15.00788 -72.965791,-15.007953 -72.965697,-15.008126 -72.965682,-15.008148 -72.965652,-15.008169 -72.965626,-15.008226 -72.965565,-15.008301 -72.965524,-15.008375 -72.965491,-15.00846 -72.965464,-15.008491 -72.965401,-15.008608 -72.96528,-15.008794 -72.96525,-15.008884 -72.965213,-15.00908 -72.96517,-15.009167 -72.965165,-15.009204 -72.965153,-15.009229 -72.965148,-15.009335 -72.965123,-15.009373 -72.965098,-15.00947 -72.965113,-15.009487 -72.965114,-15.009515 -72.9651,-15.009589 -72.965108,-15.009654 -72.965097,-15.009775 -72.965118,-15.009865 -72.965109,-15.009897 -72.96511,-15.00994 -72.965094,-15.009962 -72.965091,-15.010021 -72.96508,-15.010047 -72.965074,-15.010109 -72.965064,-15.010128 -72.965064,-15.010182 -72.965056,-15.010216 -72.965044,-15.010239 -72.965036,-15.010297 -72.964994,-15.010421 -72.964996,-15.010466 -72.964975,-15.010631 -72.964979,-15.01066 -72.964961,-15.01074 -72.964967,-15.010768 -72.964961,-15.010781 -72.964964,-15.010863 -72.964954,-15.01088 -72.964936,-15.01096 -72.964929,-15.011042 -72.964932,-15.011127 -72.964917,-15.011166 -72.964908,-15.011266 -72.964881,-15.011376 -72.964883,-15.011428 -72.964873,-15.011456 -72.964877,-15.011512 -72.964839,-15.011625 -72.964811,-15.011666 -72.96478,-15.011768 -72.964782,-15.011812 -72.964796,-15.011831 -72.964768,-15.011884 -72.964743,-15.012014 -72.964709,-15.012089 -72.964719,-15.012166 -72.964683,-15.01221 -72.964673,-15.012254 -72.964634,-15.012304 -72.964617,-15.012351 -72.964616,-15.012375 -72.964603,-15.012385 -72.964605,-15.01242 -72.96459,-15.012473 -72.964591,-15.012525 -72.964575,-15.012587 -72.964566,-15.012621 -72.964515,-15.012724 -72.964522,-15.012805 -72.964489,-15.012927 -72.964463,-15.013079 -72.964466,-15.013127 -72.964443,-15.013184 -72.964445,-15.013273 -72.964434,-15.013436 -72.964408,-15.01351 -72.964409,-15.013534 -72.964422,-15.013561 -72.964419,-15.013675 -72.964359,-15.013897 -72.964388,-15.013978 -72.964375,-15.013999 -72.964399,-15.01408 -72.964387,-15.01413 -72.964397,-15.014154 -72.9644,-15.014238 -72.964413,-15.014271 -72.964407,-15.014299 -72.964418,-15.014351 -72.964411,-15.014384 -72.964424,-15.014405 -72.96443,-15.01445 -72.964452,-15.014488 -72.964457,-15.014652 -72.964481,-15.014672 -72.964482,-15.01469 -72.964477,-15.01476 -72.964458,-15.014813 -72.964463,-15.014916 -72.964448,-15.014932 -72.964436,-15.014963 -72.96442,-15.014976 -72.964375,-15.014975 -72.964365,-15.014962 -72.96435,-15.015012 -72.964341,-15.01502 -72.964361,-15.015091 -72.964389,-15.015115 -72.964381,-15.01514 -72.964381,-15.015193 -72.964395,-15.015211 -72.964393,-15.015266 -72.964416,-15.015316 -72.964419,-15.015349 -72.964422,-15.015487 -72.964403,-15.015539 -72.964407,-15.01558 -72.964392,-15.01562 -72.964399,-15.015656 -72.964398,-15.015676 -72.964391,-15.015682 -72.964402,-15.015727 -72.96437,-15.015801 -72.964368,-15.015851 -72.964336,-15.015904 -72.964312,-15.015927 -72.964286,-15.015994 -72.964317,-15.016049 -72.964303,-15.016071 -72.964296,-15.016123 -72.964312,-15.016138 -72.964308,-15.016159 -72.964321,-15.016204 -72.964306,-15.016259 -72.964288,-15.016278 -72.964293,-15.016326 -72.964272,-15.016392 -72.964258,-15.016414 -72.964261,-15.016435 -72.964239,-15.016472 -72.964202,-15.01651 -72.964196,-15.016527 -72.964202,-15.016549 -72.964177,-15.016589 -72.964164,-15.016638 -72.964126,-15.016692 -72.96413,-15.016713 -72.964108,-15.016761 -72.964091,-15.016778 -72.96409,-15.016825 -72.964071,-15.016847 -72.964064,-15.016879 -72.964047,-15.016897 -72.964004,-15.017012 -72.963978,-15.017061 -72.963983,-15.017119 -72.964008,-15.017176 -72.963994,-15.017185 -72.963977,-15.017212 -72.963967,-15.017306 -72.963958,-15.017336 -72.963939,-15.017357 -72.963938,-15.017428 -72.963926,-15.017435 -72.963906,-15.017487 -72.963826,-15.017568 -72.963806,-15.017599 -72.96378,-15.017759 -72.963785,-15.017938 -72.963767,-15.018008 -72.963736,-15.018042 -72.963737,-15.018061 -72.96372,-15.018114 -72.96373,-15.018193 -72.963715,-15.018212 -72.963713,-15.018229 -72.963726,-15.018252 -72.963731,-15.018317 -72.963716,-15.018381 -72.963704,-15.018404 -72.963693,-15.018515 -72.963684,-15.018544 -72.963688,-15.01857 -72.963727,-15.018654 -72.963708,-15.018708 -72.963709,-15.018728 -72.963723,-15.01874 -72.963739,-15.018772 -72.963721,-15.018803 -72.96373,-15.01883 -72.963729,-15.018847 -72.963719,-15.018861 -72.963727,-15.01889 -72.963716,-15.018956 -72.963731,-15.018969 -72.963736,-15.018988 -72.963744,-15.019055 -72.963737,-15.019106 -72.963748,-15.019127 -72.963761,-15.019191 -72.963777,-15.019211 -72.963772,-15.019234 -72.963779,-15.019318 -72.963805,-15.019389 -72.963809,-15.019445 -72.963798,-15.019468 -72.963817,-15.019489 -72.96383,-15.01954 -72.96384,-15.019619 -72.963836,-15.019643 -72.96386,-15.019744 -72.963852,-15.019789 -72.963861,-15.01981 -72.963863,-15.019904 -72.963893,-15.020013 -72.963895,-15.020058 -72.96392,-15.020089 -72.963924,-15.020177 -72.963947,-15.020206 -72.963955,-15.020275 -72.96398,-15.020314 -72.963974,-15.020363 -72.963978,-15.020481 -72.96397,-15.020512 -72.963992,-15.020561 -72.963992,-15.020594 -72.963978,-15.020725 -72.963971,-15.020751 -72.963951,-15.020781 -72.963944,-15.020861 -72.963926,-15.020891 -72.963911,-15.020971 -72.963901,-15.020991 -72.963913,-15.021007 -72.963913,-15.021086 -72.963892,-15.021118 -72.9639,-15.021156 -72.963887,-15.021325 -72.963871,-15.021353 -72.963861,-15.021436 -72.963829,-15.021525 -72.963825,-15.021597 -72.963808,-15.021655 -72.963813,-15.021671 -72.963809,-15.021742 -72.963784,-15.021807 -72.963762,-15.021908 -72.963726,-15.021984 -72.963711,-15.022034 -72.963699,-15.02208 -72.963704,-15.022103 -72.963691,-15.022138 -72.963686,-15.022192 -72.963629,-15.022296 -72.963612,-15.022411 -72.963554,-15.022562 -72.963562,-15.02258 -72.963554,-15.022592 -72.963549,-15.022633 -72.963535,-15.022669 -72.963507,-15.022708 -72.963505,-15.022736 -72.963482,-15.022793 -72.963468,-15.022852 -72.963467,-15.022903 -72.963451,-15.022959 -72.963453,-15.023002 -72.963433,-15.023019 -72.963426,-15.02306 -72.963402,-15.023108 -72.963396,-15.023157 -72.963413,-15.023177 -72.963379,-15.023318 -72.963389,-15.023347 -72.96337,-15.023379 -72.963346,-15.023385 -72.963284,-15.023419 -72.963291,-15.023429 -72.963253,-15.023484 -72.96324,-15.023518 -72.963189,-15.023565 -72.963199,-15.023594 -72.963188,-15.02364 -72.963172,-15.02365 -72.963127,-15.023717 -72.96311,-15.023723 -72.963089,-15.02376 -72.963073,-15.023767 -72.963057,-15.023813 -72.963022,-15.023855 -72.962997,-15.023913 -72.962976,-15.02399 -72.96295,-15.024022 -72.962954,-15.024066 -72.962943,-15.024077 -72.96293,-15.024114 -72.962907,-15.024133 -72.962889,-15.024171 -72.962879,-15.024173 -72.962874,-15.0242 -72.962812,-15.024276 -72.962769,-15.024313 -72.962733,-15.024332 -72.962705,-15.024388 -72.96267,-15.024419 -72.962666,-15.024447 -72.962615,-15.024535 -72.962587,-15.024573 -72.962537,-15.02462 -72.962523,-15.024672 -72.962484,-15.02473 -72.962487,-15.024747 -72.962448,-15.024808 -72.96244,-15.024831 -72.962442,-15.02486 -72.962418,-15.024909 -72.962385,-15.024953 -72.962379,-15.024978 -72.962358,-15.024985 -72.962346,-15.025011 -72.962304,-15.025048 -72.962264,-15.025121 -72.962264,-15.025141 -72.962215,-15.025197 -72.962176,-15.025296 -72.962142,-15.025326 -72.962136,-15.025347 -72.962126,-15.025354 -72.962114,-15.025458 -72.96206,-15.025541 -72.962026,-15.025618 -72.962028,-15.025638 -72.962065,-15.025707 -72.962066,-15.025747 -72.962077,-15.025762 -72.962076,-15.025791 -72.962096,-15.025815 -72.962096,-15.025849 -72.962077,-15.025895 -72.96208,-15.025889 -72.962087,-15.025887 -72.962103,-15.025882 -72.962118,-15.025864 -72.9621,-15.025862 -72.962085,-15.025879 -72.962087,-15.025879 -72.962088,-15.025884 -72.962088,-15.025884 -72.962088,-15.025884 -72.962088,-15.025883 -72.962088,-15.025883 -72.962088,-15.025884 -72.962088,-15.025884 -72.962088,-15.025884 -72.962089,-15.025884 -72.962099,-15.025873 -72.962097,-15.025878 -72.962085,-15.025897 -72.962081,-15.025913 -72.962097,-15.025958 -72.962035,-15.026108 -72.962024,-15.02617 -72.962031,-15.02623 -72.962006,-15.026329 -72.961991,-15.026356 -72.961993,-15.026433 -72.961934,-15.02655 -72.961914,-15.026678 -72.961898,-15.026686 -72.961876,-15.026732 -72.961893,-15.026748 -72.961854,-15.026826 -72.961821,-15.026977 -72.961809,-15.026995 -72.961813,-15.027018 -72.961804,-15.027044 -72.96181,-15.027087 -72.961788,-15.027142 -72.961769,-15.027159 -72.961751,-15.027203 -72.961742,-15.027242 -72.961744,-15.027284 -72.961702,-15.027342 -72.96169,-15.02737 -72.961679,-15.027455 -72.961684,-15.027476 -72.961652,-15.027557 -72.96164,-15.027628 -72.961631,-15.027744 -72.961634,-15.027774 -72.961644,-15.027789 -72.961627,-15.027818 -72.961637,-15.027837 -72.96162,-15.027911 -72.961612,-15.028033 -72.961643,-15.028116 -72.961678,-15.028181 -72.96167,-15.028233 -72.961681,-15.028258 -72.96167,-15.028312 -72.961679,-15.028356 -72.961687,-15.028354 -72.961673,-15.028397 -72.961671,-15.028418 -72.961679,-15.02843 -72.961657,-15.028459 -72.961646,-15.028488 -72.961649,-15.028516 -72.961637,-15.028534 -72.961666,-15.028646 -72.96174,-15.028774 -72.961754,-15.028811 -72.961754,-15.028851 -72.961782,-15.028921 -72.96182,-15.029098 -72.96185,-15.029135 -72.961857,-15.029159 -72.961884,-15.029167 -72.961905,-15.029233 -72.961913,-15.029329 -72.961948,-15.029418 -72.961931,-15.029423 -72.961935,-15.029468 -72.961919,-15.029475 -72.961915,-15.029495 -72.961926,-15.029529 -72.961923,-15.029598 -72.961933,-15.029614 -72.961955,-15.029624 -72.961974,-15.029644 -72.961973,-15.029689 -72.962004,-15.029718 -72.962011,-15.029757 -72.962008,-15.029773 -72.961995,-15.029784 -72.961992,-15.02981 -72.961992,-15.029837 -72.962007,-15.029879 -72.962004,-15.029919 -72.961987,-15.029935 -72.962001,-15.029967 -72.962003,-15.029993 -72.961994,-15.030004 -72.961963,-15.030124 -72.961965,-15.030155 -72.961955,-15.030202 -72.961927,-15.03025 -72.96192,-15.030293 -72.961903,-15.030315 -72.961904,-15.03036 -72.961923,-15.030422 -72.961918,-15.030436 -72.961929,-15.03046 -72.961929,-15.030483 -72.961959,-15.030519 -72.961968,-15.030631 -72.961993,-15.030671 -72.962027,-15.030704 -72.962041,-15.03075 -72.962031,-15.030765 -72.962032,-15.030808 -72.962056,-15.030822 -72.962081,-15.030856 -72.962073,-15.030918 -72.962096,-15.03095 -72.962094,-15.030968 -72.962127,-15.031051 -72.962128,-15.031086 -72.962152,-15.031118 -72.962183,-15.031185 -72.962181,-15.031218 -72.962191,-15.031252 -72.962214,-15.031267 -72.962226,-15.031313 -72.962242,-15.031325 -72.962234,-15.031331 -72.962242,-15.031366 -72.962238,-15.031392 -72.962226,-15.031401 -72.962226,-15.031422 -72.96226,-15.031484 -72.962254,-15.031523 -72.962279,-15.031576 -72.962258,-15.031582 -72.962252,-15.031593 -72.962256,-15.031613 -72.962241,-15.031682 -72.962187,-15.031773 -72.962152,-15.031934 -72.96212,-15.031978 -72.9621,-15.032055 -72.962082,-15.032077 -72.962048,-15.032147 -72.962029,-15.032164 -72.962018,-15.032218 -72.961999,-15.032249 -72.961985,-15.032255 -72.961974,-15.032285 -72.96194,-15.032334 -72.961868,-15.032408 -72.96182,-15.032437 -72.961789,-15.032483 -72.961777,-15.032505 -72.961776,-15.032525 -72.96173,-15.032612 -72.96173,-15.032656 -72.961716,-15.032668 -72.961705,-15.032701 -72.961662,-15.032724 -72.961624,-15.032794 -72.961592,-15.032833 -72.961573,-15.032881 -72.961549,-15.032891 -72.961535,-15.032916 -72.961443,-15.032969 -72.961354,-15.033045 -72.961324,-15.033058 -72.961227,-15.033132 -72.961217,-15.033163 -72.961158,-15.033197 -72.961133,-15.033238 -72.961044,-15.033328 -72.960898,-15.033422 -72.960875,-15.033453 -72.96081,-15.033509 -72.960773,-15.033572 -72.960762,-15.033579 -72.960759,-15.033595 -72.960733,-15.033619 -72.960717,-15.03365 -72.960589,-15.033747 -72.960535,-15.03377 -72.960533,-15.033808 -72.960523,-15.03382 -72.960471,-15.033841 -72.960458,-15.033859 -72.960435,-15.033869 -72.960359,-15.03389 -72.960306,-15.033913 -72.960259,-15.033952 -72.960245,-15.033972 -72.96024,-15.03401 -72.960215,-15.034028 -72.960183,-15.034118 -72.960133,-15.034191 -72.960118,-15.034277 -72.960093,-15.034332 -72.960101,-15.034363 -72.96008,-15.034372 -72.959968,-15.034506 -72.959972,-15.03452 -72.959928,-15.034624 -72.959891,-15.03466 -72.959861,-15.034702 -72.959784,-15.03475 -72.95975,-15.034758 -72.959708,-15.034783 -72.959673,-15.034794 -72.959633,-15.034838 -72.95961,-15.034846 -72.959551,-15.034903 -72.959546,-15.034921 -72.959522,-15.034952 -72.959524,-15.034963 -72.959493,-15.03504 -72.959507,-15.035091 -72.959479,-15.035122 -72.959455,-15.035133 -72.959439,-15.03515 -72.959406,-15.03516 -72.959335,-15.035201 -72.959327,-15.035212 -72.959332,-15.035224 -72.959323,-15.035245 -72.959307,-15.035262 -72.959282,-15.035314 -72.959294,-15.035368 -72.959221,-15.03541 -72.959208,-15.035428 -72.959186,-15.035441 -72.959152,-15.035488 -72.959111,-15.03551 -72.95909,-15.035543 -72.959033,-15.03557 -72.958992,-15.03558 -72.95879,-15.035678 -72.958777,-15.0357 -72.958764,-15.035705 -72.958767,-15.035719 -72.958719,-15.035758 -72.958701,-15.035782 -72.958663,-15.035795 -72.958599,-15.035839 -72.958563,-15.035845 -72.958501,-15.035889 -72.958459,-15.0359 -72.958416,-15.035901 -72.958369,-15.035919 -72.958281,-15.035979 -72.958223,-15.036009 -72.958183,-15.036016 -72.958144,-15.036038 -72.958087,-15.036048 -72.958063,-15.036069 -72.957988,-15.036095 -72.957843,-15.036134 -72.957799,-15.036169 -72.957742,-15.036178 -72.957693,-15.036227 -72.957646,-15.036238 -72.957641,-15.036251 -72.957626,-15.036259 -72.957612,-15.03625 -72.957506,-15.036311 -72.957445,-15.036332 -72.957436,-15.036344 -72.957402,-15.036346 -72.957337,-15.036402 -72.95731,-15.036405 -72.957281,-15.036423 -72.957229,-15.036435 -72.957195,-15.036452 -72.957173,-15.036449 -72.95716,-15.036455 -72.957151,-15.036473 -72.957108,-15.036495 -72.956964,-15.036524 -72.956902,-15.036567 -72.956863,-15.036579 -72.956804,-15.03663 -72.956786,-15.03666 -72.956783,-15.036706 -72.956796,-15.036772 -72.956825,-15.036815 -72.956849,-15.036836 -72.956872,-15.036887 -72.956885,-15.036941 -72.956897,-15.037088 -72.956916,-15.037165 -72.956913,-15.037213 -72.956888,-15.03731 -72.956872,-15.037345 -72.956867,-15.037441 -72.956861,-15.037452 -72.956868,-15.037502 -72.956853,-15.037543 -72.956854,-15.037561 -72.956919,-15.037737 -72.956921,-15.03777 -72.956948,-15.037817 -72.956954,-15.037881 -72.95699,-15.037946 -72.956992,-15.037965 -72.957052,-15.03804 -72.957116,-15.03809 -72.95718,-15.038119 -72.957204,-15.038145 -72.957257,-15.038173 -72.957255,-15.038188 -72.957305,-15.038205 -72.957316,-15.038224 -72.957409,-15.038271 -72.957433,-15.038291 -72.957456,-15.038295 -72.957519,-15.038329 -72.95757,-15.038341 -72.957643,-15.03837 -72.957653,-15.038387 -72.957737,-15.03842 -72.957821,-15.038495 -72.95785,-15.038559 -72.957844,-15.038575 -72.957853,-15.038622 -72.957962,-15.038742 -72.957959,-15.038755 -72.957977,-15.038783 -72.958014,-15.038817 -72.958015,-15.038835 -72.958065,-15.038879 -72.95806,-15.038891 -72.958159,-15.039 -72.958164,-15.039028 -72.958153,-15.039038 -72.958166,-15.039075 -72.958186,-15.039099 -72.958235,-15.039141 -72.958267,-15.039186 -72.958334,-15.039231 -72.958367,-15.039266 -72.958433,-15.039304 -72.958448,-15.039324 -72.958482,-15.039346 -72.95854,-15.039371 -72.958562,-15.039393 -72.958658,-15.039444 -72.958692,-15.03947 -72.958763,-15.039562 -72.958759,-15.039583 -72.958791,-15.039624 -72.958795,-15.039642 -72.958857,-15.03971 -72.958911,-15.039801 -72.958903,-15.039865 -72.95892,-15.039888 -72.958928,-15.040034 -72.958937,-15.040082 -72.958933,-15.040105 -72.958957,-15.040169 -72.958945,-15.040211 -72.958947,-15.040286 -72.958962,-15.0403 -72.958979,-15.04045 -72.958963,-15.040474 -72.958963,-15.040493 -72.958973,-15.040509 -72.958979,-15.040561 -72.958996,-15.040593 -72.959007,-15.040636 -72.959021,-15.040656 -72.959018,-15.040693 -72.95904,-15.040743 -72.959043,-15.040791 -72.959068,-15.040868 -72.959071,-15.040919 -72.95908,-15.040933 -72.959084,-15.040963 -72.959061,-15.041052 -72.959061,-15.041171 -72.959046,-15.041205 -72.959051,-15.041217 -72.959025,-15.041232 -72.959029,-15.041255 -72.959021,-15.041301 -72.959,-15.041355 -72.958972,-15.04157 -72.958946,-15.041668 -72.958946,-15.041722 -72.958923,-15.041757 -72.958928,-15.04178 -72.95892,-15.04183 -72.958862,-15.04189 -72.958846,-15.041935 -72.958828,-15.041958 -72.958808,-15.042007 -72.958798,-15.042076 -72.958778,-15.042129 -72.958774,-15.042171 -72.958779,-15.042187 -72.958768,-15.04221 -72.958768,-15.042237 -72.958781,-15.042262 -72.958786,-15.042299 -72.9588,-15.042323 -72.958798,-15.04236 -72.958827,-15.04241 -72.958818,-15.04242 -72.958829,-15.04245 -72.958824,-15.042507 -72.958844,-15.042543 -72.95881,-15.042616 -72.95878,-15.042658 -72.958767,-15.042708 -72.958774,-15.042775 -72.958783,-15.042785 -72.958774,-15.042813 -72.958812,-15.042886 -72.958827,-15.042933 -72.958812,-15.042973 -72.958809,-15.043088 -72.958823,-15.043191 -72.958838,-15.043423 -72.958857,-15.043502 -72.958831,-15.043573 -72.958835,-15.043644 -72.958829,-15.043741 -72.958858,-15.043907 -72.958883,-15.04397 -72.958902,-15.044063 -72.958911,-15.044244 -72.958927,-15.044301 -72.958928,-15.044396 -72.958941,-15.044482 -72.958972,-15.044573 -72.958973,-15.044844 -72.958988,-15.044924 -72.959002,-15.044959 -72.95901,-15.045039 -72.959006,-15.045159 -72.959021,-15.045232 -72.959026,-15.045346 -72.959018,-15.045371 -72.95904,-15.045462 -72.959046,-15.045523 -72.959067,-15.045581 -72.959069,-15.045774 -72.95906,-15.045853 -72.959066,-15.04589 -72.95909,-15.045955 -72.959087,-15.046002 -72.959099,-15.046157 -72.959077,-15.04624 -72.959075,-15.046283 -72.959082,-15.046359 -72.959072,-15.046388 -72.959078,-15.046397 -72.959071,-15.046496 -72.95908,-15.046513 -72.959075,-15.046546 -72.959081,-15.046563 -72.959059,-15.046642 -72.959086,-15.046799 -72.959086,-15.046857 -72.959103,-15.046959 -72.959097,-15.047013 -72.959107,-15.047112 -72.959102,-15.047214 -72.959081,-15.04733 -72.959082,-15.04742 -72.959057,-15.047478 -72.959068,-15.04757 -72.959059,-15.047692 -72.959068,-15.047853 -72.95906,-15.047995 -72.95907,-15.048027 -72.959068,-15.04809 -72.959082,-15.0483 -72.959071,-15.048353 -72.959077,-15.048472 -72.959089,-15.048546 -72.959104,-15.048557 -72.959119,-15.048655 -72.959146,-15.04871 -72.959149,-15.048758 -72.959135,-15.048843 -72.959144,-15.048939 -72.959167,-15.049018 -72.959173,-15.049072 -72.959139,-15.049381 -72.959143,-15.04947 -72.959158,-15.049533 -72.959124,-15.049745 -72.959129,-15.049823 -72.959092,-15.04998 -72.959079,-15.050086 -72.95906,-15.050129 -72.959059,-15.050201 -72.959039,-15.050332 -72.959027,-15.050354 -72.959026,-15.050422 -72.959035,-15.050454 -72.958996,-15.050544 -72.958982,-15.050599 -72.958974,-15.050673 -72.958957,-15.050709 -72.958967,-15.050798 -72.958926,-15.050903 -72.958915,-15.050969 -72.958918,-15.050994 -72.9589,-15.051083 -72.958881,-15.051123 -72.958887,-15.051188 -72.958878,-15.051276 -72.958884,-15.051284 -72.95886,-15.051366 -72.958852,-15.051488 -72.958835,-15.05156 -72.95883,-15.051675 -72.958806,-15.051758 -72.958805,-15.051825 -72.958776,-15.051928 -72.958779,-15.05197 -72.958772,-15.052001 -72.958749,-15.052032 -72.958715,-15.052139 -72.958719,-15.052255 -72.958705,-15.052275 -72.958706,-15.052321 -72.958666,-15.052452 -72.958669,-15.052473 -72.958653,-15.052503 -72.958656,-15.05254 -72.958642,-15.052611 -72.958636,-15.052701 -72.958614,-15.052753 -72.958584,-15.052862 -72.958582,-15.052902 -72.958535,-15.053008 -72.95854,-15.05305 -72.958513,-15.053126 -72.958503,-15.053241 -72.958472,-15.053307 -72.958442,-15.053407 -72.958439,-15.053479 -72.95839,-15.05362 -72.958381,-15.053716 -72.958331,-15.053848 -72.958317,-15.053944 -72.958277,-15.054047 -72.958271,-15.054168 -72.95823,-15.054296 -72.958197,-15.054438 -72.958206,-15.054513 -72.958191,-15.054572 -72.958185,-15.054565 -72.958167,-15.054781 -72.958122,-15.054894 -72.958121,-15.054912 -72.958126,-15.0549 -72.958127,-15.054892 -72.958127,-15.054893 -72.958126,-15.054894 -72.958121,-15.054906 -72.958108,-15.054933 -72.958095,-15.054952 -72.958088,-15.054971 -72.958082,-15.055062 -72.958068,-15.055106 -72.958065,-15.055145 -72.958021,-15.05525 -72.958004,-15.055401 -72.957976,-15.055485 -72.957964,-15.055572 -72.957948,-15.055591 -72.957927,-15.055639 -72.957931,-15.055655 -72.95789,-15.055759 -72.957888,-15.055806 -72.957854,-15.055939 -72.957852,-15.055974 -72.95782,-15.056075 -72.957784,-15.056293 -72.957778,-15.056385 -72.957762,-15.056423 -72.957741,-15.056514 -72.957708,-15.056706 -72.957683,-15.05676 -72.95767,-15.056809 -72.957677,-15.056957 -72.957662,-15.056984 -72.957644,-15.057154 -72.957634,-15.057174 -72.957642,-15.05727 -72.957625,-15.057331 -72.957618,-15.057417 -72.957628,-15.057494 -72.957595,-15.057674 -72.957603,-15.057741 -72.957592,-15.057773 -72.957614,-15.057841 -72.957598,-15.057951 -72.957599,-15.058027 -72.95759,-15.058074 -72.957587,-15.058161 -72.957544,-15.058344 -72.957539,-15.058397 -72.957523,-15.058445 -72.957526,-15.058488 -72.957478,-15.058601 -72.957492,-15.058652 -72.957484,-15.058703 -72.957494,-15.05872 -72.957495,-15.058807 -72.957469,-15.05904 -72.95746,-15.059214 -72.957423,-15.059341 -72.957419,-15.059411 -72.957433,-15.059455 -72.957435,-15.059503 -72.95743,-15.059548 -72.957445,-15.059588 -72.957465,-15.059736 -72.957457,-15.059764 -72.957514,-15.060013 -72.957548,-15.060117 -72.957556,-15.060246 -72.957575,-15.060325 -72.957578,-15.060411 -72.957615,-15.060468 -72.957642,-15.060575 -72.957702,-15.06075 -72.957728,-15.060803 -72.957742,-15.060867 -72.95787,-15.0611 -72.95799,-15.061371 -72.958005,-15.061379 -72.95801,-15.061413 -72.958066,-15.061583 -72.958102,-15.06167 -72.958137,-15.061722 -72.958185,-15.061772 -72.958254,-15.061918 -72.958307,-15.061974 -72.958356,-15.062079 -72.958413,-15.06213 -72.95846,-15.06221 -72.958499,-15.062247 -72.958538,-15.062302 -72.958661,-15.062428 -72.958694,-15.062468 -72.958704,-15.062492 -72.958839,-15.062654 -72.958966,-15.062755 -72.958975,-15.062803 -72.958967,-15.062833 -72.958971,-15.062851 -72.959033,-15.06297 -72.959061,-15.063066 -72.959094,-15.063144 -72.959142,-15.063212 -72.959196,-15.063316 -72.959256,-15.06336 -72.959306,-15.06347 -72.959311,-15.063497 -72.959372,-15.06361 -72.95939,-15.063627 -72.959474,-15.063815 -72.959534,-15.063909 -72.959581,-15.063965 -72.959588,-15.063989 -72.959606,-15.064004 -72.959617,-15.064039 -72.959708,-15.064188 -72.959751,-15.064315 -72.959794,-15.064398 -72.959869,-15.064511 -72.959925,-15.064574 -72.959927,-15.064635 -72.959935,-15.064664 -72.960019,-15.064825 -72.960052,-15.064861 -72.960072,-15.064908 -72.960173,-15.065065 -72.960221,-15.065097 -72.960225,-15.065115 -72.960256,-15.065152 -72.960291,-15.065223 -72.960317,-15.065248 -72.960326,-15.065266 -72.960326,-15.065293 -72.960347,-15.06534 -72.960432,-15.065498 -72.960424,-15.065557 -72.960438,-15.065578 -72.960449,-15.065626 -72.960526,-15.065753 -72.960551,-15.065863 -72.960581,-15.065936 -72.960645,-15.066038 -72.960693,-15.06608 -72.960732,-15.066175 -72.960804,-15.066288 -72.960834,-15.066354 -72.960902,-15.066438 -72.960905,-15.06646 -72.960942,-15.066505 -72.960957,-15.066515 -72.960974,-15.066523 -72.960985,-15.06653 -72.960992,-15.06653 -72.960998,-15.066538 -72.961,-15.066541 -72.960998,-15.066534 -72.960998,-15.066541 -72.960999,-15.066543 -72.960995,-15.066553 -72.960987,-15.066557 -72.960973,-15.066535 -72.960966,-15.066522 -72.960958,-15.066504 -72.960938,-15.066444 -72.960943,-15.066409 -72.960928,-15.066388 -72.960931,-15.066395 -72.960909,-15.066383 -72.960893,-15.066353 -72.960933,-15.066332 -72.960962,-15.066392 -72.960993,-15.066421 -72.96099,-15.066399 -72.960995,-15.066397 -72.960992,-15.066464 -72.961006,-15.066486 -72.961023,-15.066549 -72.961014,-15.066586 -72.961004,-15.066592 -72.961021,-15.066656 -72.96102,-15.06668 -72.961073,-15.066748 -72.961081,-15.066792 -72.961093,-15.066808 -72.961097,-15.066832 -72.961175,-15.067013 -72.961276,-15.067134 -72.961297,-15.067197 -72.961401,-15.067423 -72.961411,-15.067471 -72.961425,-15.06749 -72.96143,-15.067518 -72.961462,-15.067588 -72.961478,-15.067663 -72.961529,-15.067814 -72.96156,-15.067878 -72.961601,-15.067997 -72.961706,-15.068186 -72.961722,-15.068233 -72.961749,-15.068261 -72.961821,-15.068366 -72.961879,-15.06847 -72.961905,-15.06849 -72.961965,-15.068571 -72.96203,-15.068637 -72.962072,-15.068695 -72.962135,-15.068759 -72.962185,-15.06879 -72.962333,-15.068962 -72.962372,-15.068974 -72.962394,-15.068991 -72.962403,-15.069016 -72.962443,-15.069039 -72.962476,-15.069083 -72.962512,-15.069109 -72.96257,-15.069219 -72.962672,-15.069366 -72.962719,-15.069408 -72.962768,-15.069503 -72.962905,-15.0697 -72.962913,-15.069724 -72.962958,-15.06976 -72.963033,-15.069871 -72.963226,-15.070103 -72.963231,-15.070131 -72.963251,-15.07015 -72.963252,-15.070142 -72.963257,-15.070146 -72.963288,-15.070177 -72.963311,-15.070228 -72.963332,-15.07032 -72.963374,-15.070399 -72.963409,-15.070447 -72.963413,-15.070468 -72.963403,-15.070471 -72.963421,-15.070507 -72.963421,-15.07055 -72.963447,-15.070592 -72.963453,-15.070631 -72.963473,-15.070662 -72.963565,-15.070875 -72.963602,-15.070939 -72.963638,-15.070979 -72.963653,-15.071015 -72.963665,-15.071128 -72.963656,-15.071235 -72.963673,-15.071293 -72.963675,-15.071339 -72.963665,-15.071388 -72.963673,-15.071415 -72.963664,-15.071478 -72.963652,-15.071493 -72.963642,-15.071505 -72.963632,-15.071518 -72.963625,-15.071513 -72.963652,-15.071473 -72.963651,-15.07148 -72.963653,-15.071482 -72.963658,-15.071488 -72.963649,-15.071513 -72.963652,-15.071566 -72.963667,-15.071631 -72.963663,-15.071764 -72.963677,-15.07187 -72.963695,-15.071926 -72.963696,-15.071977 -72.963706,-15.072001 -72.963696,-15.072104 -72.963708,-15.072156 -72.963719,-15.07235 -72.963743,-15.07242 -72.963735,-15.072449 -72.963738,-15.072476 -72.963756,-15.072501 -72.963753,-15.072545 -72.963759,-15.072582 -72.963764,-15.072597 -72.963768,-15.072606 -72.963769,-15.0726 -72.963769,-15.072599 -72.963769,-15.072599 -72.963769,-15.072599 -72.963769,-15.072599 -72.963769,-15.072599 -72.963769,-15.0726 -72.963759,-15.07263 -72.96375,-15.072678 -72.963755,-15.072783 -72.963767,-15.072802 -72.96377,-15.072827 -72.963764,-15.072867 -72.963779,-15.072904 -72.963812,-15.07294 -72.963813,-15.072963 -72.963824,-15.072979 -72.963844,-15.072988 -72.963842,-15.073005 -72.963885,-15.073239 -72.963888,-15.073353 -72.963907,-15.073407 -72.963952,-15.073488 -72.963986,-15.073646 -72.964001,-15.073693 -72.964046,-15.073785 -72.964059,-15.073905 -72.964074,-15.07397 -72.964112,-15.074052 -72.964105,-15.074072 -72.964133,-15.074111 -72.964146,-15.074154 -72.964162,-15.07426 -72.964176,-15.074302 -72.964172,-15.074327 -72.964185,-15.074344 -72.964211,-15.074481 -72.964261,-15.074634 -72.96429,-15.074798 -72.964325,-15.074944 -72.964333,-15.07495 -72.96434,-15.074985 -72.964334,-15.074997 -72.964343,-15.075028 -72.964336,-15.075046 -72.964371,-15.075165 -72.964362,-15.075228 -72.964405,-15.075329 -72.96444,-15.075446 -72.964443,-15.07555 -72.964454,-15.075588 -72.96447,-15.075607 -72.964464,-15.075587 -72.964466,-15.075596 -72.964473,-15.075652 -72.964471,-15.075712 -72.964494,-15.075781 -72.964522,-15.075828 -72.964523,-15.076024 -72.964543,-15.076142 -72.964557,-15.07616 -72.964572,-15.076218 -72.964578,-15.076245 -72.964573,-15.076275 -72.964611,-15.076347 -72.964625,-15.076411 -72.964628,-15.076458 -72.964621,-15.076509 -72.964653,-15.076568 -72.964649,-15.076608 -72.964662,-15.07664 -72.964668,-15.076705 -72.964662,-15.07683 -72.964688,-15.0769 -72.964727,-15.076973 -72.964743,-15.077029 -72.964844,-15.077275 -72.964887,-15.077335 -72.964862,-15.077355 -72.964872,-15.077364 -72.964872,-15.077392 -72.964858,-15.077442 -72.964844,-15.077543 -72.964847,-15.077607 -72.964885,-15.077734 -72.964876,-15.077757 -72.964879,-15.077778 -72.964861,-15.077854 -72.964801,-15.077945 -72.964792,-15.07797 -72.964796,-15.078123 -72.964779,-15.078256 -72.964779,-15.078426 -72.96477,-15.078544 -72.96476,-15.078589 -72.96477,-15.07863 -72.964761,-15.07872 -72.964766,-15.078778 -72.96479,-15.078871 -72.964786,-15.078933 -72.964766,-15.078992 -72.964762,-15.079044 -72.964764,-15.079075 -72.964808,-15.079155 -72.964806,-15.079214 -72.964821,-15.079296 -72.964836,-15.079325 -72.96485,-15.07938 -72.964856,-15.079446 -72.964852,-15.079481 -72.96486,-15.079521 -72.964856,-15.079587 -72.964872,-15.079717 -72.964893,-15.079779 -72.964896,-15.079815 -72.964899,-15.079898 -72.964876,-15.079918 -72.964874,-15.079939 -72.964912,-15.079982 -72.964941,-15.080036 -72.964945,-15.080085 -72.964935,-15.080137 -72.964944,-15.08018 -72.964974,-15.080213 -72.964987,-15.080217 -72.965011,-15.08026 -72.965043,-15.080409 -72.965029,-15.080481 -72.965041,-15.080542 -72.965028,-15.08056 -72.965043,-15.080637 -72.965035,-15.08066 -72.965039,-15.080687 -72.965058,-15.080753 -72.9651,-15.080826 -72.96513,-15.080928 -72.965137,-15.080997 -72.96514,-15.081054 -72.965132,-15.081113 -72.965126,-15.081112 -72.965094,-15.081365 -72.965054,-15.081488 -72.965067,-15.081585 -72.965058,-15.081661 -72.965076,-15.081735 -72.965093,-15.081875 -72.965116,-15.081944 -72.965103,-15.081993 -72.96513,-15.082032 -72.965154,-15.082055 -72.965157,-15.082049 -72.965172,-15.082118 -72.965181,-15.082224 -72.965178,-15.082275 -72.965188,-15.082303 -72.965186,-15.082321 -72.965202,-15.082336 -72.965196,-15.082397 -72.965236,-15.08265 -72.965237,-15.082671 -72.965224,-15.082685 -72.965204,-15.082684 -72.965205,-15.082718 -72.965187,-15.08274 -72.965187,-15.082844 -72.965211,-15.083013 -72.965206,-15.083095 -72.965218,-15.083163 -72.965198,-15.083242 -72.9652,-15.083266 -72.965213,-15.083284 -72.965216,-15.083344 -72.965236,-15.083427 -72.965227,-15.083491 -72.965232,-15.083545 -72.965261,-15.083625 -72.965284,-15.083659 -72.965289,-15.083685 -72.965286,-15.083733 -72.965277,-15.083758 -72.965292,-15.083829 -72.965278,-15.083854 -72.965277,-15.08388 -72.965321,-15.084019 -72.965325,-15.084089 -72.965338,-15.084124 -72.965346,-15.084214 -72.965337,-15.084275 -72.965347,-15.084351 -72.965339,-15.08439 -72.965351,-15.084407 -72.965363,-15.084519 -72.965362,-15.084682 -72.965379,-15.084719 -72.965373,-15.084722 -72.965377,-15.084735 -72.965338,-15.08487 -72.965329,-15.08494 -72.965333,-15.084976 -72.965309,-15.085016 -72.965316,-15.08507 -72.965293,-15.085195 -72.965334,-15.085279 -72.965339,-15.085358 -72.965324,-15.085419 -72.965335,-15.085464 -72.965351,-15.085473 -72.965298,-15.085673 -72.965304,-15.085706 -72.965343,-15.08578 -72.965323,-15.085895 -72.965334,-15.085934 -72.965319,-15.085967 -72.96532,-15.086032 -72.965331,-15.086085 -72.965308,-15.08612 -72.965331,-15.086172 -72.965332,-15.086213 -72.965343,-15.086258 -72.965373,-15.086294 -72.965381,-15.086322 -72.965389,-15.086369 -72.965384,-15.086395 -72.965452,-15.086511 -72.965478,-15.086569 -72.965518,-15.086623 -72.965519,-15.086657 -72.965533,-15.086686 -72.965537,-15.086721 -72.965529,-15.086751 -72.965536,-15.086786 -72.965591,-15.086935 -72.965584,-15.086992 -72.965608,-15.087051 -72.965638,-15.087099 -72.96564,-15.087123 -72.965698,-15.087239 -72.965706,-15.087234 -72.965706,-15.087247 -72.965759,-15.087355 -72.965793,-15.087515 -72.965814,-15.08756 -72.965829,-15.087634 -72.965859,-15.087685 -72.965866,-15.08773 -72.965904,-15.087849 -72.965909,-15.087846 -72.965912,-15.08785 -72.965912,-15.087849 -72.96591,-15.087846 -72.96591,-15.087846 -72.96591,-15.087846 -72.96591,-15.087846 -72.96591,-15.087846 -72.96591,-15.087846 -72.96591,-15.087846 -72.965908,-15.087852 -72.965907,-15.087884 -72.965915,-15.087987 -72.965937,-15.08806 -72.965953,-15.088164 -72.965969,-15.088194 -72.966002,-15.088298 -72.966031,-15.088351 -72.966078,-15.088492 -72.966091,-15.088542 -72.966076,-15.088573 -72.9661,-15.088648 -72.966093,-15.088662 -72.966101,-15.088692 -72.966134,-15.088719 -72.966121,-15.088762 -72.966129,-15.088965 -72.966155,-15.089032 -72.966168,-15.089037 -72.966176,-15.089029 -72.966179,-15.089039 -72.96621,-15.089032 -72.966219,-15.08906 -72.966252,-15.08906 -72.966256,-15.089047 -72.96628,-15.089039 -72.966306,-15.089019 -72.966344,-15.08902 -72.966345,-15.089026 -72.966379,-15.088989 -72.966387,-15.08899 -72.966389,-15.088987 -72.966379,-15.088984 -72.966368,-15.088982 -72.966378,-15.088976 -72.966382,-15.088976 -72.966401,-15.089001 -72.966411,-15.088978 -72.966444,-15.088972 -72.966504,-15.089008 -72.966505,-15.08904 -72.966487,-15.089079 -72.966485,-15.089109 -72.966485,-15.089129 -72.966502,-15.08918 -72.966476,-15.089264 -72.966476,-15.089272 -72.966485,-15.089275 -72.966484,-15.089325 -72.966479,-15.089348 -72.966453,-15.089389 -72.966468,-15.089405 -72.96646,-15.089503 -72.966447,-15.089549 -72.96645,-15.089593 -72.96646,-15.089605 -72.966471,-15.089605 -72.966465,-15.08966 -72.966452,-15.089707 -72.966411,-15.089789 -72.96639,-15.089882 -72.966389,-15.089931 -72.96637,-15.089977 -72.966363,-15.090021 -72.966377,-15.090064 -72.966369,-15.090155 -72.966379,-15.090243 -72.966372,-15.090292 -72.966379,-15.090312 -72.96636,-15.090343 -72.966367,-15.09036 -72.966379,-15.090368 -72.96642,-15.090379 -72.96649,-15.090423 -72.966486,-15.090441 -72.966502,-15.09048 -72.966497,-15.090516 -72.966556,-15.090606 -72.966578,-15.090654 -72.966623,-15.090716 -72.966668,-15.090803 -72.966672,-15.090823 -72.966653,-15.09083 -72.96664,-15.090826 -72.966638,-15.090831 -72.96664,-15.090833 -72.96664,-15.090834 -72.966641,-15.090834 -72.966617,-15.090835 -72.966596,-15.090832 -72.966588,-15.090829 -72.966587,-15.090829 -72.966571,-15.090845 -72.966572,-15.090815 -72.966559,-15.090823 -72.966537,-15.09085 -72.966554,-15.090875 -72.966553,-15.090896 -72.966563,-15.090924 -72.966578,-15.090939 -72.9666,-15.090986 -72.966663,-15.091024 -72.966673,-15.091052 -72.966715,-15.091082 -72.96676,-15.091133 -72.966762,-15.091148 -72.966788,-15.091157 -72.966798,-15.091186 -72.966796,-15.091201 -72.966816,-15.091236 -72.966819,-15.091269 -72.9669,-15.091307 -72.966888,-15.091336 -72.966905,-15.091353 -72.966906,-15.091364 -72.966836,-15.091449 -72.966825,-15.091476 -72.966767,-15.091541 -72.96676,-15.091591 -72.96673,-15.091615 -72.96668,-15.091673 -72.966671,-15.091731 -72.966644,-15.091769 -72.966617,-15.091866 -72.966605,-15.091886 -72.96659,-15.091965 -72.966527,-15.092106 -72.966521,-15.092171 -72.966532,-15.09225 -72.966513,-15.092322 -72.966508,-15.092397 -72.966514,-15.092436 -72.966528,-15.092441 -72.966545,-15.09248 -72.966526,-15.092545 -72.966523,-15.092622 -72.96651,-15.092641 -72.966479,-15.092734 -72.966455,-15.092782 -72.966438,-15.0928 -72.966441,-15.09283 -72.966419,-15.092906 -72.966426,-15.092937 -72.966411,-15.092953 -72.966387,-15.093024 -72.966385,-15.093056 -72.966353,-15.093113 -72.966357,-15.093172 -72.966325,-15.093251 -72.966325,-15.093275 -72.966302,-15.093314 -72.966335,-15.093418 -72.96634,-15.093494 -72.966335,-15.093563 -72.966351,-15.093622 -72.96634,-15.093694 -72.966341,-15.093742 -72.966331,-15.093753 -72.966307,-15.093869 -72.966298,-15.093885 -72.966303,-15.093905 -72.966267,-15.09401 -72.966267,-15.094028 -72.966236,-15.094111 -72.966234,-15.094138 -72.966191,-15.094245 -72.966191,-15.094281 -72.966201,-15.094296 -72.966208,-15.094337 -72.966198,-15.094357 -72.966202,-15.094396 -72.966175,-15.094494 -72.966165,-15.094562 -72.966151,-15.094591 -72.966124,-15.094813 -72.966094,-15.094934 -72.966097,-15.095004 -72.966083,-15.09506 -72.966073,-15.095151 -72.966062,-15.095168 -72.966071,-15.095256 -72.966059,-15.095285 -72.96606,-15.095317 -72.966039,-15.09541 -72.966001,-15.095511 -72.966003,-15.095557 -72.965973,-15.095702 -72.965986,-15.095756 -72.96598,-15.095806 -72.965995,-15.095909 -72.965976,-15.095914 -72.965975,-15.09593 -72.965937,-15.096017 -72.96592,-15.096101 -72.96592,-15.096137 -72.965889,-15.096217 -72.965898,-15.096262 -72.965881,-15.09633 -72.965869,-15.096345 -72.965855,-15.096432 -72.965846,-15.096443 -72.965845,-15.096526 -72.965821,-15.096553 -72.965797,-15.096615 -72.96578,-15.096693 -72.965776,-15.096764 -72.965764,-15.096806 -72.965752,-15.096819 -72.965746,-15.096864 -72.965707,-15.096943 -72.965715,-15.097043 -72.965703,-15.097055 -72.965686,-15.097111 -72.965699,-15.097156 -72.965679,-15.097254 -72.96568,-15.097325 -72.965663,-15.097366 -72.965651,-15.097469 -72.965657,-15.097599 -72.965652,-15.097655 -72.965671,-15.097799 -72.965647,-15.097931 -72.965677,-15.098027 -72.965678,-15.098103 -72.965693,-15.098148 -72.965693,-15.098198 -72.965689,-15.098217 -72.965675,-15.09823 -72.965669,-15.098296 -72.965655,-15.098318 -72.965643,-15.098389 -72.96559,-15.098489 -72.965582,-15.098555 -72.965556,-15.098609 -72.965549,-15.09866 -72.96552,-15.098725 -72.965523,-15.09875 -72.965514,-15.098786 -72.965489,-15.09882 -72.965504,-15.098901 -72.965488,-15.098976 -72.965469,-15.099013 -72.965449,-15.099021 -72.96541,-15.099077 -72.965381,-15.099105 -72.965375,-15.099187 -72.965361,-15.0992 -72.965338,-15.099256 -72.965337,-15.099281 -72.965297,-15.099312 -72.965247,-15.099474 -72.96518,-15.099607 -72.965162,-15.099622 -72.965085,-15.099741 -72.965056,-15.099799 -72.965049,-15.099831 -72.965027,-15.099862 -72.964928,-15.10006 -72.964909,-15.100168 -72.964897,-15.100185 -72.964853,-15.100213 -72.964808,-15.100255 -72.964754,-15.100341 -72.964713,-15.100444 -72.964689,-15.100546 -72.964654,-15.100625 -72.964649,-15.100669 -72.964621,-15.100754 -72.964572,-15.100834 -72.964548,-15.100897 -72.96454,-15.10096 -72.964501,-15.10104 -72.964493,-15.101081 -72.964481,-15.101097 -72.964455,-15.101225 -72.964426,-15.10128 -72.964393,-15.101316 -72.964396,-15.101362 -72.964375,-15.101387 -72.964364,-15.10143 -72.964285,-15.101524 -72.964247,-15.101668 -72.96422,-15.101693 -72.964192,-15.101701 -72.964194,-15.10173 -72.964163,-15.101756 -72.964126,-15.101806 -72.964123,-15.101823 -72.964093,-15.101855 -72.964091,-15.101877 -72.964043,-15.101915 -72.964038,-15.101957 -72.964022,-15.101986 -72.963998,-15.102054 -72.963994,-15.102094 -72.963984,-15.102107 -72.963982,-15.102171 -72.963966,-15.102228 -72.963948,-15.10225 -72.963912,-15.102345 -72.963891,-15.102356 -72.963866,-15.102388 -72.963876,-15.10244 -72.963848,-15.102496 -72.963839,-15.102533 -72.963811,-15.102553 -72.963788,-15.102632 -72.963771,-15.102666 -72.963753,-15.102676 -72.963726,-15.102712 -72.963729,-15.102847 -72.963672,-15.102939 -72.963684,-15.10299 -72.963699,-15.103007 -72.963697,-15.103036 -72.96366,-15.103078 -72.963618,-15.103151 -72.963567,-15.10332 -72.963551,-15.103501 -72.963555,-15.103554 -72.963547,-15.103573 -72.963543,-15.103624 -72.963549,-15.10372 -72.963527,-15.103794 -72.963503,-15.103831 -72.963496,-15.103876 -72.963502,-15.103932 -72.963495,-15.103995 -72.963474,-15.104045 -72.963472,-15.104093 -72.963457,-15.104118 -72.96342,-15.104139 -72.963405,-15.104162 -72.963415,-15.104256 -72.963393,-15.104339 -72.963392,-15.104482 -72.963363,-15.10455 -72.963357,-15.104616 -72.963321,-15.104669 -72.963326,-15.104695 -72.963293,-15.104818 -72.963291,-15.104867 -72.963263,-15.1049 -72.963263,-15.104954 -72.963252,-15.104982 -72.963249,-15.105028 -72.963218,-15.105087 -72.963217,-15.105136 -72.963198,-15.10516 -72.963194,-15.105224 -72.963218,-15.105297 -72.963216,-15.105385 -72.963245,-15.105467 -72.963249,-15.10552 -72.963228,-15.105557 -72.96323,-15.10559 -72.963218,-15.105618 -72.963236,-15.105699 -72.963208,-15.105715 -72.963196,-15.105738 -72.963194,-15.105755 -72.963206,-15.105775 -72.963187,-15.105824 -72.963193,-15.105878 -72.963184,-15.10592 -72.963186,-15.10595 -72.963181,-15.10598 -72.963156,-15.106004 -72.963179,-15.106117 -72.963176,-15.106154 -72.963186,-15.106206 -72.963164,-15.106235 -72.963178,-15.106281 -72.963173,-15.106299 -72.963179,-15.106326 -72.963193,-15.106356 -72.963167,-15.106384 -72.96318,-15.106433 -72.963164,-15.106437 -72.963156,-15.106454 -72.963145,-15.106532 -72.963129,-15.106575 -72.963112,-15.106587 -72.963115,-15.10675 -72.963083,-15.106825 -72.963068,-15.106838 -72.963065,-15.106867 -72.963051,-15.106882 -72.963028,-15.106937 -72.963013,-15.106993 -72.962996,-15.107012 -72.962995,-15.107105 -72.963004,-15.107141 -72.96299,-15.107159 -72.962991,-15.107181 -72.963023,-15.107367 -72.963014,-15.107376 -72.963013,-15.10743 -72.963003,-15.107466 -72.963008,-15.107487 -72.962982,-15.107524 -72.962988,-15.107578 -72.962981,-15.107588 -72.96298,-15.107673 -72.962957,-15.107775 -72.962954,-15.10786 -72.962936,-15.107933 -72.962942,-15.107955 -72.962932,-15.107979 -72.962928,-15.108093 -72.962912,-15.108158 -72.962924,-15.108224 -72.96291,-15.108301 -72.96292,-15.108355 -72.962921,-15.108431 -72.962913,-15.108468 -72.962919,-15.108537 -72.962895,-15.108755 -72.962887,-15.108771 -72.96288,-15.108833 -72.962858,-15.108867 -72.96286,-15.108889 -72.962838,-15.108942 -72.962841,-15.108981 -72.962834,-15.108988 -72.962828,-15.109033 -72.962806,-15.109045 -72.962787,-15.109095 -72.962797,-15.109214 -72.962783,-15.109304 -72.962732,-15.109402 -72.96269,-15.109578 -72.96266,-15.109642 -72.962635,-15.109669 -72.962628,-15.109719 -72.962632,-15.109752 -72.96262,-15.109775 -72.962597,-15.109942 -72.962577,-15.110022 -72.962513,-15.110205 -72.962516,-15.110225 -72.962527,-15.110238 -72.962546,-15.110252 -72.962584,-15.110261 -72.962596,-15.110362 -72.962641,-15.110491 -72.962626,-15.110593 -72.962638,-15.110648 -72.962632,-15.110695 -72.962627,-15.110729 -72.962617,-15.110752 -72.962601,-15.110767 -72.962597,-15.110797 -72.962605,-15.110853 -72.962595,-15.110956 -72.962597,-15.110983 -72.962622,-15.111054 -72.962616,-15.111123 -72.962593,-15.111199 -72.962571,-15.111228 -72.962532,-15.111313 -72.962512,-15.111372 -72.962511,-15.111398 -72.962523,-15.111447 -72.962549,-15.111496 -72.962558,-15.111501 -72.962584,-15.111572 -72.962578,-15.111615 -72.962586,-15.111679 -72.962611,-15.111738 -72.962667,-15.111779 -72.962686,-15.111806 -72.962725,-15.111839 -72.962732,-15.111855 -72.962712,-15.111951 -72.962723,-15.112042 -72.962717,-15.112065 -72.962734,-15.112132 -72.96273,-15.112152 -72.962688,-15.112279 -72.962663,-15.112296 -72.962629,-15.112355 -72.96258,-15.11238 -72.962551,-15.11244 -72.962509,-15.112475 -72.962473,-15.112548 -72.962443,-15.112632 -72.962359,-15.112719 -72.962344,-15.112743 -72.96234,-15.11279 -72.962321,-15.112826 -72.962314,-15.11287 -72.962299,-15.112903 -72.962308,-15.112914 -72.962285,-15.112964 -72.962289,-15.112996 -72.962282,-15.113013 -72.962283,-15.113066 -72.962272,-15.113131 -72.962283,-15.113162 -72.962263,-15.113267 -72.962292,-15.113339 -72.962296,-15.113381 -72.962236,-15.113505 -72.962233,-15.113611 -72.962188,-15.113739 -72.962191,-15.113798 -72.962176,-15.113826 -72.962149,-15.114024 -72.962134,-15.114074 -72.962138,-15.114128 -72.962131,-15.114172 -72.962084,-15.114242 -72.96208,-15.114265 -72.962064,-15.114276 -72.962058,-15.114307 -72.962025,-15.114372 -72.96202,-15.114398 -72.961994,-15.114423 -72.961979,-15.114463 -72.961962,-15.114477 -72.961912,-15.114567 -72.961912,-15.114588 -72.961863,-15.114668 -72.961853,-15.11472 -72.961822,-15.11476 -72.961791,-15.114839 -72.961773,-15.114867 -72.961763,-15.114947 -72.961745,-15.115009 -72.961715,-15.115054 -72.9617,-15.11511 -72.961681,-15.115232 -72.96165,-15.115359 -72.961654,-15.115421 -72.96164,-15.115478 -72.961645,-15.11553 -72.961626,-15.115623 -72.961628,-15.115735 -72.961518,-15.115929 -72.961507,-15.115997 -72.96148,-15.116053 -72.961452,-15.116138 -72.961439,-15.116195 -72.961438,-15.116247 -72.961401,-15.11639 -72.961364,-15.116489 -72.961372,-15.116544 -72.961349,-15.116645 -72.961359,-15.116693 -72.961341,-15.116736 -72.96129,-15.116801 -72.961256,-15.116884 -72.961248,-15.116931 -72.961235,-15.116947 -72.961236,-15.116989 -72.961217,-15.117008 -72.961218,-15.117051 -72.961209,-15.117079 -72.961163,-15.117141 -72.961167,-15.117159 -72.961144,-15.117221 -72.961151,-15.117273 -72.961131,-15.117288 -72.961095,-15.11738 -72.961087,-15.117427 -72.961071,-15.117449 -72.96108,-15.117467 -72.961055,-15.117497 -72.96106,-15.11757 -72.961045,-15.117579 -72.961046,-15.1176 -72.961021,-15.117638 -72.96101,-15.117686 -72.960989,-15.11773 -72.960967,-15.117751 -72.960962,-15.117808 -72.960977,-15.117845 -72.960953,-15.117962 -72.961024,-15.118107 -72.961027,-15.11817 -72.961038,-15.118199 -72.961031,-15.118232 -72.96104,-15.118267 -72.961022,-15.118347 -72.960972,-15.118497 -72.960897,-15.118605 -72.96088,-15.118688 -72.960825,-15.118792 -72.96083,-15.118804 -72.960823,-15.118804 -72.960811,-15.118829 -72.960804,-15.118876 -72.960792,-15.11889 -72.960788,-15.118934 -72.960762,-15.118988 -72.960727,-15.119027 -72.960723,-15.119049 -72.960733,-15.119063 -72.960714,-15.11908 -72.96069,-15.119128 -72.96066,-15.119164 -72.96065,-15.119192 -72.960629,-15.119211 -72.960629,-15.119243 -72.960559,-15.11931 -72.96053,-15.119353 -72.960473,-15.119398 -72.960416,-15.119477 -72.960394,-15.119497 -72.96037,-15.119539 -72.960271,-15.119639 -72.960226,-15.119718 -72.96021,-15.119769 -72.960189,-15.119793 -72.960131,-15.119925 -72.960079,-15.120014 -72.96001,-15.120215 -72.959983,-15.120251 -72.959968,-15.120352 -72.959946,-15.120396 -72.959949,-15.120427 -72.959927,-15.120458 -72.959914,-15.120509 -72.959895,-15.120544 -72.959886,-15.120592 -72.959865,-15.120635 -72.959862,-15.120682 -72.959814,-15.12076 -72.959808,-15.120784 -72.959814,-15.120809 -72.959793,-15.120838 -72.959802,-15.120854 -72.959791,-15.120899 -72.959771,-15.120941 -72.959748,-15.120963 -72.95972,-15.121065 -72.959701,-15.121103 -72.959705,-15.121126 -72.959615,-15.121287 -72.959592,-15.121411 -72.959566,-15.121469 -72.95954,-15.121507 -72.95953,-15.121556 -72.95951,-15.1216 -72.959505,-15.121632 -72.959513,-15.121646 -72.95948,-15.121684 -72.95947,-15.121706 -72.959455,-15.12179 -72.95942,-15.121859 -72.959398,-15.121965 -72.959412,-15.121982 -72.959401,-15.122025 -72.959407,-15.122067 -72.959396,-15.122092 -72.959411,-15.122111 -72.95937,-15.122189 -72.959308,-15.12226 -72.959221,-15.122385 -72.959196,-15.122428 -72.959186,-15.122488 -72.95913,-15.12258 -72.959088,-15.122609 -72.959051,-15.122659 -72.959031,-15.122671 -72.959012,-15.1227 -72.958987,-15.122716 -72.958966,-15.122749 -72.958881,-15.122805 -72.958844,-15.122844 -72.958836,-15.122842 -72.958791,-15.122881 -72.958777,-15.12288 -72.958608,-15.12296 -72.958587,-15.122981 -72.958518,-15.123025 -72.958515,-15.123038 -72.958489,-15.123047 -72.958471,-15.12307 -72.958482,-15.123071 -72.958501,-15.123062 -72.958485,-15.123053 -72.958469,-15.123052 -72.958452,-15.123051 -72.958442,-15.123052 -72.958331,-15.123082 -72.958313,-15.123108 -72.958258,-15.12316 -72.958207,-15.123292 -72.95818,-15.123333 -72.958149,-15.123361 -72.958096,-15.123368 -72.9580885993743,-15.123358047825</coordinates></LineString></MultiGeometry>
  </Placemark>
  <Placemark id="Route.16">
	<name>30 julio (salida)</name>
	<description>&lt;b&gt;Descripción:&lt;/b&gt; Vuelta&lt;br&gt;&lt;b&gt;Inicio:&lt;/b&gt; 2007-07-30 13:58:31&lt;br&gt;&lt;b&gt;Fin:&lt;/b&gt; 2007-07-30 17:06:07&lt;br&gt;&lt;b&gt;Duración:&lt;/b&gt; 3.1 horas&lt;br&gt;</description>
	<Style><LineStyle><color>FF1c1ae3</color><width>4.25196</width></LineStyle><PolyStyle><fill>0</fill></PolyStyle></Style>
	<ExtendedData><SchemaData schemaUrl="#Route">
		<SimpleData name="fid">12</SimpleData>
		<SimpleData name="duracion">3.13</SimpleData>
		<SimpleData name="inicio_local">2007-07-30 13:58:31</SimpleData>
		<SimpleData name="fin_local">2007-07-30 17:06:07</SimpleData>
		<SimpleData name="nombre">30 julio (salida)</SimpleData>
		<SimpleData name="descrip">Vuelta</SimpleData>
	</SchemaData></ExtendedData>
      <MultiGeometry><LineString><coordinates>-72.9579963556871,-15.1233696367095 -72.957963,-15.123369 -72.957929,-15.123344 -72.957837,-15.123342 -72.95777,-15.123316 -72.957665,-15.123314 -72.957613,-15.123323 -72.957508,-15.123316 -72.957444,-15.12332 -72.957414,-15.123314 -72.957304,-15.123328 -72.957134,-15.123317 -72.957051,-15.12334 -72.956972,-15.123285 -72.956949,-15.123256 -72.956896,-15.123232 -72.956885,-15.123242 -72.956875,-15.12324 -72.956835,-15.123188 -72.956799,-15.123171 -72.956719,-15.123159 -72.956552,-15.123211 -72.956506,-15.123217 -72.956437,-15.123263 -72.956348,-15.123283 -72.956247,-15.123344 -72.956193,-15.123406 -72.956167,-15.123421 -72.956142,-15.123427 -72.956091,-15.123424 -72.956063,-15.123433 -72.956035,-15.123429 -72.955946,-15.123396 -72.955896,-15.123389 -72.955821,-15.123362 -72.955757,-15.123376 -72.95572,-15.123403 -72.955655,-15.123405 -72.955488,-15.123468 -72.955447,-15.123505 -72.955323,-15.123586 -72.955205,-15.123638 -72.955188,-15.123654 -72.955154,-15.123711 -72.955067,-15.123744 -72.955059,-15.123758 -72.954975,-15.123809 -72.954933,-15.123861 -72.954892,-15.123895 -72.954746,-15.123973 -72.954709,-15.123975 -72.95468,-15.123986 -72.954576,-15.124042 -72.954495,-15.124161 -72.954441,-15.124195 -72.954407,-15.124229 -72.954351,-15.124246 -72.95429,-15.1243 -72.954213,-15.124337 -72.954185,-15.12438 -72.954125,-15.124411 -72.954072,-15.124458 -72.95402,-15.124522 -72.953984,-15.124553 -72.953958,-15.124562 -72.95388,-15.124658 -72.953862,-15.124668 -72.953792,-15.124744 -72.953769,-15.124787 -72.953736,-15.124827 -72.9537,-15.124842 -72.953654,-15.12489 -72.953624,-15.124911 -72.953537,-15.124937 -72.953496,-15.124967 -72.953331,-15.125047 -72.953247,-15.125107 -72.953174,-15.125138 -72.953126,-15.125205 -72.953008,-15.125284 -72.952942,-15.125354 -72.9529,-15.125384 -72.952788,-15.125434 -72.952771,-15.125449 -72.952755,-15.125479 -72.952713,-15.12552 -72.952648,-15.125566 -72.952617,-15.12558 -72.952604,-15.125595 -72.952601,-15.125615 -72.952598,-15.125619 -72.952608,-15.125617 -72.952575,-15.125635 -72.952518,-15.125704 -72.952418,-15.125786 -72.952411,-15.125807 -72.952351,-15.125868 -72.952225,-15.125944 -72.952101,-15.12606 -72.952027,-15.126092 -72.952024,-15.126108 -72.951955,-15.12619 -72.951929,-15.126203 -72.95189,-15.126253 -72.95182,-15.126288 -72.95176,-15.126361 -72.951648,-15.126439 -72.951625,-15.126467 -72.951618,-15.126492 -72.951573,-15.126536 -72.951545,-15.126551 -72.951516,-15.126547 -72.95147,-15.126577 -72.951389,-15.126611 -72.951373,-15.126621 -72.951366,-15.126639 -72.9513,-15.126685 -72.95125,-15.126706 -72.951219,-15.126729 -72.951196,-15.126734 -72.951135,-15.126785 -72.951105,-15.126783 -72.951052,-15.126827 -72.951025,-15.126834 -72.951008,-15.126859 -72.950988,-15.126862 -72.950945,-15.126848 -72.950875,-15.126854 -72.950849,-15.126848 -72.950817,-15.12686 -72.950751,-15.126833 -72.950712,-15.126842 -72.950646,-15.126834 -72.950591,-15.126847 -72.95042,-15.126827 -72.950399,-15.126821 -72.950333,-15.12677 -72.950311,-15.126763 -72.950163,-15.126765 -72.950125,-15.126736 -72.950107,-15.126736 -72.95009,-15.126719 -72.9501,-15.126694 -72.950047,-15.126693 -72.950008,-15.12667 -72.949987,-15.126646 -72.949972,-15.126643 -72.949978,-15.126635 -72.949942,-15.126608 -72.949884,-15.126639 -72.949832,-15.12665 -72.949816,-15.126667 -72.949788,-15.126671 -72.949782,-15.126644 -72.949768,-15.12663 -72.949767,-15.126602 -72.94975,-15.126602 -72.949745,-15.126582 -72.949733,-15.126577 -72.94972,-15.126578 -72.949676,-15.12662 -72.949623,-15.126636 -72.949574,-15.126702 -72.949569,-15.126696 -72.949574,-15.126679 -72.949556,-15.12666 -72.94956,-15.126626 -72.94952,-15.126612 -72.949486,-15.126562 -72.949449,-15.126545 -72.94943,-15.126525 -72.949417,-15.126532 -72.949407,-15.126529 -72.949401,-15.126507 -72.94939,-15.126507 -72.949366,-15.126525 -72.949352,-15.126519 -72.949345,-15.126501 -72.949333,-15.1265 -72.949316,-15.126484 -72.94928,-15.126497 -72.949214,-15.126538 -72.949211,-15.126556 -72.949199,-15.12657 -72.949188,-15.12657 -72.949167,-15.126552 -72.949141,-15.126591 -72.949135,-15.126574 -72.949104,-15.126538 -72.949085,-15.126528 -72.949014,-15.126572 -72.948986,-15.126577 -72.94896,-15.126571 -72.948916,-15.126543 -72.948908,-15.126495 -72.948876,-15.126454 -72.948824,-15.126415 -72.948799,-15.12641 -72.948753,-15.126366 -72.948714,-15.126389 -72.94873,-15.12637 -72.948728,-15.126356 -72.948686,-15.126348 -72.948613,-15.126348 -72.94858,-15.126338 -72.948545,-15.126293 -72.948524,-15.126282 -72.948499,-15.126297 -72.948471,-15.126301 -72.948372,-15.12629 -72.948355,-15.1263 -72.948319,-15.126284 -72.948312,-15.12627 -72.948259,-15.126231 -72.948153,-15.126224 -72.948128,-15.126188 -72.948108,-15.126173 -72.948081,-15.126171 -72.948054,-15.126145 -72.948036,-15.126117 -72.94804,-15.1261 -72.948028,-15.126068 -72.948007,-15.126081 -72.947984,-15.12608 -72.947982,-15.126066 -72.947899,-15.126076 -72.947866,-15.126054 -72.947808,-15.126057 -72.947795,-15.126038 -72.947753,-15.126029 -72.947698,-15.126038 -72.947637,-15.126035 -72.947511,-15.12607 -72.947487,-15.126071 -72.947402,-15.126117 -72.947398,-15.126128 -72.94731,-15.126123 -72.947287,-15.126127 -72.947279,-15.126139 -72.947196,-15.126132 -72.947007,-15.126176 -72.946986,-15.126194 -72.946962,-15.126202 -72.946952,-15.126211 -72.946962,-15.126211 -72.946957,-15.126207 -72.946952,-15.126201 -72.946953,-15.126201 -72.94695,-15.126201 -72.946924,-15.126247 -72.946869,-15.126274 -72.946831,-15.126304 -72.946782,-15.126323 -72.946694,-15.126389 -72.946614,-15.126425 -72.946573,-15.12646 -72.946563,-15.126473 -72.94657,-15.126477 -72.946493,-15.126464 -72.946481,-15.126477 -72.946462,-15.126468 -72.946446,-15.126471 -72.946431,-15.126492 -72.946318,-15.126534 -72.946315,-15.126559 -72.946272,-15.12659 -72.946238,-15.126635 -72.946168,-15.1267 -72.946104,-15.126735 -72.946084,-15.126755 -72.946029,-15.126776 -72.94602,-15.126802 -72.945953,-15.126868 -72.945884,-15.126986 -72.945793,-15.127061 -72.945788,-15.127085 -72.945759,-15.127126 -72.945764,-15.127145 -72.945755,-15.127213 -72.945743,-15.12723 -72.945615,-15.127367 -72.945592,-15.127382 -72.945582,-15.127404 -72.945562,-15.127412 -72.945548,-15.127427 -72.945528,-15.127467 -72.945503,-15.127492 -72.945467,-15.127526 -72.945392,-15.12757 -72.945371,-15.127632 -72.94535,-15.127645 -72.945314,-15.127691 -72.94528,-15.127754 -72.945283,-15.127781 -72.945309,-15.127792 -72.945314,-15.12781 -72.945297,-15.127842 -72.945246,-15.127861 -72.945229,-15.127861 -72.94519,-15.127896 -72.945127,-15.127935 -72.945084,-15.127949 -72.945049,-15.127949 -72.945005,-15.127961 -72.944944,-15.128 -72.944934,-15.128021 -72.944897,-15.128046 -72.944883,-15.128065 -72.944822,-15.128098 -72.944759,-15.128148 -72.944735,-15.128151 -72.944695,-15.128188 -72.94467,-15.128189 -72.944692,-15.12817 -72.944706,-15.128175 -72.944707,-15.128162 -72.944597,-15.128192 -72.944568,-15.128234 -72.944546,-15.128253 -72.944478,-15.128394 -72.944451,-15.128432 -72.944264,-15.128613 -72.944198,-15.128643 -72.944135,-15.128686 -72.944082,-15.128708 -72.944023,-15.12877 -72.943985,-15.128788 -72.943953,-15.128787 -72.943923,-15.128805 -72.943881,-15.128811 -72.943864,-15.128804 -72.943847,-15.128811 -72.943782,-15.128814 -72.943715,-15.128832 -72.943634,-15.128827 -72.943554,-15.12885 -72.943497,-15.128878 -72.943457,-15.128889 -72.943432,-15.128886 -72.943282,-15.128916 -72.943208,-15.128912 -72.943181,-15.128922 -72.943159,-15.128944 -72.943127,-15.128955 -72.943116,-15.12897 -72.943066,-15.128989 -72.943051,-15.12901 -72.942834,-15.129117 -72.942805,-15.129146 -72.942763,-15.129158 -72.94274,-15.129183 -72.942736,-15.1292 -72.942675,-15.129229 -72.94267,-15.129246 -72.942646,-15.129262 -72.942637,-15.129281 -72.942582,-15.129261 -72.942549,-15.129281 -72.942522,-15.129285 -72.942506,-15.129299 -72.942481,-15.129305 -72.942443,-15.129343 -72.942422,-15.129354 -72.942396,-15.129409 -72.942397,-15.129438 -72.942379,-15.129479 -72.942381,-15.1295 -72.942364,-15.129511 -72.942353,-15.129549 -72.942358,-15.129568 -72.94234,-15.129582 -72.942336,-15.129598 -72.942297,-15.129615 -72.942284,-15.129631 -72.942283,-15.129651 -72.942259,-15.129704 -72.942267,-15.129764 -72.942244,-15.129796 -72.94223,-15.129862 -72.942232,-15.129902 -72.942211,-15.129948 -72.94221,-15.129967 -72.942184,-15.129996 -72.94217,-15.130029 -72.942152,-15.13003 -72.942118,-15.130082 -72.942115,-15.13013 -72.942082,-15.130259 -72.942091,-15.13031 -72.94208,-15.130329 -72.942081,-15.130378 -72.942042,-15.130484 -72.942026,-15.130517 -72.942008,-15.130528 -72.941983,-15.130572 -72.941988,-15.130602 -72.941942,-15.130656 -72.941926,-15.130703 -72.941849,-15.130771 -72.941836,-15.130793 -72.941813,-15.130805 -72.94178,-15.130861 -72.941776,-15.13088 -72.941756,-15.130891 -72.941736,-15.130961 -72.941717,-15.13099 -72.9417,-15.130999 -72.941701,-15.131034 -72.941681,-15.131065 -72.941663,-15.131074 -72.941654,-15.131141 -72.941637,-15.131177 -72.941605,-15.131199 -72.941586,-15.131257 -72.941536,-15.131312 -72.941527,-15.131385 -72.941507,-15.131418 -72.941463,-15.131452 -72.941464,-15.131479 -72.941473,-15.131497 -72.941437,-15.131512 -72.941458,-15.13158 -72.941447,-15.13159 -72.941471,-15.131639 -72.941474,-15.131683 -72.941455,-15.131731 -72.941468,-15.13178 -72.941456,-15.131814 -72.941462,-15.131879 -72.941454,-15.131901 -72.941472,-15.131928 -72.941476,-15.131948 -72.941479,-15.131989 -72.941463,-15.132055 -72.941477,-15.132106 -72.941455,-15.13221 -72.941436,-15.132248 -72.941425,-15.13225 -72.941423,-15.132285 -72.941404,-15.132317 -72.941398,-15.13235 -72.941379,-15.132376 -72.941365,-15.132433 -72.941344,-15.132472 -72.941321,-15.132504 -72.941296,-15.132519 -72.941242,-15.132576 -72.94123,-15.132586 -72.941203,-15.132592 -72.941193,-15.132613 -72.941181,-15.132615 -72.941134,-15.132667 -72.941091,-15.132686 -72.941071,-15.132709 -72.941051,-15.132717 -72.940974,-15.132792 -72.940902,-15.132841 -72.94088,-15.13287 -72.940842,-15.132893 -72.940827,-15.132895 -72.940772,-15.132935 -72.940739,-15.132975 -72.940674,-15.133011 -72.940649,-15.133041 -72.940635,-15.133044 -72.940606,-15.133072 -72.940565,-15.133078 -72.940522,-15.133104 -72.940482,-15.133115 -72.940472,-15.133141 -72.940414,-15.133224 -72.940379,-15.133237 -72.940345,-15.13329 -72.94031,-15.133302 -72.940295,-15.133319 -72.940276,-15.133372 -72.940255,-15.1334 -72.94025,-15.133452 -72.940236,-15.133496 -72.940168,-15.133575 -72.940148,-15.133624 -72.940106,-15.133688 -72.940067,-15.133778 -72.940019,-15.133845 -72.939959,-15.133905 -72.939923,-15.133913 -72.939885,-15.133941 -72.939869,-15.13394 -72.939856,-15.133923 -72.939815,-15.133917 -72.939749,-15.133925 -72.939689,-15.133947 -72.939597,-15.133934 -72.939578,-15.133937 -72.939556,-15.133929 -72.939519,-15.13394 -72.939497,-15.133912 -72.939472,-15.133907 -72.939411,-15.133873 -72.93918,-15.133956 -72.93914,-15.133977 -72.93909,-15.133987 -72.939002,-15.134018 -72.938959,-15.134015 -72.938901,-15.134024 -72.938853,-15.134041 -72.938797,-15.134072 -72.938651,-15.134115 -72.938552,-15.13412 -72.938513,-15.134129 -72.938448,-15.134125 -72.938348,-15.134154 -72.938129,-15.134161 -72.938015,-15.134182 -72.937932,-15.134179 -72.937909,-15.134189 -72.937864,-15.134183 -72.937683,-15.134198 -72.937534,-15.134221 -72.937492,-15.134218 -72.937398,-15.134236 -72.937216,-15.134306 -72.937156,-15.134307 -72.937103,-15.134324 -72.93708,-15.134339 -72.937,-15.134356 -72.936956,-15.134376 -72.936889,-15.134392 -72.936755,-15.134453 -72.936618,-15.134493 -72.93656,-15.134531 -72.936452,-15.134572 -72.936241,-15.134708 -72.936207,-15.134722 -72.936188,-15.13472 -72.936146,-15.134731 -72.936105,-15.134752 -72.936036,-15.134763 -72.935921,-15.134828 -72.935907,-15.134822 -72.935883,-15.134834 -72.935875,-15.134831 -72.935881,-15.134828 -72.93588,-15.134815 -72.935876,-15.134823 -72.935799,-15.134845 -72.935774,-15.134875 -72.935657,-15.134967 -72.935613,-15.13498 -72.935553,-15.135012 -72.935488,-15.135071 -72.935426,-15.135099 -72.935381,-15.135131 -72.935339,-15.135179 -72.935332,-15.13519 -72.935295,-15.135208 -72.935257,-15.135241 -72.935233,-15.135277 -72.935193,-15.13529 -72.935182,-15.135279 -72.935162,-15.135305 -72.93516,-15.13532 -72.935108,-15.135344 -72.935058,-15.135347 -72.935031,-15.135326 -72.935022,-15.135309 -72.934954,-15.135308 -72.93494,-15.135296 -72.9349,-15.13529 -72.934873,-15.135295 -72.934849,-15.13528 -72.934808,-15.135269 -72.9348,-15.135279 -72.934781,-15.135284 -72.934775,-15.135311 -72.934764,-15.135321 -72.934704,-15.135339 -72.934692,-15.135368 -72.934654,-15.135369 -72.934653,-15.135383 -72.934627,-15.135395 -72.934593,-15.135393 -72.93455,-15.135409 -72.934526,-15.135403 -72.934499,-15.135411 -72.93446,-15.135387 -72.934444,-15.135386 -72.934418,-15.135416 -72.934399,-15.135427 -72.934397,-15.135442 -72.934355,-15.135485 -72.934329,-15.135486 -72.934295,-15.135476 -72.934247,-15.135477 -72.934208,-15.135489 -72.934157,-15.135517 -72.934137,-15.135509 -72.934123,-15.135512 -72.934012,-15.135549 -72.933978,-15.135544 -72.933942,-15.135553 -72.933924,-15.135541 -72.933891,-15.135507 -72.933884,-15.135472 -72.93387,-15.135454 -72.933787,-15.135404 -72.933755,-15.135368 -72.933745,-15.135341 -72.933671,-15.135297 -72.933642,-15.135257 -72.933632,-15.13526 -72.933583,-15.135242 -72.933572,-15.135214 -72.933546,-15.135182 -72.933485,-15.135135 -72.93345,-15.135062 -72.933451,-15.135023 -72.933432,-15.134959 -72.933417,-15.13494 -72.933418,-15.1349 -72.933397,-15.134879 -72.933367,-15.134813 -72.93335,-15.134815 -72.933331,-15.1348 -72.933345,-15.134751 -72.933336,-15.134696 -72.933319,-15.134674 -72.933298,-15.134666 -72.933251,-15.134654 -72.933228,-15.134659 -72.933203,-15.134614 -72.933208,-15.134581 -72.933202,-15.134563 -72.933134,-15.134475 -72.93307,-15.134417 -72.933045,-15.134381 -72.932989,-15.134367 -72.932978,-15.134349 -72.932957,-15.134337 -72.932928,-15.134337 -72.93292,-15.134301 -72.932891,-15.134278 -72.932784,-15.134212 -72.932709,-15.134181 -72.932695,-15.134165 -72.932646,-15.134154 -72.932589,-15.134093 -72.932522,-15.134047 -72.932444,-15.133969 -72.932413,-15.133962 -72.932381,-15.133923 -72.932362,-15.133922 -72.93232,-15.133882 -72.932255,-15.133891 -72.932214,-15.133869 -72.932182,-15.133836 -72.932149,-15.133838 -72.932114,-15.133804 -72.932059,-15.133807 -72.932044,-15.13378 -72.932037,-15.13379 -72.931915,-15.133762 -72.931876,-15.133733 -72.93185,-15.133724 -72.931837,-15.133704 -72.931812,-15.133689 -72.931747,-15.133656 -72.931698,-15.13364 -72.931612,-15.133581 -72.931547,-15.133562 -72.931514,-15.133533 -72.931476,-15.133531 -72.931408,-15.133508 -72.931314,-15.133456 -72.931268,-15.133412 -72.931224,-15.133394 -72.931203,-15.133399 -72.931208,-15.133396 -72.931181,-15.133381 -72.931106,-15.133361 -72.931083,-15.133339 -72.931071,-15.133343 -72.931038,-15.133322 -72.931017,-15.133332 -72.930992,-15.133327 -72.930976,-15.13334 -72.930956,-15.133341 -72.930862,-15.133301 -72.9308,-15.133309 -72.930746,-15.133308 -72.930705,-15.133294 -72.930682,-15.133299 -72.930637,-15.133257 -72.930559,-15.133211 -72.930536,-15.133181 -72.930475,-15.133135 -72.930452,-15.133106 -72.930404,-15.133074 -72.930336,-15.133066 -72.930315,-15.133054 -72.930299,-15.133066 -72.930255,-15.133058 -72.930235,-15.13304 -72.930148,-15.133025 -72.930114,-15.132996 -72.930102,-15.133015 -72.930081,-15.133011 -72.930033,-15.132984 -72.929954,-15.132972 -72.929844,-15.132913 -72.929802,-15.132927 -72.929765,-15.132949 -72.929726,-15.132958 -72.929615,-15.13304 -72.929528,-15.133061 -72.92949,-15.133044 -72.929461,-15.133051 -72.929437,-15.133084 -72.92937,-15.133102 -72.929341,-15.133128 -72.929275,-15.133156 -72.929112,-15.133273 -72.929086,-15.133299 -72.929094,-15.133338 -72.929057,-15.133371 -72.929051,-15.133364 -72.929038,-15.133375 -72.928999,-15.133371 -72.928995,-15.133398 -72.928985,-15.133398 -72.928978,-15.133409 -72.928958,-15.133407 -72.928915,-15.13342 -72.928907,-15.133431 -72.928873,-15.13343 -72.928845,-15.133443 -72.92881,-15.133424 -72.928811,-15.133415 -72.928797,-15.133402 -72.928778,-15.133398 -72.928781,-15.13338 -72.928769,-15.133371 -72.92877,-15.133346 -72.928737,-15.133325 -72.928741,-15.133315 -72.928725,-15.133287 -72.928689,-15.133272 -72.928663,-15.133251 -72.928603,-15.133243 -72.928573,-15.133224 -72.928565,-15.133202 -72.92854,-15.13319 -72.928532,-15.133159 -72.928516,-15.133142 -72.928519,-15.13312 -72.928539,-15.133098 -72.928542,-15.133085 -72.928507,-15.133056 -72.928501,-15.133031 -72.928471,-15.133006 -72.928487,-15.132978 -72.928517,-15.13295 -72.928522,-15.132934 -72.928507,-15.132889 -72.928506,-15.13286 -72.928496,-15.132851 -72.928483,-15.132853 -72.928462,-15.132874 -72.928454,-15.132926 -72.928422,-15.132957 -72.928427,-15.132981 -72.928424,-15.132997 -72.928414,-15.133003 -72.928403,-15.133008 -72.928405,-15.13298 -72.928372,-15.132965 -72.928374,-15.132953 -72.928356,-15.132947 -72.92835,-15.132955 -72.928353,-15.132966 -72.928341,-15.132975 -72.928295,-15.133053 -72.928305,-15.133001 -72.928323,-15.132983 -72.928321,-15.13297 -72.9283,-15.132957 -72.928267,-15.13297 -72.928274,-15.132973 -72.92826,-15.132981 -72.928249,-15.132981 -72.928223,-15.132954 -72.928201,-15.132957 -72.9282,-15.132975 -72.928141,-15.133027 -72.928133,-15.133069 -72.928104,-15.133106 -72.928004,-15.133171 -72.92799,-15.133212 -72.927978,-15.133223 -72.927945,-15.133236 -72.927943,-15.133223 -72.927926,-15.133212 -72.927915,-15.133214 -72.927874,-15.133267 -72.927842,-15.133289 -72.927752,-15.133303 -72.927758,-15.133316 -72.927668,-15.133329 -72.927627,-15.133358 -72.927568,-15.133426 -72.927558,-15.133509 -72.92754,-15.133524 -72.92752,-15.133608 -72.927492,-15.133637 -72.927462,-15.133699 -72.927452,-15.13376 -72.927462,-15.133782 -72.927428,-15.133815 -72.927432,-15.133833 -72.927425,-15.133862 -72.927431,-15.133881 -72.927392,-15.133919 -72.927348,-15.133949 -72.927347,-15.13396 -72.927328,-15.133983 -72.927292,-15.134006 -72.927297,-15.134026 -72.927287,-15.134046 -72.92724,-15.134075 -72.927178,-15.134148 -72.927181,-15.134156 -72.927118,-15.134218 -72.927073,-15.134237 -72.927069,-15.134248 -72.927023,-15.134254 -72.926986,-15.134271 -72.926978,-15.134306 -72.926947,-15.13433 -72.926923,-15.134313 -72.926915,-15.134289 -72.926919,-15.134272 -72.926934,-15.134254 -72.926933,-15.13423 -72.926961,-15.134206 -72.926973,-15.13418 -72.926967,-15.134148 -72.926972,-15.134132 -72.926993,-15.134119 -72.927004,-15.134076 -72.927019,-15.134059 -72.927011,-15.134022 -72.927043,-15.13396 -72.927032,-15.133938 -72.927046,-15.133929 -72.927056,-15.133902 -72.927034,-15.133847 -72.927046,-15.133813 -72.927046,-15.133782 -72.927055,-15.133768 -72.927049,-15.133749 -72.927058,-15.133732 -72.927052,-15.133707 -72.927018,-15.133696 -72.927034,-15.133679 -72.927036,-15.133654 -72.927024,-15.13365 -72.927016,-15.133665 -72.926973,-15.133688 -72.926862,-15.133723 -72.926839,-15.133748 -72.926826,-15.133735 -72.926824,-15.133721 -72.926883,-15.13368 -72.926894,-15.133648 -72.926885,-15.133626 -72.926874,-15.133619 -72.926814,-15.133669 -72.926806,-15.133683 -72.926793,-15.133685 -72.926779,-15.13368 -72.926748,-15.133642 -72.926729,-15.133638 -72.926707,-15.133668 -72.926685,-15.133675 -72.926675,-15.133692 -72.926653,-15.133706 -72.926637,-15.133735 -72.926603,-15.133767 -72.92657,-15.133783 -72.926544,-15.133824 -72.926534,-15.133829 -72.926522,-15.133821 -72.926546,-15.133765 -72.92656,-15.133759 -72.926558,-15.133744 -72.926541,-15.133745 -72.926476,-15.133772 -72.926472,-15.133794 -72.926385,-15.133787 -72.926359,-15.13381 -72.92629,-15.133945 -72.926263,-15.133957 -72.92626,-15.13394 -72.926245,-15.13392 -72.926206,-15.13392 -72.926197,-15.133941 -72.926167,-15.13395 -72.926148,-15.133972 -72.926133,-15.134012 -72.926108,-15.13402 -72.926069,-15.134049 -72.925993,-15.134068 -72.925968,-15.134093 -72.925918,-15.134116 -72.925915,-15.134132 -72.92588,-15.134177 -72.925851,-15.134243 -72.925816,-15.134267 -72.925808,-15.134297 -72.925773,-15.134318 -72.925775,-15.134345 -72.925737,-15.134387 -72.925733,-15.134401 -72.925704,-15.134418 -72.925713,-15.134432 -72.925706,-15.134447 -72.925644,-15.134481 -72.925628,-15.134499 -72.92559,-15.134512 -72.925576,-15.13453 -72.925553,-15.13453 -72.925537,-15.134543 -72.925526,-15.134566 -72.925498,-15.134572 -72.925486,-15.134567 -72.925501,-15.134534 -72.925534,-15.134495 -72.925535,-15.134475 -72.925515,-15.134447 -72.9255,-15.134443 -72.925466,-15.134453 -72.925447,-15.134468 -72.925424,-15.134463 -72.925389,-15.13447 -72.925331,-15.134446 -72.925276,-15.134445 -72.925259,-15.134438 -72.925254,-15.134427 -72.925237,-15.13443 -72.925206,-15.134418 -72.925133,-15.134413 -72.925112,-15.134424 -72.925085,-15.134415 -72.925069,-15.134417 -72.924985,-15.134451 -72.924948,-15.134501 -72.92491,-15.134529 -72.924899,-15.134547 -72.9249,-15.13459 -72.924881,-15.134654 -72.924862,-15.134774 -72.924834,-15.13478 -72.924819,-15.134774 -72.924826,-15.134746 -72.924806,-15.134726 -72.924799,-15.134697 -72.924804,-15.13469 -72.924782,-15.134684 -72.924755,-15.13469 -72.924722,-15.134724 -72.924712,-15.134762 -72.924691,-15.134778 -72.924689,-15.134797 -72.924643,-15.134849 -72.924634,-15.134849 -72.924606,-15.134804 -72.92458,-15.134796 -72.924549,-15.13486 -72.924506,-15.134911 -72.924485,-15.134954 -72.924476,-15.134956 -72.924445,-15.134998 -72.924403,-15.135005 -72.924337,-15.135003 -72.924299,-15.135011 -72.924253,-15.135042 -72.92423,-15.13504 -72.92419,-15.135055 -72.924144,-15.135047 -72.924125,-15.13506 -72.924083,-15.135123 -72.924136,-15.135136 -72.924261,-15.135227 -72.924272,-15.135265 -72.924263,-15.135285 -72.924259,-15.135344 -72.924233,-15.135366 -72.924216,-15.135408 -72.924166,-15.135465 -72.924092,-15.135481 -72.923998,-15.135483 -72.923965,-15.135492 -72.923955,-15.135502 -72.923942,-15.135499 -72.92394,-15.135486 -72.923991,-15.135419 -72.923997,-15.135379 -72.923971,-15.135363 -72.923967,-15.135356 -72.923974,-15.135347 -72.923919,-15.135394 -72.923909,-15.135393 -72.923877,-15.135382 -72.92384,-15.135348 -72.923826,-15.135322 -72.923799,-15.135303 -72.923739,-15.13524 -72.923714,-15.135183 -72.923694,-15.135168 -72.923685,-15.135134 -72.923638,-15.135089 -72.923624,-15.135066 -72.92363,-15.13504 -72.923619,-15.13502 -72.9236,-15.135005 -72.923591,-15.134982 -72.923586,-15.134942 -72.923572,-15.134911 -72.923582,-15.134908 -72.923577,-15.134903 -72.923565,-15.134899 -72.923545,-15.134915 -72.923566,-15.134913 -72.923577,-15.134901 -72.923592,-15.134886 -72.923593,-15.134866 -72.923605,-15.13486 -72.923626,-15.134867 -72.923637,-15.134854 -72.923654,-15.134855 -72.92365,-15.134842 -72.923697,-15.134816 -72.923727,-15.134783 -72.923754,-15.134776 -72.923768,-15.134743 -72.923782,-15.13474 -72.923785,-15.13472 -72.923772,-15.134664 -72.923749,-15.134664 -72.92371,-15.134649 -72.923693,-15.134632 -72.92362,-15.134631 -72.923556,-15.13461 -72.923477,-15.134599 -72.923441,-15.134598 -72.923345,-15.134613 -72.923326,-15.134601 -72.923237,-15.134616 -72.923229,-15.134607 -72.923174,-15.13459 -72.923143,-15.134565 -72.92309,-15.134561 -72.923071,-15.134571 -72.923045,-15.134562 -72.922994,-15.134513 -72.922966,-15.134446 -72.922947,-15.134443 -72.922925,-15.134382 -72.9229,-15.134382 -72.92289,-15.134396 -72.922895,-15.134407 -72.922888,-15.13442 -72.922867,-15.134428 -72.922858,-15.134399 -72.922801,-15.134355 -72.922803,-15.134312 -72.922783,-15.134293 -72.922784,-15.134282 -72.922757,-15.134263 -72.92272,-15.134255 -72.922691,-15.134233 -72.922652,-15.134169 -72.922625,-15.134162 -72.92261,-15.134176 -72.922578,-15.134174 -72.92257,-15.134149 -72.922555,-15.134132 -72.922516,-15.134105 -72.92248,-15.134056 -72.922443,-15.134024 -72.922397,-15.134014 -72.922354,-15.133987 -72.922338,-15.133988 -72.922332,-15.133981 -72.922303,-15.133991 -72.922254,-15.13398 -72.922233,-15.133959 -72.922212,-15.133959 -72.922139,-15.133881 -72.922102,-15.133807 -72.922064,-15.133769 -72.92202,-15.133772 -72.921998,-15.133783 -72.92196,-15.133771 -72.921917,-15.133774 -72.921876,-15.133759 -72.921845,-15.133773 -72.92184,-15.133756 -72.921815,-15.133741 -72.921793,-15.133743 -72.921772,-15.133735 -72.921748,-15.133701 -72.92171,-15.133687 -72.92169,-15.133668 -72.921684,-15.133652 -72.921662,-15.133644 -72.921628,-15.133647 -72.921607,-15.133667 -72.921563,-15.133666 -72.921497,-15.133694 -72.921448,-15.133689 -72.921412,-15.13367 -72.921351,-15.133659 -72.921323,-15.133664 -72.921284,-15.133694 -72.921265,-15.133698 -72.921242,-15.133687 -72.921198,-15.133685 -72.921184,-15.133698 -72.921151,-15.1337 -72.92112,-15.133718 -72.921107,-15.133759 -72.921036,-15.133836 -72.920991,-15.13384 -72.920921,-15.133871 -72.920856,-15.133887 -72.920811,-15.133962 -72.920792,-15.133965 -72.920755,-15.134004 -72.920708,-15.133996 -72.920692,-15.134004 -72.920629,-15.13398 -72.920615,-15.133947 -72.920581,-15.133947 -72.920574,-15.133936 -72.920538,-15.133945 -72.92051,-15.133938 -72.920448,-15.133903 -72.920447,-15.133887 -72.920418,-15.133877 -72.920387,-15.133871 -72.920349,-15.133883 -72.920329,-15.133882 -72.920276,-15.133878 -72.920225,-15.133865 -72.920183,-15.133845 -72.920233,-15.133858 -72.920177,-15.133839 -72.920204,-15.133807 -72.920214,-15.133783 -72.920168,-15.133783 -72.920125,-15.133774 -72.92008,-15.133723 -72.920053,-15.133704 -72.919974,-15.133677 -72.919954,-15.133679 -72.919986,-15.13369 -72.919959,-15.133725 -72.919845,-15.133799 -72.919835,-15.133821 -72.91983,-15.133863 -72.919819,-15.133876 -72.919794,-15.133951 -72.91973,-15.133999 -72.91974,-15.134012 -72.919723,-15.134012 -72.919694,-15.134034 -72.919665,-15.134094 -72.919665,-15.134143 -72.919649,-15.134152 -72.919653,-15.134176 -72.919647,-15.134192 -72.919624,-15.134226 -72.91959,-15.134253 -72.919589,-15.134288 -72.919566,-15.134319 -72.919562,-15.134344 -72.919566,-15.134363 -72.919558,-15.13441 -72.919565,-15.134428 -72.919535,-15.13449 -72.91954,-15.13451 -72.919516,-15.134552 -72.919514,-15.134609 -72.919502,-15.134624 -72.919494,-15.13467 -72.919465,-15.134703 -72.919469,-15.134752 -72.91944,-15.13476 -72.919429,-15.134779 -72.919447,-15.134807 -72.919453,-15.134837 -72.919412,-15.134896 -72.919425,-15.134965 -72.919412,-15.13499 -72.919426,-15.135006 -72.919425,-15.135022 -72.919421,-15.135019 -72.919419,-15.135033 -72.919394,-15.13505 -72.919348,-15.135068 -72.91932,-15.135096 -72.919317,-15.135111 -72.919279,-15.135132 -72.919268,-15.135158 -72.919186,-15.135185 -72.919189,-15.135233 -72.919174,-15.135273 -72.919175,-15.135289 -72.919159,-15.135293 -72.919159,-15.13534 -72.919144,-15.135359 -72.919147,-15.13539 -72.919166,-15.135434 -72.919145,-15.13549 -72.919094,-15.135512 -72.919068,-15.135504 -72.919047,-15.135507 -72.919023,-15.135521 -72.919013,-15.135537 -72.918965,-15.135573 -72.918925,-15.135626 -72.918907,-15.135631 -72.918874,-15.135626 -72.918854,-15.135614 -72.918802,-15.135607 -72.918764,-15.135613 -72.918718,-15.135639 -72.918658,-15.13563 -72.91864,-15.135639 -72.918641,-15.135665 -72.918653,-15.135678 -72.918683,-15.135684 -72.918639,-15.135748 -72.918597,-15.13578 -72.918485,-15.135766 -72.918436,-15.135775 -72.918417,-15.135762 -72.9184,-15.135761 -72.918346,-15.135772 -72.918305,-15.135792 -72.918288,-15.135853 -72.91828,-15.135851 -72.918269,-15.135871 -72.918245,-15.135885 -72.918217,-15.135934 -72.918215,-15.135954 -72.918226,-15.135969 -72.918221,-15.135984 -72.918193,-15.136026 -72.918161,-15.136058 -72.918175,-15.136077 -72.918169,-15.136091 -72.918148,-15.136102 -72.918139,-15.136127 -72.918147,-15.136154 -72.918133,-15.136167 -72.918104,-15.136175 -72.918105,-15.136295 -72.918075,-15.136347 -72.918097,-15.136378 -72.918097,-15.136388 -72.918066,-15.136447 -72.918033,-15.136474 -72.918025,-15.136494 -72.918019,-15.13649 -72.91801,-15.1365 -72.91799,-15.136535 -72.917976,-15.136527 -72.917954,-15.13655 -72.917909,-15.136567 -72.91782,-15.136618 -72.917818,-15.136632 -72.91778,-15.136655 -72.91774,-15.136695 -72.917715,-15.136706 -72.917685,-15.136746 -72.917638,-15.136749 -72.917536,-15.136825 -72.917506,-15.136819 -72.917493,-15.136833 -72.917454,-15.13682 -72.917377,-15.136765 -72.917366,-15.136767 -72.917301,-15.136745 -72.917266,-15.136763 -72.917251,-15.136762 -72.917212,-15.136725 -72.917185,-15.136724 -72.917146,-15.136688 -72.917122,-15.136679 -72.917115,-15.136664 -72.91715,-15.136639 -72.917178,-15.13664 -72.917159,-15.136623 -72.917154,-15.136599 -72.917178,-15.136574 -72.917198,-15.136569 -72.917215,-15.136548 -72.917217,-15.136556 -72.917237,-15.136547 -72.91725,-15.136525 -72.917205,-15.136509 -72.917198,-15.136493 -72.917209,-15.136476 -72.917213,-15.136412 -72.917227,-15.136396 -72.917227,-15.136374 -72.917242,-15.136336 -72.917227,-15.13631 -72.917219,-15.136273 -72.917222,-15.136243 -72.917239,-15.136218 -72.917212,-15.136175 -72.917257,-15.136104 -72.917252,-15.136078 -72.917268,-15.136064 -72.917262,-15.136044 -72.917251,-15.136039 -72.917255,-15.136029 -72.917244,-15.136 -72.917245,-15.13596 -72.917277,-15.135928 -72.917282,-15.135915 -72.917271,-15.135891 -72.917278,-15.135872 -72.917303,-15.135859 -72.917302,-15.135814 -72.917324,-15.135797 -72.917317,-15.135781 -72.917335,-15.135766 -72.917338,-15.135722 -72.917321,-15.135689 -72.917306,-15.135624 -72.91726,-15.135589 -72.917267,-15.135565 -72.917261,-15.135512 -72.917273,-15.135484 -72.917254,-15.135471 -72.917248,-15.135439 -72.917254,-15.135422 -72.917242,-15.135399 -72.917234,-15.135387 -72.917172,-15.135353 -72.917134,-15.135292 -72.917107,-15.135275 -72.917094,-15.135257 -72.917093,-15.135232 -72.917072,-15.135211 -72.917064,-15.135192 -72.917024,-15.13516 -72.917017,-15.135145 -72.916996,-15.135134 -72.916968,-15.135099 -72.916935,-15.135077 -72.916925,-15.135035 -72.916933,-15.135003 -72.916905,-15.134897 -72.916877,-15.134907 -72.916881,-15.134924 -72.916858,-15.134932 -72.916843,-15.13496 -72.916826,-15.134975 -72.916832,-15.134998 -72.916824,-15.135015 -72.916804,-15.135028 -72.916791,-15.135054 -72.916796,-15.135076 -72.916787,-15.135123 -72.916775,-15.135143 -72.916786,-15.135149 -72.916781,-15.135178 -72.916767,-15.135197 -72.916778,-15.135228 -72.916763,-15.135237 -72.916762,-15.135251 -72.916733,-15.135273 -72.916717,-15.135307 -72.916643,-15.135366 -72.91657,-15.135449 -72.916567,-15.135463 -72.916542,-15.135476 -72.916524,-15.135527 -72.916506,-15.13555 -72.916484,-15.135563 -72.916466,-15.135596 -72.916439,-15.135615 -72.916438,-15.135623 -72.916431,-15.135617 -72.916387,-15.135635 -72.916361,-15.135637 -72.916342,-15.135659 -72.916332,-15.135694 -72.916312,-15.135698 -72.916297,-15.135691 -72.916293,-15.135701 -72.916218,-15.135752 -72.9162,-15.135775 -72.916166,-15.135792 -72.916155,-15.135781 -72.916138,-15.135793 -72.916125,-15.135828 -72.916105,-15.135829 -72.916084,-15.135816 -72.91604,-15.135829 -72.915994,-15.135814 -72.915935,-15.135844 -72.915834,-15.135793 -72.915796,-15.135741 -72.915779,-15.135729 -72.915795,-15.135725 -72.915823,-15.135686 -72.91581,-15.135683 -72.915812,-15.135665 -72.91583,-15.135652 -72.915844,-15.135653 -72.915852,-15.135642 -72.915865,-15.135597 -72.915853,-15.135572 -72.915865,-15.135519 -72.915911,-15.135467 -72.915934,-15.135459 -72.915957,-15.135434 -72.915955,-15.135408 -72.915906,-15.135414 -72.915889,-15.135406 -72.915888,-15.135388 -72.915904,-15.135372 -72.915899,-15.135359 -72.915914,-15.135353 -72.915925,-15.135336 -72.915905,-15.135309 -72.915894,-15.135313 -72.915893,-15.135301 -72.915906,-15.135292 -72.915897,-15.13528 -72.915906,-15.135252 -72.915895,-15.135221 -72.915904,-15.135199 -72.915887,-15.135191 -72.915889,-15.135156 -72.915874,-15.135131 -72.915894,-15.135093 -72.915883,-15.135038 -72.915892,-15.134984 -72.91587,-15.134962 -72.915884,-15.134945 -72.91589,-15.134904 -72.915913,-15.134885 -72.91586,-15.134795 -72.915874,-15.13475 -72.915863,-15.13475 -72.915865,-15.134735 -72.915881,-15.134709 -72.915886,-15.134684 -72.915857,-15.134637 -72.915846,-15.134597 -72.915851,-15.134584 -72.915833,-15.134532 -72.915842,-15.134511 -72.91584,-15.134495 -72.915821,-15.134459 -72.915797,-15.134382 -72.915809,-15.134376 -72.915803,-15.134359 -72.915749,-15.134292 -72.915743,-15.13428 -72.915746,-15.134256 -72.91567,-15.134156 -72.915642,-15.134005 -72.915598,-15.133904 -72.915566,-15.133876 -72.915552,-15.133846 -72.915459,-15.133764 -72.915448,-15.133736 -72.91541,-15.133702 -72.915351,-15.133564 -72.915358,-15.133541 -72.915346,-15.133503 -72.91532,-15.133473 -72.915326,-15.133444 -72.915246,-15.133341 -72.915222,-15.133338 -72.915167,-15.13325 -72.915143,-15.133255 -72.915131,-15.133179 -72.915115,-15.133163 -72.915097,-15.133116 -72.915053,-15.133071 -72.915059,-15.133056 -72.91503,-15.133045 -72.915051,-15.133037 -72.915052,-15.132962 -72.915046,-15.132939 -72.915037,-15.132937 -72.915023,-15.132914 -72.915009,-15.132918 -72.914982,-15.132893 -72.914943,-15.132871 -72.914861,-15.132839 -72.914827,-15.132802 -72.914826,-15.132791 -72.914752,-15.132744 -72.914748,-15.132726 -72.914719,-15.132701 -72.914619,-15.132646 -72.91459,-15.132619 -72.914575,-15.132595 -72.91456,-15.132582 -72.914558,-15.132576 -72.914532,-15.132557 -72.914483,-15.132541 -72.91443,-15.132512 -72.914417,-15.132496 -72.914412,-15.132459 -72.914348,-15.132392 -72.914319,-15.132351 -72.91432,-15.132335 -72.914336,-15.132324 -72.914327,-15.132303 -72.914341,-15.132265 -72.91432,-15.132226 -72.914326,-15.132214 -72.914337,-15.132208 -72.914362,-15.132212 -72.914386,-15.132192 -72.914404,-15.132187 -72.914432,-15.13215 -72.914461,-15.132163 -72.914472,-15.132155 -72.91448,-15.13214 -72.914479,-15.132119 -72.914466,-15.132101 -72.91447,-15.132079 -72.914499,-15.132076 -72.914514,-15.132061 -72.914529,-15.132062 -72.914575,-15.132046 -72.914659,-15.13207 -72.914662,-15.132021 -72.914668,-15.132024 -72.914691,-15.131987 -72.914725,-15.131981 -72.914746,-15.131965 -72.914749,-15.131951 -72.914697,-15.131936 -72.914665,-15.131945 -72.914653,-15.131942 -72.914614,-15.131907 -72.914607,-15.13187 -72.914636,-15.131864 -72.914648,-15.131851 -72.914666,-15.131867 -72.914632,-15.131828 -72.914648,-15.131833 -72.914648,-15.131827 -72.914653,-15.131829 -72.914653,-15.131828 -72.91466,-15.131823 -72.914659,-15.131822 -72.914661,-15.131822 -72.914679,-15.131837 -72.914664,-15.131835 -72.914659,-15.13183 -72.914658,-15.131825 -72.914656,-15.13182 -72.914655,-15.131819 -72.914681,-15.131811 -72.914687,-15.131786 -72.914713,-15.131767 -72.914752,-15.131761 -72.914775,-15.131748 -72.914833,-15.131744 -72.914867,-15.131729 -72.914895,-15.131711 -72.914904,-15.131693 -72.914967,-15.131671 -72.915003,-15.131631 -72.914991,-15.131603 -72.914998,-15.131579 -72.915051,-15.131525 -72.915055,-15.131508 -72.915058,-15.131431 -72.915073,-15.13141 -72.915054,-15.131398 -72.915074,-15.131368 -72.915106,-15.131353 -72.915143,-15.131317 -72.915139,-15.131302 -72.915151,-15.131279 -72.915193,-15.131247 -72.915198,-15.131208 -72.915215,-15.131189 -72.915241,-15.131177 -72.915233,-15.131157 -72.915272,-15.131041 -72.915265,-15.131024 -72.915271,-15.131009 -72.915274,-15.13098 -72.91528,-15.130963 -72.915293,-15.130959 -72.915307,-15.130956 -72.91531,-15.130958 -72.915308,-15.130956 -72.915305,-15.130955 -72.915307,-15.130969 -72.9153,-15.130985 -72.91528,-15.130986 -72.915266,-15.130973 -72.915275,-15.130917 -72.915267,-15.130911 -72.915311,-15.130839 -72.915342,-15.130768 -72.915333,-15.13074 -72.915321,-15.130729 -72.915343,-15.130691 -72.915314,-15.130675 -72.91531,-15.13064 -72.915288,-15.130602 -72.915293,-15.130575 -72.915283,-15.130542 -72.915298,-15.130519 -72.915341,-15.130516 -72.915344,-15.130509 -72.915318,-15.130429 -72.915321,-15.1304 -72.91531,-15.130373 -72.915323,-15.130363 -72.91533,-15.130338 -72.915323,-15.130321 -72.915339,-15.130304 -72.915345,-15.130284 -72.915342,-15.13025 -72.915321,-15.13024 -72.915328,-15.130217 -72.91538,-15.130164 -72.915512,-15.130115 -72.915529,-15.130133 -72.915604,-15.130116 -72.915489,-15.130123 -72.91543,-15.130114 -72.915427,-15.130092 -72.915392,-15.13005 -72.915398,-15.130028 -72.915365,-15.129992 -72.915362,-15.129943 -72.915342,-15.129933 -72.915323,-15.129912 -72.915311,-15.129884 -72.915279,-15.129854 -72.915274,-15.129841 -72.91528,-15.129796 -72.91526,-15.129774 -72.915257,-15.129752 -72.915277,-15.129742 -72.915298,-15.129749 -72.915303,-15.129741 -72.915296,-15.129726 -72.915256,-15.129684 -72.91524,-15.129623 -72.915204,-15.129595 -72.915183,-15.129596 -72.915156,-15.129549 -72.915178,-15.129529 -72.915181,-15.129495 -72.91517,-15.129488 -72.915164,-15.129492 -72.915122,-15.129443 -72.915124,-15.129435 -72.915061,-15.129429 -72.915036,-15.129407 -72.915012,-15.129358 -72.914974,-15.129346 -72.914964,-15.129319 -72.914946,-15.129303 -72.914927,-15.129265 -72.914914,-15.12918 -72.914882,-15.129096 -72.914871,-15.129092 -72.914855,-15.129054 -72.914763,-15.128955 -72.91469,-15.128908 -72.914678,-15.128869 -72.914613,-15.128784 -72.914598,-15.128747 -72.914596,-15.128765 -72.914532,-15.128684 -72.914504,-15.128713 -72.91446,-15.128673 -72.91445,-15.128671 -72.914426,-15.128685 -72.914406,-15.128682 -72.914296,-15.128608 -72.914286,-15.12857 -72.914239,-15.128542 -72.914212,-15.128492 -72.91417,-15.128461 -72.914137,-15.128449 -72.914082,-15.12838 -72.914031,-15.128341 -72.913982,-15.128275 -72.913917,-15.128226 -72.913884,-15.128179 -72.913808,-15.128119 -72.913779,-15.128123 -72.913753,-15.128089 -72.913737,-15.128092 -72.913716,-15.128078 -72.913717,-15.128065 -72.913678,-15.128054 -72.913585,-15.12796 -72.913545,-15.127959 -72.913499,-15.127904 -72.913502,-15.127855 -72.913487,-15.127839 -72.913494,-15.127841 -72.913501,-15.12783 -72.913505,-15.127776 -72.913534,-15.127727 -72.913537,-15.127704 -72.913528,-15.127655 -72.913545,-15.127607 -72.913588,-15.127577 -72.913621,-15.127582 -72.913638,-15.127566 -72.913662,-15.127437 -72.913685,-15.127365 -72.913686,-15.127315 -72.913652,-15.127224 -72.913651,-15.127186 -72.913666,-15.127159 -72.91366,-15.127103 -72.913684,-15.12708 -72.913674,-15.127036 -72.91368,-15.127014 -72.91366,-15.126978 -72.913707,-15.127015 -72.913734,-15.127037 -72.91374,-15.127042 -72.913737,-15.127032 -72.913764,-15.12702 -72.913835,-15.127112 -72.913824,-15.127087 -72.913814,-15.127083 -72.913812,-15.127081 -72.913805,-15.127075 -72.913802,-15.127068 -72.913799,-15.127053 -72.913789,-15.127035 -72.913774,-15.127024 -72.913771,-15.127023 -72.91376,-15.127025 -72.913747,-15.127028 -72.913733,-15.127036 -72.913731,-15.127036 -72.913711,-15.127052 -72.913677,-15.127031 -72.913671,-15.127036 -72.913672,-15.127038 -72.913654,-15.127031 -72.913627,-15.127032 -72.913574,-15.126998 -72.91354,-15.127031 -72.913512,-15.127022 -72.913493,-15.127041 -72.91342,-15.127051 -72.91333,-15.127031 -72.913325,-15.127039 -72.913236,-15.127039 -72.913218,-15.12702 -72.913228,-15.127034 -72.913174,-15.127017 -72.913101,-15.126959 -72.913037,-15.126887 -72.913009,-15.126822 -72.912934,-15.126816 -72.912883,-15.126796 -72.912804,-15.126778 -72.912773,-15.126801 -72.912784,-15.126838 -72.912685,-15.126767 -72.912558,-15.126705 -72.912551,-15.126711 -72.912464,-15.126721 -72.912389,-15.12671 -72.912342,-15.126719 -72.912332,-15.126728 -72.912265,-15.126714 -72.912228,-15.126721 -72.912155,-15.126687 -72.91211,-15.126654 -72.91198,-15.126619 -72.911962,-15.12662 -72.911956,-15.126629 -72.911917,-15.126618 -72.911906,-15.126633 -72.911854,-15.126643 -72.911832,-15.126638 -72.911832,-15.12666 -72.911813,-15.126671 -72.911677,-15.126616 -72.911651,-15.126586 -72.911638,-15.126548 -72.911629,-15.126483 -72.911635,-15.12646 -72.911619,-15.126434 -72.911582,-15.12645 -72.911545,-15.126454 -72.911523,-15.126473 -72.911514,-15.126473 -72.911522,-15.126509 -72.911462,-15.126538 -72.911434,-15.126532 -72.911418,-15.126549 -72.911386,-15.126619 -72.911276,-15.126639 -72.911184,-15.126626 -72.911124,-15.126594 -72.9111,-15.126594 -72.911086,-15.126607 -72.911014,-15.126587 -72.910998,-15.126602 -72.910939,-15.126567 -72.910915,-15.126561 -72.91091,-15.126568 -72.910866,-15.126573 -72.910727,-15.126523 -72.910705,-15.126552 -72.91069,-15.126554 -72.910626,-15.126528 -72.910569,-15.12652 -72.910526,-15.126524 -72.910508,-15.126541 -72.910462,-15.126512 -72.910354,-15.126508 -72.910347,-15.126517 -72.910313,-15.126491 -72.91024,-15.126406 -72.910233,-15.126412 -72.91022,-15.126401 -72.910175,-15.126311 -72.91016,-15.126292 -72.910129,-15.126277 -72.910133,-15.126272 -72.910122,-15.126251 -72.910093,-15.126219 -72.910045,-15.126188 -72.910038,-15.126155 -72.909978,-15.126135 -72.910002,-15.126162 -72.910019,-15.126167 -72.910046,-15.12619 -72.910053,-15.126202 -72.910051,-15.126227 -72.910074,-15.126287 -72.910053,-15.126295 -72.910003,-15.126335 -72.909834,-15.126387 -72.909718,-15.126406 -72.909662,-15.126393 -72.909636,-15.126403 -72.9096,-15.126395 -72.90957,-15.126398 -72.909486,-15.126423 -72.90946,-15.126421 -72.909444,-15.126435 -72.909413,-15.126442 -72.909379,-15.12646 -72.90935,-15.126454 -72.90932,-15.126472 -72.90922,-15.126468 -72.909179,-15.126474 -72.909166,-15.126464 -72.90915,-15.126464 -72.909039,-15.126487 -72.908991,-15.126445 -72.908971,-15.12644 -72.908933,-15.126463 -72.908833,-15.126477 -72.90882,-15.12649 -72.908786,-15.126479 -72.908713,-15.126498 -72.908689,-15.126524 -72.908647,-15.126505 -72.908631,-15.126514 -72.9086,-15.126511 -72.908571,-15.126531 -72.908441,-15.126502 -72.908394,-15.126504 -72.908389,-15.126519 -72.908329,-15.126527 -72.908198,-15.126577 -72.908142,-15.126577 -72.90811,-15.126587 -72.908092,-15.126578 -72.908055,-15.126582 -72.908009,-15.126576 -72.907927,-15.126608 -72.907865,-15.126616 -72.907845,-15.126635 -72.907763,-15.126642 -72.907704,-15.126659 -72.90768,-15.126673 -72.90759,-15.12668 -72.907513,-15.126666 -72.907465,-15.126671 -72.907448,-15.126666 -72.907347,-15.126687 -72.907315,-15.126704 -72.907254,-15.126688 -72.907246,-15.126699 -72.907222,-15.126701 -72.907193,-15.126681 -72.907156,-15.126676 -72.90713,-15.126661 -72.907074,-15.126657 -72.907059,-15.126666 -72.907069,-15.126673 -72.907053,-15.126667 -72.907006,-15.126699 -72.906979,-15.126696 -72.906901,-15.12672 -72.906854,-15.126711 -72.906824,-15.126727 -72.906826,-15.12674 -72.906838,-15.126749 -72.906853,-15.126748 -72.906859,-15.126757 -72.906854,-15.126752 -72.90684,-15.12676 -72.90682,-15.126753 -72.90676,-15.126794 -72.906704,-15.126778 -72.906677,-15.126783 -72.906599,-15.12677 -72.90657,-15.126776 -72.906588,-15.12683 -72.906566,-15.126855 -72.906545,-15.126843 -72.906503,-15.12685 -72.906451,-15.126846 -72.906412,-15.126825 -72.906385,-15.126827 -72.906368,-15.126838 -72.906314,-15.12684 -72.906287,-15.126874 -72.906266,-15.126852 -72.906208,-15.126834 -72.90615,-15.126849 -72.906103,-15.126838 -72.90607,-15.126846 -72.906058,-15.126858 -72.906071,-15.126874 -72.906062,-15.126882 -72.906036,-15.126881 -72.906025,-15.126888 -72.906022,-15.126912 -72.906013,-15.126917 -72.906006,-15.126909 -72.906008,-15.126914 -72.906014,-15.126918 -72.90601,-15.126921 -72.906021,-15.126918 -72.906024,-15.126913 -72.906027,-15.126923 -72.906024,-15.126917 -72.906014,-15.126903 -72.906011,-15.126902 -72.90601,-15.126898 -72.905996,-15.126896 -72.906,-15.126914 -72.906014,-15.12693 -72.906015,-15.126934 -72.906017,-15.126936 -72.906017,-15.126937 -72.906017,-15.126937 -72.906017,-15.126937 -72.906018,-15.126939 -72.906019,-15.12694 -72.90602,-15.126941 -72.906022,-15.126943 -72.906021,-15.126943 -72.906018,-15.12694 -72.906018,-15.12694 -72.906019,-15.126937 -72.906021,-15.126931 -72.906023,-15.126929 -72.906024,-15.126932 -72.906023,-15.126934 -72.906022,-15.126934 -72.906019,-15.126937 -72.906013,-15.126941 -72.906006,-15.12695 -72.905998,-15.12701 -72.905985,-15.127032 -72.905972,-15.127036 -72.905969,-15.127048 -72.905898,-15.12702 -72.905866,-15.127023 -72.905783,-15.127131 -72.905787,-15.127153 -72.905732,-15.127151 -72.905705,-15.127114 -72.905674,-15.127122 -72.905656,-15.127117 -72.905644,-15.127128 -72.905679,-15.127146 -72.905681,-15.127133 -72.905673,-15.127134 -72.90568,-15.127137 -72.90569,-15.127138 -72.905701,-15.127148 -72.905714,-15.127194 -72.905718,-15.127265 -72.905738,-15.127325 -72.905735,-15.127337 -72.905691,-15.127345 -72.90565,-15.127338 -72.905635,-15.127376 -72.905595,-15.127387 -72.905573,-15.127404 -72.905531,-15.127478 -72.905552,-15.127491 -72.905569,-15.127494 -72.905577,-15.127487 -72.905604,-15.127506 -72.905605,-15.127556 -72.905613,-15.127569 -72.905606,-15.127631 -72.905592,-15.127668 -72.905566,-15.127703 -72.905566,-15.127732 -72.905545,-15.12777 -72.905538,-15.127831 -72.905502,-15.127889 -72.905479,-15.127909 -72.905474,-15.127927 -72.905482,-15.127962 -72.905468,-15.127966 -72.905456,-15.127997 -72.905429,-15.127996 -72.905397,-15.128044 -72.905384,-15.128049 -72.905372,-15.128089 -72.90538,-15.128116 -72.905369,-15.12812 -72.905357,-15.128146 -72.905347,-15.128195 -72.905334,-15.128218 -72.905315,-15.128217 -72.905287,-15.128246 -72.905257,-15.128307 -72.905237,-15.128326 -72.905227,-15.128353 -72.905237,-15.128473 -72.905223,-15.128497 -72.905222,-15.128522 -72.905207,-15.128538 -72.905192,-15.128574 -72.90517,-15.128685 -72.905144,-15.12869 -72.905131,-15.128703 -72.905129,-15.128726 -72.905101,-15.128731 -72.905027,-15.128726 -72.905014,-15.128714 -72.904995,-15.128715 -72.904953,-15.128699 -72.904922,-15.128754 -72.904886,-15.128784 -72.904848,-15.128797 -72.904748,-15.128776 -72.90465,-15.12878 -72.904625,-15.128796 -72.904617,-15.128813 -72.9046084843067,-15.128817428161</coordinates></LineString></MultiGeometry>
  </Placemark>
</Folder>
</Document></kml>
